# Host: 127.0.0.1  (Version: 5.6.25)
# Date: 2015-09-26 23:05:30
# Generator: MySQL-Front 5.3  (Build 4.205)

/*!40101 SET NAMES latin1 */;

#
# Structure for table "aka_absen"
#

DROP TABLE IF EXISTS `aka_absen`;
CREATE TABLE `aka_absen` (
  `replid` int(10) unsigned NOT NULL AUTO_INCREMENT,
  `siswa` int(10) unsigned NOT NULL,
  `absen` varchar(3) NOT NULL DEFAULT '0',
  `tanggal` date NOT NULL DEFAULT '0000-00-00',
  `keterangan` varchar(100) NOT NULL,
  PRIMARY KEY (`replid`)
) ENGINE=MyISAM AUTO_INCREMENT=11 DEFAULT CHARSET=latin1;

#
# Data for table "aka_absen"
#

/*!40000 ALTER TABLE `aka_absen` DISABLE KEYS */;
INSERT INTO `aka_absen` VALUES (1,1,'H','2014-01-23',''),(2,2,'H','2014-01-23',''),(3,4,'H','2014-01-23',''),(4,1,'H','2014-01-22',''),(5,2,'H','2014-01-22',''),(6,4,'S','2014-01-22',''),(7,7,'H','2015-01-01',''),(8,5,'H','2015-01-01',''),(9,4,'H','2015-01-01',''),(10,2,'H','2015-01-01','');
/*!40000 ALTER TABLE `aka_absen` ENABLE KEYS */;

#
# Structure for table "aka_absen_guru"
#

DROP TABLE IF EXISTS `aka_absen_guru`;
CREATE TABLE `aka_absen_guru` (
  `replid` int(10) unsigned NOT NULL AUTO_INCREMENT,
  `guru` int(10) unsigned NOT NULL,
  `absen` varchar(3) NOT NULL DEFAULT '0',
  `tanggal` date NOT NULL DEFAULT '0000-00-00',
  `keterangan` varchar(100) NOT NULL,
  PRIMARY KEY (`replid`)
) ENGINE=MyISAM AUTO_INCREMENT=5 DEFAULT CHARSET=latin1;

#
# Data for table "aka_absen_guru"
#

/*!40000 ALTER TABLE `aka_absen_guru` DISABLE KEYS */;
INSERT INTO `aka_absen_guru` VALUES (1,2,'H','2014-01-23',''),(2,3,'H','2014-01-23',''),(3,1,'H','2014-01-23',''),(4,4,'H','2014-01-23','');
/*!40000 ALTER TABLE `aka_absen_guru` ENABLE KEYS */;

#
# Structure for table "aka_alumni"
#

DROP TABLE IF EXISTS `aka_alumni`;
CREATE TABLE `aka_alumni` (
  `replid` int(10) unsigned NOT NULL AUTO_INCREMENT,
  `tahunlulus` varchar(4) NOT NULL DEFAULT '0000',
  `siswa` int(10) unsigned NOT NULL,
  `keterangan` varchar(300) NOT NULL,
  PRIMARY KEY (`replid`)
) ENGINE=MyISAM AUTO_INCREMENT=2 DEFAULT CHARSET=latin1;

#
# Data for table "aka_alumni"
#

/*!40000 ALTER TABLE `aka_alumni` DISABLE KEYS */;
INSERT INTO `aka_alumni` VALUES (1,'1',1,'');
/*!40000 ALTER TABLE `aka_alumni` ENABLE KEYS */;

#
# Structure for table "aka_angkatan"
#

DROP TABLE IF EXISTS `aka_angkatan`;
CREATE TABLE `aka_angkatan` (
  `replid` int(10) unsigned NOT NULL AUTO_INCREMENT,
  `angkatan` varchar(10) NOT NULL,
  `departemen` int(10) unsigned NOT NULL,
  `aktif` tinyint(1) unsigned NOT NULL DEFAULT '1',
  `keterangan` varchar(255) DEFAULT NULL,
  `ts` timestamp NOT NULL DEFAULT CURRENT_TIMESTAMP,
  PRIMARY KEY (`replid`),
  KEY `FK_angkatan_departemen` (`departemen`) USING BTREE,
  KEY `IX_angkatan_ts` (`ts`) USING BTREE
) ENGINE=InnoDB AUTO_INCREMENT=12 DEFAULT CHARSET=utf8;

#
# Data for table "aka_angkatan"
#

INSERT INTO `aka_angkatan` VALUES (1,'2013',1,1,'Tahun Ajaran 2013-2014','2014-01-22 23:49:16'),(2,'2014',1,1,'Tahun Ajaran 2014-2015','2014-03-19 04:34:07'),(3,'2013',2,1,'Tahun Ajaran 2013-2014','2014-03-19 04:34:45'),(4,'2014',2,1,'Tahun Ajaran 2014-2015','2014-03-19 04:35:00'),(5,'2013',3,1,'Tahun Ajaran 2013-2014','2014-03-19 04:35:20'),(6,'2014',3,1,'Tahun Ajaran 2014-2015','2014-03-19 04:35:34'),(7,'2015',1,1,'Tahun Ajaran 2015-2016','2014-11-28 23:55:59'),(8,'2016',1,1,'Tahun Ajaran 2016-2017','2015-01-28 08:53:00'),(11,'2015',3,1,'Tahun Ajaran 2015-2015 (epiii)','2015-02-03 09:48:42');

#
# Structure for table "aka_aspekpenilaian"
#

DROP TABLE IF EXISTS `aka_aspekpenilaian`;
CREATE TABLE `aka_aspekpenilaian` (
  `replid` int(10) unsigned NOT NULL AUTO_INCREMENT,
  `aspekpenilaian` varchar(50) NOT NULL,
  `kode` varchar(10) NOT NULL,
  `keterangan` varchar(255) DEFAULT NULL,
  `ts` timestamp NOT NULL DEFAULT CURRENT_TIMESTAMP,
  PRIMARY KEY (`replid`),
  UNIQUE KEY `UX_dasarpenilaian_replid` (`replid`) USING BTREE,
  KEY `IX_dasarpenilaian_ts` (`ts`) USING BTREE
) ENGINE=InnoDB DEFAULT CHARSET=utf8;

#
# Data for table "aka_aspekpenilaian"
#


#
# Structure for table "aka_daftarnilai"
#

DROP TABLE IF EXISTS `aka_daftarnilai`;
CREATE TABLE `aka_daftarnilai` (
  `replid` int(10) unsigned NOT NULL AUTO_INCREMENT,
  `penilaian` int(10) unsigned NOT NULL,
  `siswa` int(10) unsigned NOT NULL,
  `nilai` float NOT NULL DEFAULT '0',
  `keterangan` varchar(100) NOT NULL,
  PRIMARY KEY (`replid`)
) ENGINE=MyISAM DEFAULT CHARSET=latin1;

#
# Data for table "aka_daftarnilai"
#

/*!40000 ALTER TABLE `aka_daftarnilai` DISABLE KEYS */;
/*!40000 ALTER TABLE `aka_daftarnilai` ENABLE KEYS */;

#
# Structure for table "aka_detailkelas"
#

DROP TABLE IF EXISTS `aka_detailkelas`;
CREATE TABLE `aka_detailkelas` (
  `replid` int(11) NOT NULL AUTO_INCREMENT,
  `kelas` int(11) NOT NULL,
  `tahunajaran` int(11) NOT NULL,
  `wali` int(11) NOT NULL,
  PRIMARY KEY (`replid`)
) ENGINE=InnoDB AUTO_INCREMENT=139 DEFAULT CHARSET=latin1;

#
# Data for table "aka_detailkelas"
#

INSERT INTO `aka_detailkelas` VALUES (93,6,3,2),(94,7,3,3),(95,8,3,12),(96,9,3,0),(97,10,3,0),(98,11,3,0),(99,12,3,0),(100,13,3,0),(101,14,3,0),(102,15,3,0),(103,16,3,0),(104,17,3,0),(105,18,3,0),(106,19,3,0),(107,20,3,0),(108,21,3,0),(109,22,3,0),(110,23,3,0),(111,24,3,0),(112,25,3,0),(113,26,3,0),(114,27,3,0),(115,28,3,0),(116,29,3,0),(117,30,3,0),(118,31,3,0),(119,32,3,0),(120,33,3,0),(121,34,3,0),(122,35,3,0),(123,36,3,0),(124,37,3,0),(125,38,3,0),(126,39,3,0),(127,40,3,0),(128,41,3,0),(129,42,3,0),(130,43,3,0),(131,44,3,0),(132,45,3,0),(133,46,3,0),(134,47,3,0),(135,48,3,0),(136,49,3,0),(137,50,3,0),(138,51,3,0);

#
# Structure for table "aka_grading"
#

DROP TABLE IF EXISTS `aka_grading`;
CREATE TABLE `aka_grading` (
  `replid` int(10) unsigned NOT NULL AUTO_INCREMENT,
  `guru` int(10) unsigned NOT NULL,
  `tingkat` int(10) unsigned NOT NULL,
  `pelajaran` int(10) unsigned NOT NULL,
  `aspekpenilaian` int(10) unsigned NOT NULL,
  `nmin` decimal(6,1) NOT NULL,
  `nmax` decimal(6,1) NOT NULL,
  `grading` varchar(2) NOT NULL,
  `ts` timestamp NOT NULL DEFAULT CURRENT_TIMESTAMP,
  PRIMARY KEY (`replid`),
  KEY `FK_aturangrading_pegawai` (`guru`) USING BTREE,
  KEY `FK_aturangrading_tingkat` (`tingkat`) USING BTREE,
  KEY `FK_aturangrading_pelajaran` (`pelajaran`) USING BTREE,
  KEY `FK_aturangrading_dasarpenilaian` (`aspekpenilaian`) USING BTREE,
  KEY `IX_aturangrading_ts` (`ts`) USING BTREE
) ENGINE=InnoDB DEFAULT CHARSET=utf8;

#
# Data for table "aka_grading"
#


#
# Structure for table "aka_grup"
#

DROP TABLE IF EXISTS `aka_grup`;
CREATE TABLE `aka_grup` (
  `replid` int(10) unsigned NOT NULL AUTO_INCREMENT,
  `tahunajaran` int(10) unsigned NOT NULL,
  `nama` varchar(50) NOT NULL,
  `keterangan` varchar(250) NOT NULL,
  `urut` int(10) unsigned NOT NULL DEFAULT '0',
  PRIMARY KEY (`replid`)
) ENGINE=MyISAM DEFAULT CHARSET=latin1;

#
# Data for table "aka_grup"
#

/*!40000 ALTER TABLE `aka_grup` DISABLE KEYS */;
/*!40000 ALTER TABLE `aka_grup` ENABLE KEYS */;

#
# Structure for table "aka_guru"
#

DROP TABLE IF EXISTS `aka_guru`;
CREATE TABLE `aka_guru` (
  `replid` int(10) unsigned NOT NULL AUTO_INCREMENT,
  `tahunajaran` int(10) unsigned NOT NULL DEFAULT '0',
  `kode` varchar(3) NOT NULL,
  `pegawai` int(10) unsigned NOT NULL DEFAULT '0',
  `pelajaran` int(10) unsigned NOT NULL DEFAULT '0',
  `aktif` enum('1','0') NOT NULL DEFAULT '1',
  `keterangan` varchar(255) DEFAULT NULL,
  PRIMARY KEY (`replid`),
  KEY `FK_guru_pegawai` (`pegawai`) USING BTREE
) ENGINE=InnoDB AUTO_INCREMENT=16 DEFAULT CHARSET=utf8;

#
# Data for table "aka_guru"
#

INSERT INTO `aka_guru` VALUES (1,1,'',55,3,'1',''),(2,1,'',145,4,'1',''),(3,1,'',54,1,'1',''),(4,1,'',78,2,'1',''),(5,1,'',18,7,'1',''),(12,2,'',133,9,'1','benny - en'),(13,3,'',158,10,'1','dan - eng'),(14,1,'',124,6,'1',''),(15,3,'',152,10,'1','INGG - ALBERT - 107.');

#
# Structure for table "aka_jadwal"
#

DROP TABLE IF EXISTS `aka_jadwal`;
CREATE TABLE `aka_jadwal` (
  `replid` int(10) unsigned NOT NULL AUTO_INCREMENT,
  `tahunajaran` int(10) unsigned NOT NULL,
  `semester` int(10) unsigned NOT NULL DEFAULT '0',
  `kelas` int(10) unsigned NOT NULL,
  `hari` smallint(5) unsigned NOT NULL,
  `jam` mediumint(8) unsigned NOT NULL,
  `sks` int(10) unsigned NOT NULL,
  `ruang` int(10) unsigned NOT NULL DEFAULT '0',
  PRIMARY KEY (`replid`)
) ENGINE=MyISAM AUTO_INCREMENT=41 DEFAULT CHARSET=latin1;

#
# Data for table "aka_jadwal"
#

/*!40000 ALTER TABLE `aka_jadwal` DISABLE KEYS */;
INSERT INTO `aka_jadwal` VALUES (2,1,0,1,1,1,1,0),(3,1,0,1,1,2,2,0),(4,1,0,1,1,3,13,0),(5,1,0,1,1,4,14,0),(6,1,0,1,2,1,3,0),(7,1,0,1,1,5,25,0),(8,1,0,1,1,6,24,0),(10,1,0,1,2,2,36,0),(11,1,0,1,2,3,38,0),(14,1,0,2,1,2,28,0),(15,1,0,2,2,1,29,0),(16,1,0,2,1,3,39,0),(17,1,0,2,1,4,41,0),(19,1,0,1,1,7,37,0),(20,1,0,1,2,4,26,0),(21,1,0,2,2,4,40,0),(22,1,0,2,2,2,16,0),(23,1,0,2,2,3,15,0),(25,1,0,2,1,6,5,0),(26,1,0,2,1,7,4,0),(27,1,0,3,1,4,7,0),(28,1,0,2,2,5,6,0),(29,1,0,3,1,5,8,0),(30,1,0,3,1,1,44,0),(31,1,0,3,1,2,43,0),(32,1,0,2,1,1,27,0),(34,1,0,5,1,2,176,0),(36,1,0,5,1,5,178,0),(37,1,0,5,1,6,177,0),(39,1,0,5,1,1,179,0),(40,1,0,6,1,7,180,0);
/*!40000 ALTER TABLE `aka_jadwal` ENABLE KEYS */;

#
# Structure for table "aka_jadwal_set"
#

DROP TABLE IF EXISTS `aka_jadwal_set`;
CREATE TABLE `aka_jadwal_set` (
  `replid` int(10) unsigned NOT NULL AUTO_INCREMENT,
  `tahunajaran` int(10) unsigned NOT NULL,
  `hari` int(10) unsigned NOT NULL,
  `jam` int(10) unsigned NOT NULL DEFAULT '0',
  `aktif` smallint(6) NOT NULL DEFAULT '1',
  PRIMARY KEY (`replid`)
) ENGINE=MyISAM AUTO_INCREMENT=71 DEFAULT CHARSET=latin1;

#
# Data for table "aka_jadwal_set"
#

/*!40000 ALTER TABLE `aka_jadwal_set` DISABLE KEYS */;
INSERT INTO `aka_jadwal_set` VALUES (1,1,1,1,1),(2,1,1,2,1),(3,1,1,3,1),(4,1,1,4,1),(5,1,1,5,1),(6,1,1,6,1),(7,1,1,7,1),(8,1,2,1,1),(9,1,2,2,1),(10,1,2,3,1),(11,1,2,4,1),(12,1,2,5,1),(13,1,2,6,1),(14,1,2,7,1),(15,1,3,1,1),(16,1,3,2,1),(17,1,3,3,1),(18,1,3,4,1),(19,1,3,5,1),(20,1,3,6,1),(21,1,3,7,1),(22,1,4,1,1),(23,1,4,2,1),(24,1,4,3,1),(25,1,4,4,1),(26,1,4,5,1),(27,1,4,6,1),(28,1,4,7,1),(29,1,5,1,1),(30,1,5,2,1),(31,1,5,3,1),(32,1,5,4,1),(33,1,5,5,1),(34,1,5,6,1),(35,1,5,7,1),(36,3,1,1,1),(37,3,1,2,1),(38,3,1,3,1),(39,3,1,4,1),(40,3,1,5,1),(41,3,1,6,1),(42,3,1,7,1),(43,3,2,1,1),(44,3,2,2,1),(45,3,2,3,1),(46,3,2,4,1),(47,3,2,5,1),(48,3,2,6,1),(49,3,2,7,1),(50,3,3,1,1),(51,3,3,2,1),(52,3,3,3,1),(53,3,3,4,1),(54,3,3,5,1),(55,3,3,6,1),(56,3,3,7,1),(57,3,4,1,1),(58,3,4,2,1),(59,3,4,3,1),(60,3,4,4,1),(61,3,4,5,1),(62,3,4,6,1),(63,3,4,7,1),(64,3,5,1,1),(65,3,5,2,1),(66,3,5,3,1),(67,3,5,4,1),(68,3,5,5,1),(69,3,5,6,1),(70,3,5,7,1);
/*!40000 ALTER TABLE `aka_jadwal_set` ENABLE KEYS */;

#
# Structure for table "aka_jenismutasi"
#

DROP TABLE IF EXISTS `aka_jenismutasi`;
CREATE TABLE `aka_jenismutasi` (
  `replid` int(10) unsigned NOT NULL AUTO_INCREMENT,
  `nama` varchar(50) NOT NULL,
  PRIMARY KEY (`replid`)
) ENGINE=MyISAM AUTO_INCREMENT=2 DEFAULT CHARSET=latin1;

#
# Data for table "aka_jenismutasi"
#

/*!40000 ALTER TABLE `aka_jenismutasi` DISABLE KEYS */;
INSERT INTO `aka_jenismutasi` VALUES (1,'Pindah sekolah');
/*!40000 ALTER TABLE `aka_jenismutasi` ENABLE KEYS */;

#
# Structure for table "aka_jurnal"
#

DROP TABLE IF EXISTS `aka_jurnal`;
CREATE TABLE `aka_jurnal` (
  `replid` int(10) unsigned NOT NULL AUTO_INCREMENT,
  `guru` int(10) unsigned NOT NULL,
  `pelajaran` int(10) unsigned NOT NULL,
  `kelas` int(10) unsigned NOT NULL,
  `tanggal` date NOT NULL DEFAULT '0000-00-00',
  `keterangan` text NOT NULL,
  PRIMARY KEY (`replid`)
) ENGINE=MyISAM DEFAULT CHARSET=latin1;

#
# Data for table "aka_jurnal"
#

/*!40000 ALTER TABLE `aka_jurnal` DISABLE KEYS */;
/*!40000 ALTER TABLE `aka_jurnal` ENABLE KEYS */;

#
# Structure for table "aka_kegiatan"
#

DROP TABLE IF EXISTS `aka_kegiatan`;
CREATE TABLE `aka_kegiatan` (
  `replid` int(10) unsigned NOT NULL AUTO_INCREMENT,
  `tahunajaran` int(10) unsigned NOT NULL,
  `tanggal1` date NOT NULL DEFAULT '0000-00-00',
  `tanggal2` date NOT NULL DEFAULT '0000-00-00',
  `efektif` tinyint(3) unsigned NOT NULL DEFAULT '1',
  `keterangan` text NOT NULL,
  PRIMARY KEY (`replid`)
) ENGINE=MyISAM AUTO_INCREMENT=4 DEFAULT CHARSET=latin1;

#
# Data for table "aka_kegiatan"
#

/*!40000 ALTER TABLE `aka_kegiatan` DISABLE KEYS */;
INSERT INTO `aka_kegiatan` VALUES (1,1,'2014-07-15','0000-00-00',1,'Hari pertama masuk tahun ajaran 2014-2015'),(3,1,'2014-12-25','0000-00-00',1,'Merry Christmas');
/*!40000 ALTER TABLE `aka_kegiatan` ENABLE KEYS */;

#
# Structure for table "aka_kelas"
#

DROP TABLE IF EXISTS `aka_kelas`;
CREATE TABLE `aka_kelas` (
  `replid` int(10) unsigned NOT NULL AUTO_INCREMENT,
  `departemen` int(11) NOT NULL,
  `kelas` varchar(100) NOT NULL,
  `subtingkat` int(10) NOT NULL,
  `kapasitas` int(10) unsigned NOT NULL DEFAULT '0',
  `keterangan` varchar(255) DEFAULT NULL,
  `ts` timestamp NOT NULL DEFAULT CURRENT_TIMESTAMP,
  PRIMARY KEY (`replid`),
  KEY `IX_kelas_ts` (`ts`) USING BTREE
) ENGINE=InnoDB AUTO_INCREMENT=52 DEFAULT CHARSET=utf8;

#
# Data for table "aka_kelas"
#

INSERT INTO `aka_kelas` VALUES (6,1,'A',4,20,'-','2015-08-19 17:37:04'),(7,1,'B',4,20,'-','2015-08-19 17:45:58'),(8,1,'1',5,20,'-\r\n','2015-08-19 17:46:22'),(9,1,'2',5,20,'-','2015-08-19 17:46:42'),(10,1,'1',6,20,'-','2015-08-19 17:47:42'),(11,1,'2',6,20,'-','2015-08-19 17:47:58'),(12,1,'1',7,20,'-','2015-08-19 17:48:12'),(13,1,'2',7,20,'-','2015-08-19 17:48:27'),(14,1,'1',8,20,'-','2015-08-19 17:48:48'),(15,1,'2',8,20,'-','2015-08-19 17:49:03'),(16,1,'A',9,20,'','2015-08-19 17:49:20'),(17,1,'B',9,20,'','2015-08-19 17:49:35'),(18,1,'C',9,20,'','2015-08-19 17:50:02'),(19,1,'A',10,20,'','2015-08-19 17:50:16'),(20,1,'B',10,20,'','2015-08-19 17:50:27'),(21,1,'C',10,20,'','2015-08-19 17:50:58'),(22,1,'A',11,20,'','2015-08-19 17:51:14'),(23,1,'B',11,20,'','2015-08-19 17:51:27'),(24,1,'C',11,20,'','2015-08-19 17:51:39'),(25,1,'A',12,20,'','2015-08-19 17:52:01'),(26,1,'B',12,20,'','2015-08-19 17:52:15'),(27,1,'C',12,20,'','2015-08-19 17:52:30'),(28,1,'A',13,20,'','2015-08-19 17:52:47'),(29,1,'B',13,20,'','2015-08-19 17:52:59'),(30,1,'C',13,20,'','2015-08-19 17:53:10'),(31,1,'A',14,20,'','2015-08-19 17:53:28'),(32,1,'B',14,20,'','2015-08-19 17:53:41'),(33,1,'C',14,20,'','2015-08-19 17:53:55'),(34,1,'A',15,20,'','2015-08-19 17:54:07'),(35,1,'B',15,20,'','2015-08-19 17:55:27'),(36,1,'C',15,20,'','2015-08-19 18:01:27'),(37,1,'A',16,20,'','2015-08-19 18:02:14'),(38,1,'3',16,20,'','2015-08-19 18:02:44'),(39,1,'C',16,20,'','2015-08-19 18:03:07'),(40,1,'A',17,20,'','2015-08-19 18:03:45'),(41,1,'B',17,20,'','2015-08-19 18:05:12'),(42,1,'C',17,20,'','2015-08-19 18:05:26'),(43,1,'A',18,20,'','2015-08-19 18:05:38'),(44,1,'B',18,20,'','2015-08-19 18:05:56'),(45,1,'C',18,20,'','2015-08-19 18:07:24'),(46,1,'A',19,20,'','2015-08-19 18:07:39'),(47,1,'B',19,20,'','2015-08-19 18:07:49'),(48,1,'C',19,20,'','2015-08-19 18:08:12'),(49,1,'A',20,20,'','2015-08-19 18:08:27'),(50,1,'B',20,20,'','2015-08-19 18:08:36'),(51,1,'C',20,20,'','2015-08-19 18:08:45');

#
# Structure for table "aka_komennilai"
#

DROP TABLE IF EXISTS `aka_komennilai`;
CREATE TABLE `aka_komennilai` (
  `replid` int(10) unsigned NOT NULL AUTO_INCREMENT,
  `siswa` int(10) unsigned NOT NULL,
  `pelajaran` int(10) unsigned NOT NULL,
  `komen` varchar(300) NOT NULL,
  PRIMARY KEY (`replid`)
) ENGINE=MyISAM DEFAULT CHARSET=latin1;

#
# Data for table "aka_komennilai"
#

/*!40000 ALTER TABLE `aka_komennilai` DISABLE KEYS */;
/*!40000 ALTER TABLE `aka_komennilai` ENABLE KEYS */;

#
# Structure for table "aka_komenrapor"
#

DROP TABLE IF EXISTS `aka_komenrapor`;
CREATE TABLE `aka_komenrapor` (
  `replid` int(10) unsigned NOT NULL AUTO_INCREMENT,
  `tahunajaran` int(10) unsigned NOT NULL,
  `siswa` int(10) unsigned NOT NULL,
  `komen` varchar(300) NOT NULL,
  PRIMARY KEY (`replid`)
) ENGINE=MyISAM DEFAULT CHARSET=latin1;

#
# Data for table "aka_komenrapor"
#

/*!40000 ALTER TABLE `aka_komenrapor` DISABLE KEYS */;
/*!40000 ALTER TABLE `aka_komenrapor` ENABLE KEYS */;

#
# Structure for table "aka_mutasi"
#

DROP TABLE IF EXISTS `aka_mutasi`;
CREATE TABLE `aka_mutasi` (
  `replid` int(10) unsigned NOT NULL AUTO_INCREMENT,
  `departemen` int(10) unsigned NOT NULL DEFAULT '0',
  `jenismutasi` int(10) unsigned NOT NULL,
  `siswa` int(10) unsigned NOT NULL,
  `tanggal` date NOT NULL DEFAULT '0000-00-00',
  `keterangan` varchar(500) NOT NULL,
  PRIMARY KEY (`replid`)
) ENGINE=MyISAM AUTO_INCREMENT=2 DEFAULT CHARSET=latin1;

#
# Data for table "aka_mutasi"
#

/*!40000 ALTER TABLE `aka_mutasi` DISABLE KEYS */;
/*!40000 ALTER TABLE `aka_mutasi` ENABLE KEYS */;

#
# Structure for table "aka_pelajaran"
#

DROP TABLE IF EXISTS `aka_pelajaran`;
CREATE TABLE `aka_pelajaran` (
  `replid` int(10) unsigned NOT NULL AUTO_INCREMENT,
  `tahunajaran` int(10) unsigned NOT NULL,
  `kode` varchar(20) NOT NULL,
  `nama` varchar(50) NOT NULL,
  `skm` float NOT NULL DEFAULT '0',
  `keterangan` varchar(255) DEFAULT NULL,
  PRIMARY KEY (`replid`)
) ENGINE=InnoDB AUTO_INCREMENT=11 DEFAULT CHARSET=utf8;

#
# Data for table "aka_pelajaran"
#

INSERT INTO `aka_pelajaran` VALUES (1,1,'FIS','Fisika',70,''),(2,1,'MAT','Matematika',70,''),(3,1,'BIO','Biologi',70,''),(4,1,'EKO','Ekonomi',65,''),(5,1,'AGA','Agama',70,''),(6,1,'KIM','Kimia',70,''),(7,1,'ENG','English',70,''),(8,2,'AGA','Agama',70,''),(9,2,'ENG','English',70,''),(10,3,'ING','Inggris',0,'');

#
# Structure for table "aka_penilaian"
#

DROP TABLE IF EXISTS `aka_penilaian`;
CREATE TABLE `aka_penilaian` (
  `replid` int(10) unsigned NOT NULL AUTO_INCREMENT,
  `guru` int(10) unsigned NOT NULL,
  `pelajaran` int(10) unsigned NOT NULL,
  `kelas` int(10) unsigned NOT NULL,
  `nama` varchar(50) NOT NULL,
  `kode` varchar(20) NOT NULL,
  `kkm` float NOT NULL DEFAULT '70',
  `bobot` float NOT NULL DEFAULT '1',
  `keterangan` varchar(255) DEFAULT NULL,
  PRIMARY KEY (`replid`)
) ENGINE=InnoDB DEFAULT CHARSET=utf8;

#
# Data for table "aka_penilaian"
#


#
# Structure for table "aka_rpp"
#

DROP TABLE IF EXISTS `aka_rpp`;
CREATE TABLE `aka_rpp` (
  `replid` int(10) unsigned NOT NULL AUTO_INCREMENT,
  `guru` int(10) unsigned NOT NULL,
  `tingkat` int(10) unsigned NOT NULL,
  `pelajaran` int(10) unsigned NOT NULL,
  `unit` varchar(100) NOT NULL,
  `deskripsi` text,
  PRIMARY KEY (`replid`),
  KEY `FK_rpp_tingkat` (`tingkat`) USING BTREE,
  KEY `FK_rpp_pelajaran` (`pelajaran`) USING BTREE
) ENGINE=InnoDB DEFAULT CHARSET=utf8;

#
# Data for table "aka_rpp"
#


#
# Structure for table "aka_ruang"
#

DROP TABLE IF EXISTS `aka_ruang`;
CREATE TABLE `aka_ruang` (
  `replid` int(10) unsigned NOT NULL AUTO_INCREMENT,
  `departemen` int(10) unsigned NOT NULL,
  `kode` varchar(20) NOT NULL,
  `nama` varchar(100) NOT NULL,
  `keterangan` varchar(200) NOT NULL,
  PRIMARY KEY (`replid`)
) ENGINE=MyISAM DEFAULT CHARSET=latin1;

#
# Data for table "aka_ruang"
#

/*!40000 ALTER TABLE `aka_ruang` DISABLE KEYS */;
/*!40000 ALTER TABLE `aka_ruang` ENABLE KEYS */;

#
# Structure for table "aka_semester"
#

DROP TABLE IF EXISTS `aka_semester`;
CREATE TABLE `aka_semester` (
  `replid` int(10) unsigned NOT NULL AUTO_INCREMENT,
  `nama` varchar(50) NOT NULL,
  `tahunajaran` int(10) unsigned NOT NULL,
  `aktif` enum('1','0') NOT NULL DEFAULT '1',
  `keterangan` varchar(255) DEFAULT NULL,
  `urut` int(11) unsigned NOT NULL DEFAULT '1',
  PRIMARY KEY (`replid`),
  KEY `FK_semester_departemen` (`tahunajaran`) USING BTREE
) ENGINE=InnoDB AUTO_INCREMENT=7 DEFAULT CHARSET=utf8;

#
# Data for table "aka_semester"
#

INSERT INTO `aka_semester` VALUES (1,'Ganjil',1,'0','Juli-Desember',1),(2,'Genap',1,'1','Januari-Juni',2),(3,'Ganjil',2,'0','Juli-Desember',3),(4,'Genap',2,'1','Januari-Juni',4),(5,'Ganjil',3,'0','Juli-Desember',5),(6,'Genap',3,'1','Januari-Juni',6);

#
# Structure for table "aka_setting"
#

DROP TABLE IF EXISTS `aka_setting`;
CREATE TABLE `aka_setting` (
  `replid` int(10) unsigned NOT NULL AUTO_INCREMENT,
  `kunci` char(6) NOT NULL,
  `nilai` varchar(200) NOT NULL,
  PRIMARY KEY (`replid`)
) ENGINE=MyISAM DEFAULT CHARSET=latin1;

#
# Data for table "aka_setting"
#

/*!40000 ALTER TABLE `aka_setting` DISABLE KEYS */;
/*!40000 ALTER TABLE `aka_setting` ENABLE KEYS */;

#
# Structure for table "aka_siswa"
#

DROP TABLE IF EXISTS `aka_siswa`;
CREATE TABLE `aka_siswa` (
  `replid` int(10) unsigned NOT NULL AUTO_INCREMENT,
  `nopendaftaran` varchar(20) NOT NULL,
  `noformulir` varchar(20) DEFAULT NULL,
  `nama` varchar(100) NOT NULL,
  `nis` varchar(100) NOT NULL,
  `nisn` varchar(100) NOT NULL,
  `angkatan` int(10) unsigned NOT NULL DEFAULT '0',
  `panggilan` varchar(30) DEFAULT NULL,
  `aktif` tinyint(3) unsigned NOT NULL DEFAULT '1',
  `tahunmasuk` int(10) unsigned NOT NULL,
  `sekolahasal` varchar(100) NOT NULL,
  `proses` int(10) unsigned NOT NULL DEFAULT '0',
  `kelompok` int(10) unsigned NOT NULL DEFAULT '0',
  `kriteria` int(10) unsigned NOT NULL DEFAULT '0',
  `golongan` int(10) unsigned NOT NULL DEFAULT '0',
  `suku` int(10) unsigned NOT NULL DEFAULT '0',
  `agama` int(10) unsigned NOT NULL DEFAULT '0',
  `status` int(10) unsigned NOT NULL DEFAULT '0',
  `kondisi` int(10) unsigned NOT NULL DEFAULT '0',
  `kelamin` varchar(1) NOT NULL,
  `tmplahir` varchar(50) NOT NULL,
  `tgllahir` date NOT NULL,
  `warga` varchar(5) DEFAULT NULL,
  `anakke` tinyint(2) unsigned DEFAULT '0',
  `jsaudara` tinyint(2) unsigned DEFAULT '0',
  `bahasa` varchar(60) DEFAULT NULL,
  `berat` decimal(4,1) unsigned DEFAULT '0.0',
  `tinggi` decimal(4,1) unsigned DEFAULT '0.0',
  `darah` varchar(2) DEFAULT NULL,
  `photo` blob NOT NULL,
  `alamat` varchar(255) DEFAULT NULL,
  `kodepos` varchar(8) DEFAULT NULL,
  `telpon` varchar(20) DEFAULT NULL,
  `pinbb` varchar(20) DEFAULT NULL,
  `email` varchar(100) DEFAULT NULL,
  `kesehatan` varchar(300) DEFAULT NULL,
  `ketkesehatan` varchar(300) NOT NULL,
  `asalsekolah` varchar(100) DEFAULT NULL,
  `ketsekolah` varchar(255) DEFAULT NULL,
  `diterimadikelas` varchar(25) DEFAULT NULL,
  `ijazah` varchar(55) DEFAULT NULL,
  `keterangan` text,
  `sumpokok` decimal(10,0) DEFAULT '0',
  `sumnet` decimal(10,0) NOT NULL DEFAULT '0',
  `disctb` decimal(10,0) DEFAULT '0',
  `discsaudara` decimal(10,0) DEFAULT '0',
  `disctunai` decimal(10,0) DEFAULT '0',
  `disctotal` decimal(10,0) NOT NULL DEFAULT '0',
  `denda` decimal(10,0) DEFAULT '0',
  `angsuran` decimal(10,0) NOT NULL DEFAULT '0',
  `jmlangsur` int(10) unsigned NOT NULL DEFAULT '1',
  `sppbulan` decimal(10,0) NOT NULL DEFAULT '0',
  `grup` int(10) unsigned NOT NULL DEFAULT '0',
  `ujian1` decimal(5,2) NOT NULL DEFAULT '0.00',
  `ujian2` decimal(5,2) NOT NULL DEFAULT '0.00',
  `ujian3` decimal(5,2) NOT NULL DEFAULT '0.00',
  `ts` timestamp NOT NULL DEFAULT CURRENT_TIMESTAMP,
  `rekening` varchar(50) NOT NULL,
  `namabank` varchar(100) NOT NULL,
  PRIMARY KEY (`replid`)
) ENGINE=InnoDB AUTO_INCREMENT=734 DEFAULT CHARSET=utf8;

#
# Data for table "aka_siswa"
#

INSERT INTO `aka_siswa` VALUES (1,'PSB2013140001','','Dewi Artika Sari','1001','BCD20131001',1,'',2,0,'',1,1,1,1,0,0,1,0,'P','','0000-00-00','',0,0,'',0.0,0.0,'-',X'','','','','','','','','','','','','',10000000,10000000,0,0,0,0,0,10000000,1,1000000,0,0.00,0.00,0.00,'2014-01-23 03:25:01','',''),(2,'PSB2013140002','','Raden Aditya Putra','1002','BCD20131002',1,'',1,0,'',1,1,1,1,0,0,1,0,'L','','0000-00-00','',0,0,'',0.0,0.0,'-',X'','','','','','','','','','','','','',10000000,10000000,0,0,0,0,0,10000000,1,1000000,0,0.00,0.00,0.00,'2014-01-23 03:25:07','',''),(4,'PSB2013140003','','Firman Agung Satria','1003','BCD20131003',1,'',1,0,'',1,1,1,1,0,0,1,0,'L','','0000-00-00','',0,0,'',0.0,0.0,'-',X'','','','','','','','','','','','','',10000000,10000000,0,0,0,0,0,10000000,1,1000000,0,0.00,0.00,0.00,'2014-01-23 03:25:28','',''),(5,'PSB2013140004','','Adinda Irtya Mahardika','1004','BCD20131004',1,'',1,0,'',1,1,1,1,0,0,1,0,'P','','0000-00-00','',0,0,'',0.0,0.0,'-',X'','','','','','','','','','','','','',10000000,10000000,0,0,0,0,0,10000000,1,1000000,0,0.00,0.00,0.00,'2014-01-23 03:25:34','',''),(7,'PSB2013140005','','Abraham Lionel Sam','1005','BCD20131005',1,'',1,0,'',1,1,1,1,0,0,1,0,'L','','0000-00-00','',0,0,'',0.0,0.0,'-',X'','','','','','','','','','','','','',10000000,10000000,0,0,0,0,0,10000000,1,1000000,0,0.00,0.00,0.00,'2014-01-23 03:32:34','',''),(10,'PMB2014140001','','Kaitlynn Tiffany L.','123','123',0,'',1,0,'',2,2,1,2,0,0,1,0,'P','Surabaya','2012-11-10','',0,0,'',0.0,0.0,'-',X'','Delta Raya IV/12 Sidoarjo','','0811909765','','','','','','','','','',0,0,0,0,5,5,0,100,1,500000,0,0.00,0.00,0.00,'2014-12-09 03:03:40','',''),(13,'PMB2014150138','','tes rungkut','99','99',0,'',1,0,'',3,5,1,1,0,0,1,0,'L','','0000-00-00','',0,0,'',0.0,0.0,'-',X'','','','','','','','','','','','','',0,0,0,0,5,0,0,0,1,0,0,0.00,0.00,0.00,'2015-01-26 06:01:08','',''),(14,'PMB2014150141','','Ezell Dean Nugroho','P.393','P.393',0,'',1,0,'',2,25,1,2,0,5,1,0,'L','Surabaya','2011-11-28','',0,0,'',0.0,0.0,'-',X'','Woodland WL 11 / 70 Citraland','','03160760758','','','','','','','','','',0,0,0,0,5,0,0,0,1,0,0,0.00,0.00,0.00,'2015-01-26 09:06:15','',''),(15,'PMB2014150145','','Jane Evangeline Lee','P.394','P.394',0,'',1,0,'',2,25,1,2,0,5,1,0,'P','Surabaya','2012-09-10','',0,0,'',0.0,0.0,'-',X'','Graha Family o-111','','0317324653','','','','','','','','','',0,0,0,0,5,0,0,0,1,0,0,0.00,0.00,0.00,'2015-01-26 09:06:30','',''),(16,'PMB2014150146','','Kayla Aprillia Tanujaya','P.395','P.395',0,'',1,0,'',2,25,1,1,0,5,1,0,'P','Surabaya','2012-03-22','',0,0,'',0.0,0.0,'-',X'','Satelit Indah IX / GN-18','','0317312413','','','','','','','','','',0,0,0,0,5,0,0,0,1,0,0,0.00,0.00,0.00,'2015-01-26 09:06:40','',''),(17,'PMB2014150147','','Luke Caesar Njoto Imanuel','P.396','P.396',0,'',1,0,'',2,25,1,2,0,5,1,0,'L','Surabaya','2012-05-14','',0,0,'',0.0,0.0,'-',X'','Petemon I / 97','','','','','','','','','','','',0,0,0,0,5,0,0,0,1,0,0,0.00,0.00,0.00,'2015-01-26 09:06:50','',''),(18,'PMB2014150148','','Sean Kennard Sebastian Ho','P.397','P.397',0,'',1,0,'',2,25,1,2,0,5,1,0,'L','Surabaya','2012-05-07','',0,0,'',0.0,0.0,'-',X'','Ngagel Jaya Selatan E-28','','0317322771','','','','','','','','','',0,0,0,0,5,0,0,0,1,0,0,0.00,0.00,0.00,'2015-01-26 09:07:00','',''),(19,'PMB2014150149','','Trevor Yongnardi','P.398','P.398',0,'',1,0,'',2,25,1,2,0,4,1,0,'L','Surabaya','2011-10-10','',0,0,'',0.0,0.0,'-',X'','Darmo Indah Timur G-59','','0317311149','','','','','','','','','',0,0,0,0,5,0,0,0,1,0,0,0.00,0.00,0.00,'2015-01-26 09:07:22','',''),(20,'PMB2014150150','','Victoria Jolyn Wu','P.399','P.399',0,'',1,0,'',2,25,1,2,0,4,1,0,'P','Surabaya','2012-07-07','',0,0,'',0.0,0.0,'-',X'','Griya Babatan Mukti C-11','','0317530363','','','','','','','','','',0,0,0,0,5,0,0,0,1,0,0,0.00,0.00,0.00,'2015-01-26 09:07:31','',''),(21,'PMB2014140008','','Sean Kennard Sebastian Ho','123','123kpl',2,'',1,0,'',2,2,0,2,0,5,1,0,'L','Surabaya','2012-05-07','',0,0,'',0.0,0.0,'-',X'','Ngagel Jaya Selatan E28 Surabaya','','085706331688','','','','','','','','','',14000000,11304995,2100000,595000,5,2695005,0,11305000,1,1000000,0,0.00,0.00,0.00,'2015-01-27 08:38:20','',''),(22,'PMB2014150218','','Abigail Evangelista Hertanto','599','0079559673',0,'',1,0,'',3,5,5,2,0,5,1,0,'P','Surabaya','2008-05-11','',0,0,'',0.0,0.0,'-',X'','Manyar Adi 2/3 Sby','','','','','','','','','','','',22500000,21375000,0,0,5,1125000,0,21375000,1,1500000,0,0.00,0.00,0.00,'2015-01-27 09:00:24','',''),(23,'PMB2014150219','','Axel Maynard Abdi','614','0075393894',0,'',1,0,'',3,5,5,2,0,5,1,0,'L','Surabaya','2008-06-16','',0,0,'',0.0,0.0,'-',X'','Penjaringan Sari II/40','','','','','','','','','','','',22500000,21375000,0,0,5,1125000,0,21375000,1,1500000,0,0.00,0.00,0.00,'2015-01-27 09:00:44','',''),(24,'PMB2014150220','','Catherine Sharon Ohana Kohartono','602','0078712681',0,'',1,0,'',3,5,5,2,0,4,1,0,'P','Surabaya','2007-08-13','',0,0,'',0.0,0.0,'-',X'','Dinoyo Tangsi I/20','','','','','','','','','','','',22500000,21375000,0,0,5,1125000,0,21375000,1,1500000,0,0.00,0.00,0.00,'2015-01-27 09:00:58','',''),(25,'PMB2014150221','','Cruz Sia','617','0061485435',0,'',1,0,'',3,5,5,2,0,5,1,0,'L','Surabaya','2006-11-05','',0,0,'',0.0,0.0,'-',X'','Galaxy Bumi Permai I-3/12','','','','','','','','','','','',22500000,21375000,0,0,5,1125000,0,21375000,1,1500000,0,0.00,0.00,0.00,'2015-01-27 09:01:14','',''),(26,'PMB2014150222','','Hieronimus Gilbert','605','0066889852',0,'',1,0,'',3,5,5,2,0,5,1,0,'L','Surabaya','2006-11-11','',0,0,'',0.0,0.0,'-',X'','Bendul Merisi IX/67','','','','','','','','','','','',22500000,21375000,0,0,5,1125000,0,21375000,1,1500000,0,0.00,0.00,0.00,'2015-01-27 09:01:31','',''),(28,'PMB2014150224','','Jackie Muniaga','631','0073774436',0,'',1,0,'',3,5,5,2,0,1,1,0,'L','Jakarta','2007-07-31','',0,0,'',0.0,0.0,'-',X'','Parang Barong 19A','','','','','','','','','','','',22500000,21375000,0,0,5,1125000,0,21375000,1,1500000,0,0.00,0.00,0.00,'2015-01-27 09:02:12','',''),(29,'PMB2014150225','','Jessica','620','0067970363',0,'',1,0,'',3,5,1,1,0,5,1,0,'P','Surabaya','2006-12-14','',0,0,'',0.0,0.0,'-',X'','Prapen Indah Timur IV/AA-49','','','','','','','','','','','',0,0,0,0,5,0,0,0,1,0,0,0.00,0.00,0.00,'2015-01-27 09:02:28','',''),(30,'PMB2014150226','','Jesslyn Chrysler Hung','621','0075699432',0,'',1,0,'',3,5,5,2,0,5,1,0,'P','Surabaya','2007-11-28','',0,0,'',0.0,0.0,'-',X'','Sinar Gedangan A-3a, Sda','','','','','','','','','','','',22500000,21375000,0,0,5,1125000,0,21375000,1,1500000,0,0.00,0.00,0.00,'2015-01-27 09:02:45','',''),(31,'PMB2014150227','','Jonathan Jordan Dave','608','0073850675',0,'',1,0,'',3,5,5,2,0,5,1,0,'L','Surabaya','2007-05-03','',0,0,'',0.0,0.0,'-',X'','Baruk Tengah XII/CC-107','','','','','','','','','','','',22500000,21375000,0,0,5,1125000,0,21375000,1,1500000,0,0.00,0.00,0.00,'2015-01-27 09:03:02','',''),(32,'PMB2014150233','','Jophelia Christabel Thomas','609','0074689377',0,'',1,0,'',3,5,5,2,0,5,1,0,'P','Surabaya','2007-09-18','',0,0,'',0.0,0.0,'-',X'','Nginden Intan Timur VI / 67','','','','','','','','','','','',22500000,21375000,0,0,5,1125000,0,21375000,1,1500000,0,0.00,0.00,0.00,'2015-01-27 09:03:18','',''),(33,'PMB2014150234','','Joycelyn Kezia','610','0079716660',0,'',1,0,'',3,5,5,2,0,5,1,0,'P','Surabaya','2007-05-06','',0,0,'',0.0,0.0,'-',X'','Kalikepiting III/17','','','','','','','','','','','',22500000,21375000,0,0,5,1125000,0,21375000,1,1500000,0,0.00,0.00,0.00,'2015-01-27 09:03:36','',''),(34,'PMB2014150235','','Kevin Keane','625','0072946412',0,'',1,0,'',3,5,5,2,0,5,1,0,'L','Surabaya','2007-01-30','',0,0,'',0.0,0.0,'-',X'','Kutisari Indah Utara VI/10','','','','','','','','','','','',22500000,21375000,0,0,5,1125000,0,21375000,1,1500000,0,0.00,0.00,0.00,'2015-01-27 09:03:57','',''),(35,'PMB2014150236','','Michelle Dominique','626','0078220179',0,'',1,0,'',3,5,5,2,0,5,1,0,'P','Balikpapan','2007-07-05','',0,0,'',0.0,0.0,'-',X'','Panjang Jiwo Permai I - 17','','','','','','','','','','','',22500000,21375000,0,0,5,1125000,0,21375000,1,1500000,0,0.00,0.00,0.00,'2015-01-27 09:04:11','',''),(36,'PMB2014150237','','Ray Thadeus Lee','612','0074306295',0,'',1,0,'',3,5,5,2,0,5,1,0,'L','Surabaya','2007-08-09','',0,0,'',0.0,0.0,'-',X'','Doho No. 4','','','','','','','','','','','',22500000,21375000,0,0,5,1125000,0,21375000,1,1500000,0,0.00,0.00,0.00,'2015-01-27 09:04:29','',''),(37,'PMB2014150238','','Shannon Audrey','627','0074349857',0,'',1,0,'',3,5,5,2,0,4,1,0,'P','Surabaya','2007-03-13','',0,0,'',0.0,0.0,'-',X'','Baruk Utara 15/12 ND-117','','','','','','','','','','','',22500000,21375000,0,0,5,1125000,0,21375000,1,1500000,0,0.00,0.00,0.00,'2015-01-27 09:04:50','',''),(38,'PMB2014150239','','Aileen Christy Elysia','600','0077420388',0,'',1,0,'',3,5,5,2,0,5,1,0,'P','Surabaya','2007-10-20','',0,0,'',0.0,0.0,'-',X'','Wedoro Regency 19 Waru, Sda','','','','','','','','','','','',22500000,21375000,0,0,5,1125000,0,21375000,1,1500000,0,0.00,0.00,0.00,'2015-01-27 09:05:19','',''),(39,'PMB2014150240','','Beatrice Wiryawan','615','0072842803',0,'',1,0,'',3,5,5,2,0,5,1,0,'P','Surabaya','2007-04-14','',0,0,'',0.0,0.0,'-',X'','Manyar Tirtoasri 4 /16','','','','','','','','','','','',22500000,21375000,0,0,5,1125000,0,21375000,1,1500000,0,0.00,0.00,0.00,'2015-01-27 09:05:34','',''),(40,'PMB2014150241','','Caitlyn Gunawan','601','0078974731',0,'',1,0,'',3,5,5,2,0,4,1,0,'L','Surabaya','2007-05-08','',0,0,'',0.0,0.0,'-',X'','Medokan Ayu II/O-18','','','','','','','','','','','',22500000,21375000,0,0,5,1125000,0,21375000,1,1500000,0,0.00,0.00,0.00,'2015-01-27 09:05:46','',''),(41,'PMB2014150242','','Christiansen Cruz Adiwinata','616','0072550973',0,'',1,0,'',3,5,5,2,0,5,1,0,'L','Surabaya','2007-01-29','',0,0,'',0.0,0.0,'-',X'','Taman Wiguna Timur Regency 37','','','','','','','','','','','',22500000,21375000,0,0,5,1125000,0,21375000,1,1500000,0,0.00,0.00,0.00,'2015-01-27 09:06:02','',''),(42,'PMB2014150243','','Gabriel Wilson Tejokusumo','604','0077372829',0,'',1,0,'',3,5,5,2,0,5,1,0,'L','Surabaya','2007-10-27','',0,0,'',0.0,0.0,'-',X'','Kertajaya Indah VII/II (G 120)','','70612238','','','','','','','','','',22500000,21375000,0,0,5,1125000,0,21375000,1,1500000,0,0.00,0.00,0.00,'2015-01-27 09:06:16','',''),(43,'PMB2014150244','','Gavriella Angeline','618','0073276556',0,'',1,0,'',3,5,5,2,0,5,1,0,'P','Surabaya','2007-07-09','',0,0,'',0.0,0.0,'-',X'','','','','','','','','','','','','',22500000,21375000,0,0,5,1125000,0,21375000,1,1500000,0,0.00,0.00,0.00,'2015-01-27 09:06:31','',''),(45,'PMB2015150001','','Geraldine Cyrilla Anthony Liem','99','212',6,'',1,0,'',8,24,9,2,0,5,1,0,'P','Jakarta','2011-01-27','',0,0,'',0.0,0.0,'-',X'','J. A Suprapto 124 Bojonegoro','','0811331409','','','','','','','','','',7000000,6650000,0,0,5,350000,0,6650000,1,1000000,0,0.00,0.00,0.00,'2015-01-28 08:49:20','',''),(46,'PMB2014150245','','Gemma Ebelina Alexaviere','603','0073887430',0,'',1,0,'',3,5,5,2,0,4,1,0,'P','Surabaya','2007-01-02','',0,0,'',0.0,0.0,'-',X'','Galaxi Bumi Permai TG 2/ 17','','5964466','','','','','','','','','',22500000,21375000,0,0,5,1125000,0,21375000,1,1500000,0,0.00,0.00,0.00,'2015-01-29 01:05:08','',''),(47,'PMB2014150247','','Gwyneth Feodora','619','0073556114',0,'',1,0,'',3,5,5,2,0,5,1,0,'L','Surabaya','2007-09-01','',0,0,'',0.0,0.0,'-',X'','Florence J-5/9, Pakuwon','','','','','','','','','','','',22500000,21375000,0,0,5,1125000,0,21375000,1,1500000,0,0.00,0.00,0.00,'2015-01-29 01:05:26','',''),(48,'PMB2014150248','','Jason Tungary','606','0071895847',0,'',1,0,'',3,5,5,2,0,5,1,0,'L','Surabaya','2007-02-22','',0,0,'',0.0,0.0,'-',X'','Wonorejo Permai Selatan CC-598','','','','','','','','','','','',22500000,21375000,0,0,5,1125000,0,21375000,1,1500000,0,0.00,0.00,0.00,'2015-01-29 01:05:48','',''),(49,'PMB2014150249','','Jessica Lynn Hartanto','607','0074648395',0,'',1,0,'',3,5,5,2,0,5,1,0,'P','Surabaya','2007-09-02','',0,0,'',0.0,0.0,'-',X'','Kutisari Utara VII/38','','','','','','','','','','','',22500000,21375000,0,0,5,1125000,0,21375000,1,1500000,0,0.00,0.00,0.00,'2015-01-29 01:06:10','',''),(50,'PMB2014150250','','Joel Lois Tanujaya','622','0074270572',0,'',1,0,'',3,5,5,2,0,5,1,0,'L','Surabaya','2007-10-05','',0,0,'',0.0,0.0,'-',X'','Anjasmoro Kav. 41 Wistrop, Sda','','','','','','','','','','','',22500000,21375000,0,0,5,1125000,0,21375000,1,1500000,0,0.00,0.00,0.00,'2015-01-29 01:06:28','',''),(51,'PMB2014150251','','Jonathan Ariel','623','0078281714',0,'',1,0,'',3,5,5,2,0,5,1,0,'L','Sidoarjo','2007-02-23','',0,0,'',0.0,0.0,'-',X'','Jemursari XVIII/A-26 Sby','','','','','','','','','','','',22500000,21375000,0,0,5,1125000,0,21375000,1,1500000,0,0.00,0.00,0.00,'2015-01-29 01:06:46','',''),(52,'PMB2014150252','','Joycelyn Angelica Jap','624','0085853988',0,'',1,0,'',3,5,5,2,0,5,1,0,'P','Surabaya','2008-01-28','',0,0,'',0.0,0.0,'-',X'','Lebak Arum IV / 23','','3890105','','','','','','','','','',22500000,21375000,0,0,5,1125000,0,21375000,1,1500000,0,0.00,0.00,0.00,'2015-01-29 01:54:20','',''),(53,'PMB2014150253','','Kenneth William','611','0079667809',0,'',1,0,'',3,5,5,2,0,5,1,0,'L','LA','2007-04-20','',0,0,'',0.0,0.0,'-',X'','Dharmahusada Utara VII/25','','','','','','','','','','','',22500000,21375000,0,0,5,1125000,0,21375000,1,1500000,0,0.00,0.00,0.00,'2015-01-29 06:09:22','',''),(55,'PMB2014150255','','Stephan Wibisono','628','0072325277',0,'',1,0,'',3,5,5,2,0,1,1,0,'L','Surabaya','2007-09-22','',0,0,'',0.0,0.0,'-',X'','Manyar Kertoarjo VIII/75','','','','','','','','','','','',22500000,21375000,0,0,5,1125000,0,21375000,1,1500000,0,0.00,0.00,0.00,'2015-01-29 06:10:09','',''),(56,'PMB2014150256','','Brian Scott Alexander','501','0069248716',0,'',1,0,'',3,5,5,2,0,4,1,0,'L','Surabaya','2006-08-01','',0,0,'',0.0,0.0,'-',X'','Virginia Regency E8-2, Pakuwon City','','','','','','','','','','','',22500000,21375000,0,0,5,1125000,0,21375000,1,1500000,0,0.00,0.00,0.00,'2015-01-29 06:10:49','',''),(57,'PMB2014150257','','Charlene Young Cynipta','488','0064748420',0,'',1,0,'',3,5,5,2,0,0,1,0,'P','Surabaya','2006-05-06','',0,0,'',0.0,0.0,'-',X'','Manyar Praja III/D-84','','','','','','','','','','','',22500000,21375000,0,0,5,1125000,0,21375000,1,1500000,0,0.00,0.00,0.00,'2015-01-29 06:11:10','',''),(58,'PMB2014150258','','Cheryl Wang','502','0062476483',0,'',1,0,'',3,5,5,2,0,1,1,0,'P','Surabaya','2006-09-22','',0,0,'',0.0,0.0,'-',X'','Nanas Utara I/18 PCI','','','','','','','','','','','',22500000,21375000,0,0,5,1125000,0,21375000,1,1500000,0,0.00,0.00,0.00,'2015-01-29 06:11:29','',''),(59,'PMB2014150259','','Edbert Waskita','503','0066584784',0,'',1,0,'',3,5,5,2,0,1,1,0,'L','Surabaya','2006-06-10','',0,0,'',0.0,0.0,'-',X'','Medokan Ayu MA I blok O / 39','','8720029','','','','','','','','','',22500000,21375000,0,0,5,1125000,0,21375000,1,1500000,0,0.00,0.00,0.00,'2015-01-29 06:26:00','',''),(60,'PMB2014150260','','Gracia Florentina Witdodo','504','0066962738',0,'',1,0,'',3,5,5,2,0,5,1,0,'P','Surabaya','2006-02-16','',0,0,'',0.0,0.0,'-',X'','Wiguna Timur XVIII/30','','','','','','','','','','','',22500000,21375000,0,0,5,1125000,0,21375000,1,1500000,0,0.00,0.00,0.00,'2015-01-29 06:26:19','',''),(61,'PMB2014150261','','Grant Amadeus Lee','493','0063946843',0,'',1,0,'',3,5,5,2,0,5,1,0,'L','Mojokerto','2006-01-02','',0,0,'',0.0,0.0,'-',X'','Doho No. 4','','5678948','','','','','','','','','',22500000,21375000,0,0,5,1125000,0,21375000,1,1500000,0,0.00,0.00,0.00,'2015-01-29 06:26:38','',''),(62,'PMB2014150262','','Gregorius Reynard Sujanto','494','0062699871',0,'',1,0,'',3,5,5,2,0,5,1,0,'L','Surabaya','2006-03-06','',0,0,'',0.0,0.0,'-',X'','Nirwana Executive EE-57','','8705919','','','','','','','','','',22500000,21375000,0,0,5,1125000,0,21375000,1,1500000,0,0.00,0.00,0.00,'2015-01-29 06:26:58','',''),(63,'PMB2014150263','','Jason Timothy Dewanto','507','0062621153',0,'',1,0,'',3,5,5,2,0,5,1,0,'L','Surabaya','2006-11-05','',0,0,'',0.0,0.0,'-',X'','Galaxy Bumi Permai K3-2','','5921301','','','','','','','','','',22500000,21375000,0,0,5,1125000,0,21375000,1,1500000,0,0.00,0.00,0.00,'2015-01-29 06:27:28','',''),(64,'PMB2014150264','','Jeremy Noel','508','0061962242',0,'',1,0,'',3,5,5,2,0,5,1,0,'L','Surabaya','2006-01-20','',0,0,'',0.0,0.0,'-',X'','Klampis Harapan III/14','','5948369','','','','','','','','','',22500000,21375000,0,0,5,1125000,0,21375000,1,1500000,0,0.00,0.00,0.00,'2015-01-29 06:27:46','',''),(66,'PMB2014150266','','Marvellius Susanto','496','0068552114',0,'',1,0,'',3,5,5,2,0,0,1,0,'L','Surabaya','2006-05-08','',0,0,'',0.0,0.0,'-',X'','Prapen Mas AD 25','','','','','','','','','','','',22500000,21375000,0,0,5,1125000,0,21375000,1,1500000,0,0.00,0.00,0.00,'2015-01-29 06:28:24','',''),(67,'PMB2014150267','','Richard Kristanto','497','0067661794',0,'',1,0,'',3,5,5,2,0,5,1,0,'L','Surabaya','2006-04-08','',0,0,'',0.0,0.0,'-',X'','Nirwana Executive CC-411 A','','','','','','','','','','','',22500000,21375000,0,0,5,1125000,0,21375000,1,1500000,0,0.00,0.00,0.00,'2015-01-29 06:28:43','',''),(68,'PMB2014150268','','Staceyca Abiel Wibisono','513','0065474154',0,'',1,0,'',3,5,1,1,0,5,1,0,'P','Surabaya','2006-05-04','',0,0,'',0.0,0.0,'-',X'','Medokan Ayu Blok MA III -O No. 5','','','','','','','','','','','',22500000,21375000,0,0,5,1125000,0,21375000,1,1500000,0,0.00,0.00,0.00,'2015-01-29 06:28:59','',''),(69,'PMB2014150269','','Vanny Valencia','499','0061445063',0,'',1,0,'',3,5,5,2,0,5,1,0,'P','Surabaya','2006-02-14','',0,0,'',0.0,0.0,'-',X'','Wiguna Selatan VI/21','','','','','','','','','','','',22500000,21375000,0,0,5,1125000,0,21375000,1,1500000,0,0.00,0.00,0.00,'2015-01-29 06:29:19','',''),(70,'PMB2014150270','','Xavio Emanuel Retanubun','514','0067362234',0,'',1,0,'',3,5,5,2,0,5,1,0,'L','Surabaya','2006-01-29','',0,0,'',0.0,0.0,'-',X'','Barata Jaya XXI/29','','5041211','','','','','','','','','',22500000,21375000,0,0,5,1125000,0,21375000,1,1500000,0,0.00,0.00,0.00,'2015-01-29 06:29:45','',''),(71,'PMB2014150271','','Cheryl Glinka','489','0068498778',0,'',1,0,'',3,5,5,2,0,0,1,0,'P','Surabaya','2006-11-15','',0,0,'',0.0,0.0,'-',X'','Pantai Mentari R 9A','','70479642','','','','','','','','','',22500000,21375000,0,0,5,1125000,0,21375000,1,1500000,0,0.00,0.00,0.00,'2015-01-29 06:44:29','',''),(72,'PMB2014150272','','Dylan Victorio Faith','490','0069260674',0,'',1,0,'',3,5,5,2,0,0,1,0,'L','','2006-11-05','',0,0,'',0.0,0.0,'-',X'','Rungkut Lor RL 5L/15','','','','','','','','','','','',22500000,21375000,0,0,5,1125000,0,21375000,1,1500000,0,0.00,0.00,0.00,'2015-01-29 06:45:16','',''),(73,'PMB2014150273','','Eileen Cynthia Mark','491','0066525382',0,'',1,0,'',3,5,5,2,0,5,1,0,'P','Surabaya','2006-10-24','',0,0,'',0.0,0.0,'-',X'','Kendangsari III / 4A','','','','','','','','','','','',22500000,21375000,0,0,5,1125000,0,21375000,1,1500000,0,0.00,0.00,0.00,'2015-01-29 06:47:13','',''),(74,'PMB2014150274','','Francise Rochelle Widodo','492','0062206574',0,'',1,0,'',3,5,5,2,0,0,1,0,'P','Surabaya','2006-06-13','',0,0,'',0.0,0.0,'-',X'','Wonorejo Permai Selatan I/64','','8722412','','','','','','','','','',22500000,21375000,0,0,5,1125000,0,21375000,1,1500000,0,0.00,0.00,0.00,'2015-01-29 06:47:33','',''),(75,'PMB2014150275','','Hafizd Dharma Saputra Hardiono','505','0066858319',0,'',1,0,'',3,5,5,2,0,5,1,0,'L','','2006-10-12','',0,0,'',0.0,0.0,'-',X'','Margono Wongso P // Indahwati','','','','','','','','','','','',22500000,21375000,0,0,5,1125000,0,21375000,1,1500000,0,0.00,0.00,0.00,'2015-01-29 06:47:49','',''),(76,'PMB2014150276','','Hellen Septiani Jap','506','0069015102',0,'',1,0,'',3,5,5,2,0,5,1,0,'P','Surabaya','2006-09-08','',0,0,'',0.0,0.0,'-',X'','Lebak Arum IV / 23','','3890105','','','','','','','','','',22500000,21375000,0,0,5,1125000,0,21375000,1,1500000,0,0.00,0.00,0.00,'2015-01-29 06:48:34','',''),(77,'PMB2014150277','','Jennifer Quinn Santoso','495','0062460561',0,'',1,0,'',3,5,5,2,0,5,1,0,'P','Surabaya','2006-04-22','',0,0,'',0.0,0.0,'-',X'','Delta Raya Utara 76, Sda','','','','','','','','','','','',22500000,21375000,0,0,5,1125000,0,21375000,1,1500000,0,0.00,0.00,0.00,'2015-01-29 06:49:00','',''),(78,'PMB2014150278','','Jonathan Efant Soeharto','509','006354849',3,'',1,0,'',3,5,5,2,0,0,1,0,'L','Surabaya','2006-02-22','',0,0,'',0.0,0.0,'-',X'','Kutisari Indah Utara III/20','','8433325','','','','','','','','','',22500000,21375000,0,0,5,1125000,0,21375000,1,1500000,0,0.00,0.00,0.00,'2015-01-29 06:50:25','',''),(79,'PMB2014150279','','Nicholas Zhu','510','0066757947',3,'',1,0,'',3,5,5,2,0,4,1,0,'L','Surabaya','2006-06-10','',0,0,'',0.0,0.0,'-',X'','Pantai Mentari WW-19','','','','','','','','','','','',22500000,21375000,0,0,5,1125000,0,21375000,1,1500000,0,0.00,0.00,0.00,'2015-01-29 06:50:45','',''),(80,'PMB2014150280','','Oeitian Verrel Ignatius','511','0069883689',3,'',1,0,'',3,5,5,2,0,4,1,0,'L','Surabaya','2006-04-12','',0,0,'',0.0,0.0,'-',X'','Apt. Marina Lt.11-2','','','','','','','','','','','',22500000,21375000,0,0,5,1125000,0,21375000,1,1500000,0,0.00,0.00,0.00,'2015-01-29 06:55:08','',''),(81,'PMB2014150281','','Richelle Stephanie Notohadipuro','512','0069594763',3,'',1,0,'',3,5,5,2,0,5,1,0,'P','Surabaya','2006-06-08','',0,0,'',0.0,0.0,'-',X'','Siw Notohadipuro // Lim Agnes','','','','','','','','','','','',22500000,21375000,0,0,5,1125000,0,21375000,1,1500000,0,0.00,0.00,0.00,'2015-01-29 06:56:29','',''),(82,'PMB2014150282','','Thea Guntur Kusumanagara','498','0065106560',3,'',1,0,'',3,5,5,2,0,5,1,0,'L','Surabaya','2006-08-18','',0,0,'',0.0,0.0,'-',X'','Putra Bangsa II/63 Medokan Ayu','','','','','','','','','','','',22500000,21375000,0,0,5,1125000,0,21375000,1,1500000,0,0.00,0.00,0.00,'2015-01-29 06:56:45','',''),(83,'PMB2014150283','','Yenlung Calvin Tanusa','522','0068725566',3,'',1,0,'',3,5,5,2,0,1,1,0,'L','Surabaya','2006-10-16','',0,0,'',0.0,0.0,'-',X'','Raya Panjang Jiwo Permai 42','','','','','','','','','','','',22500000,21375000,0,0,5,1125000,0,21375000,1,1500000,0,0.00,0.00,0.00,'2015-01-29 06:56:59','',''),(84,'PMB2014150285','','Yoel Camilo Febriyanto','500','0068163607',3,'',1,0,'',3,5,5,2,0,5,1,0,'L','Surabaya','2006-02-22','',0,0,'',0.0,0.0,'-',X'','Bumi Marina Emas Barat V/34','','','','','','','','','','','',22500000,21375000,0,0,5,1125000,0,21375000,1,1500000,0,0.00,0.00,0.00,'2015-01-29 06:57:13','',''),(85,'PMB2014140010','','Kayla Aprillia Tanujaya','123','123',2,'',1,0,'',2,2,0,2,0,5,1,0,'P','Surabaya','2012-04-22','',0,0,'',0.0,0.0,'-',X'','Satelit Indah IX/GN-18','','70109151','','','','','','','','','',66500000,47381245,16625000,2493750,5,19118755,0,47381300,1,1000000,0,0.00,0.00,0.00,'2015-01-30 01:31:30','',''),(86,'PMB2014140009','','Chelsey Felicia Sugianto','636','0083339153',2,'',1,0,'',2,9,5,2,0,5,1,0,'P','Surabaya','2008-02-18','',0,0,'',0.0,0.0,'-',X'','Satelit Timur II Blok JJ-12','','5320745','','','','','','','','','',37500000,31875000,0,0,15,5625000,0,31875000,1,1700000,0,0.00,0.00,0.00,'2015-01-30 03:15:55','',''),(87,'PMB2014140033','','Kiyora Asami Prasetyo','690','0085339120',2,'',1,0,'',2,9,5,2,0,5,1,0,'P','','2008-08-08','',0,0,'',0.0,0.0,'-',X'','Jl. Tulung Agung 3/39','','0817335288','','','','','','','','','',37500000,31875000,0,0,15,5625000,0,31875000,1,1800000,0,0.00,0.00,0.00,'2015-01-30 03:16:43','',''),(88,'PMB2014140037','','Ferlyne Gabrielly Thie','660','0081446708',2,'',1,0,'',2,9,5,2,0,0,1,0,'P','','2008-04-24','',0,0,'',0.0,0.0,'-',X'','Pakuwon Indah the Mansion PF 4 No 8','','081357226181','','','','','','','','','',37500000,30281250,0,1593750,15,7218750,0,30281300,1,1710000,0,0.00,0.00,0.00,'2015-01-30 03:17:25','',''),(89,'PMB2014140038','','Colin Cristo Harianto','656','0082453363',2,'',1,0,'',2,9,5,2,0,0,1,0,'L','','2008-01-19','',0,0,'',0.0,0.0,'-',X'','Wisata Bukit Mas E3/10','','0818372591','','','','','','','','','',37500000,31875000,0,0,15,5625000,0,31875000,1,1800000,0,0.00,0.00,0.00,'2015-01-30 03:17:59','',''),(90,'PMB2014140039','','Hacken Wunadi','664','0087481516',2,'',1,0,'',2,9,5,2,0,0,1,0,'L','','2008-09-07','',0,0,'',0.0,0.0,'-',X'','Graha Family R179A','','081233775900','','','','','','','','','',37500000,30000000,0,0,20,7500000,0,30000000,1,0,0,0.00,0.00,0.00,'2015-01-30 03:18:36','',''),(91,'PMB2014140040','','Josevine Angeline Musa','688','0087438069',2,'',1,0,'',2,9,5,2,0,0,1,0,'P','','2008-04-02','',0,0,'',0.0,0.0,'-',X'','Darmo permai Selatan XI/18','','70178869','','','','','','','','','',37500000,31875000,0,0,15,5625000,0,3187500,10,0,0,0.00,0.00,0.00,'2015-01-30 03:19:35','',''),(92,'PMB2014140041','','Sharon A. Soempiet','653','0081874981',2,'',1,0,'',2,9,5,2,0,5,1,0,'P','','2008-01-09','',0,0,'',0.0,0.0,'-',X'','Royal Residence B3-52A','','71227601','','','','','','','','','',37500000,30281250,0,1593750,15,7218750,0,7570400,4,1710000,0,0.00,0.00,0.00,'2015-01-30 03:20:17','',''),(93,'PMB2014140042','','Michelle Tanaya','692','0084544937',2,'',1,0,'',2,9,5,2,0,0,1,0,'P','','2008-07-28','',0,0,'',0.0,0.0,'-',X'','Jl. Tulung Agung 3/6','','59319420','','','','','','','','','',37500000,31875000,0,0,15,5625000,0,31875000,1,1800000,0,0.00,0.00,0.00,'2015-01-30 03:20:51','',''),(94,'PMB2014140043','','Jenevieve Clairine','647','0087851425',2,'',1,0,'',2,9,5,2,0,0,1,0,'P','','2008-07-14','',0,0,'',0.0,0.0,'-',X'','Taman Darmo Harapan II/GG II-C','','7317042','','','','','','','','','',37500000,31875000,0,0,15,5625000,0,31875000,1,1800000,0,0.00,0.00,0.00,'2015-01-30 03:21:41','',''),(95,'PMB2014140044','','Calista Gracious Susanto','635','0088407789',2,'',1,0,'',2,9,5,2,0,0,1,0,'P','','2008-07-13','',0,0,'',0.0,0.0,'-',X'','Wisata Bukit Indah C1-8','','70603754','','','','','','','','','',37500000,30281250,0,1593750,15,7218750,0,5046900,6,1710000,0,0.00,0.00,0.00,'2015-01-30 03:22:38','',''),(96,'PMB2014140045','','Grace Caroline Cahyono','683','0085184842',2,'',1,0,'',2,9,5,2,0,0,1,0,'P','','2008-07-12','',0,0,'',0.0,0.0,'-',X'','San Diego M6-28 Pakuwon City','','08575506888','','','','','','','','','',37500000,31875000,0,0,15,5625000,0,31875000,1,1800000,0,0.00,0.00,0.00,'2015-01-30 03:23:50','',''),(97,'PMB2014140046','','Noel Nelson Felix','693','0089288765',2,'',1,0,'',2,9,5,2,0,0,1,0,'L','','2008-01-02','',0,0,'',0.0,0.0,'-',X'','Perum Darmo sentosa Raya Blok i-38','','71616111','','','','','','','','','',37500000,30000000,0,0,20,7500000,0,30000000,1,1800000,0,0.00,0.00,0.00,'2015-01-30 03:24:23','',''),(98,'PMB2014140047','','Filbert Wellington','641','0089197385',2,'',1,0,'',2,9,5,2,0,0,1,0,'L','','2008-05-14','',0,0,'',0.0,0.0,'-',X'','The Mansion PF-5/22','','71047493','','','','','','','','','',37500000,30281250,0,1593750,15,7218750,0,30281300,1,1710000,0,0.00,0.00,0.00,'2015-01-30 03:25:23','',''),(99,'PMB2014140048','','Ezekiel Shawn Wondo','680','0088611332',2,'',1,0,'',2,9,5,2,0,0,1,0,'L','','2008-05-04','',0,0,'',0.0,0.0,'-',X'','Centra Park E-19','','70597500','','','','','','','','','',37500000,31875000,0,0,15,5625000,0,31875000,1,1800000,0,0.00,0.00,0.00,'2015-01-30 03:26:03','',''),(100,'PMB2014140051','','Emili Trecia Faustina','657','0086021322',2,'',1,0,'',2,9,5,1,0,0,1,0,'P','','2008-05-15','',0,0,'',0.0,0.0,'-',X'','Kranggan 102 kav 8','','5340131','','','','','','','','','',37500000,31875000,0,0,15,5625000,0,31875000,1,1800000,0,0.00,0.00,0.00,'2015-01-30 04:25:27','',''),(101,'PMB2014140050','','Fidelia Theodore Chang','640','0084672050',2,'',1,0,'',2,9,5,2,0,0,1,0,'P','','2008-03-12','',0,0,'',0.0,0.0,'-',X'','Darmo Hill P-12','','081330716553','','','','','','','','','',37500000,30281250,0,1593750,15,7218750,0,30281300,1,0,0,0.00,0.00,0.00,'2015-01-30 04:26:19','',''),(102,'PMB2014150286','','Adeline Theodora','471','0044189694',3,'',1,0,'',3,5,14,2,0,5,1,0,'L','Surabaya','2004-11-10','',0,0,'',0.0,0.0,'-',X'','Baruk Barat 3/ B 123','','','','','','','','','','','',11250000,10687500,0,0,5,562500,0,10687500,1,1600000,0,0.00,0.00,0.00,'2015-02-02 01:06:44','',''),(103,'PMB2014150287','','Bianca Rosarie Ong','518','0053861440',3,'',1,0,'',3,5,14,2,0,4,1,0,'P','Surabaya','2005-12-14','',0,0,'',0.0,0.0,'-',X'','Laguna Regency D7/10','','','','','','','','','','','',11250000,10687500,0,0,5,562500,0,10687500,1,1600000,0,0.00,0.00,0.00,'2015-02-02 01:07:04','',''),(104,'PMB2014150288','','Cynthia Tjahyadi','472','0052675110',3,'',1,0,'',3,5,14,2,0,5,1,0,'P','Surabaya','2005-11-25','',0,0,'',0.0,0.0,'-',X'','Jimbaran G1/ 24','','','','','','','','','','','',11250000,10687500,0,0,5,562500,0,10687500,1,1600000,0,0.00,0.00,0.00,'2015-02-02 01:08:49','',''),(106,'PMB2014150290','','Elvina Waskita Siemjaya','474','0042100728',3,'',1,0,'',3,5,14,2,0,4,1,0,'P','Surabaya','2004-12-04','',0,0,'',0.0,0.0,'-',X'','Medokan Ayu MA I Blok O-39','','','','','','','','','','','',11250000,10687500,0,0,5,562500,0,10687500,1,1600000,0,0.00,0.00,0.00,'2015-02-02 01:09:28','',''),(107,'PMB2014150291','','Gwynne Purnama','475','0057266933',3,'',1,0,'',3,5,14,2,0,5,1,0,'P','','2005-09-02','',0,0,'',0.0,0.0,'-',X'','Rk Panji Makmur D-10, Jl. Panj. Jiwo 46','','','','','','','','','','','',11250000,10687500,0,0,5,562500,0,10687500,1,1600000,0,0.00,0.00,0.00,'2015-02-02 01:09:43','',''),(108,'PMB2014150292','','Jason Johanes Siwabessi','476','0046866603',3,'',1,0,'',3,5,14,2,0,5,1,0,'L','Surabaya','2004-11-01','',0,0,'',0.0,0.0,'-',X'','Rajawali 53, Rewin','','','','','','','','','','','',11250000,10687500,0,0,5,562500,0,10687500,1,1600000,0,0.00,0.00,0.00,'2015-02-02 01:10:01','',''),(109,'PMB2014150293','','Jeremy Philip Dewanto','477','0048803803',3,'',1,0,'',3,5,14,2,0,5,1,0,'L','Surabaya','2005-11-12','',0,0,'',0.0,0.0,'-',X'','Galaxi Bumi Permai K3/ 2','','','','','','','','','','','',11250000,10687500,0,0,5,562500,0,10687500,1,1600000,0,0.00,0.00,0.00,'2015-02-02 01:10:16','',''),(110,'PMB2014150295','','Jesselyn Christabel Thomas','478','0058297055',3,'',1,0,'',3,5,14,2,0,5,1,0,'P','Surabaya','2005-06-29','',0,0,'',0.0,0.0,'-',X'','Nginden Intan Timur VI / 67','','','','','','','','','','','',11250000,10687500,0,0,5,562500,0,10687500,1,1600000,0,0.00,0.00,0.00,'2015-02-02 01:14:44','',''),(111,'PMB2014150296','','Joel Wilson','479','0055829584',3,'',1,0,'',3,5,14,2,0,5,1,0,'L','Surabaya','2009-05-08','',0,0,'',0.0,0.0,'-',X'','Ambengan 58','','','','','','','','','','','',11250000,10687500,0,0,5,562500,0,10687500,1,1600000,0,0.00,0.00,0.00,'2015-02-02 01:15:03','',''),(112,'PMB2014150297','','Kenneth Sujayaputera','480','0057713103',3,'',1,0,'',3,5,14,2,0,5,1,0,'L','Surabaya','2005-04-07','',0,0,'',0.0,0.0,'-',X'','Dharmahusada Mas BB-17','','','','','','','','','','','',11250000,10687500,0,0,5,562500,0,10687500,1,1600000,0,0.00,0.00,0.00,'2015-02-02 01:15:16','',''),(113,'PMB2014150298','','Maedeline Jane Gotama','481','0059793480',3,'',1,0,'',3,5,14,2,0,5,1,0,'P','Surabaya','2005-07-04','',0,0,'',0.0,0.0,'-',X'','Purimas Regency B5/6, Rungk. Madya','','','','','','','','','','','',11250000,10687500,0,0,5,562500,0,10687500,1,1600000,0,0.00,0.00,0.00,'2015-02-02 01:21:49','',''),(114,'PMB2014150299','','Melvern Yeremiah Hartono','482','0052992481',3,'',1,0,'',3,5,14,2,0,5,1,0,'L','Surabaya','2005-07-03','',0,0,'',0.0,0.0,'-',X'','Rungkut Asri Barat V/7','','','','','','','','','','','',11250000,10687500,0,0,5,562500,0,10687500,1,1600000,0,0.00,0.00,0.00,'2015-02-02 01:23:15','',''),(115,'PMB2014150300','','Mikhael Christalio','483','0059336500',3,'',1,0,'',3,5,14,2,0,5,1,0,'L','Surabaya','2005-11-26','',0,0,'',0.0,0.0,'-',X'','Kutisari Indah Sel. IV/28','','8434929','','','','','','','','','',11250000,10687500,0,0,5,562500,0,10687500,1,1600000,0,0.00,0.00,0.00,'2015-02-02 01:23:46','',''),(116,'PMB2014150301','','Samuel Abie Maximus','484','0054942730',3,'',1,0,'',3,5,14,2,0,4,1,0,'L','Surabaya','2005-01-03','',0,0,'',0.0,0.0,'-',X'','Galaxi Bumi Permai TG 2/ 17','','','','','','','','','','','',11250000,10687500,0,0,5,562500,0,10687500,1,1600000,0,0.00,0.00,0.00,'2015-02-02 01:24:00','',''),(117,'PMB2014150302','','Tiffany Gracita','485','0056531505',3,'',1,0,'',3,5,14,2,0,5,1,0,'P','Surabaya','2005-12-06','',0,0,'',0.0,0.0,'-',X'','Graha Tirta Akasia 95 Waru','','','','','','','','','','','',11250000,10687500,0,0,5,562500,0,10687500,1,1600000,0,0.00,0.00,0.00,'2015-02-02 01:27:11','',''),(118,'PMB2014150303','','Andi Cahya Santosa','264','0031550431',3,'',1,0,'',3,5,15,2,0,5,1,0,'L','Surabaya','2003-07-19','',0,0,'',0.0,0.0,'-',X'','Rungkut Mapan Tim. IX/ EI - 18','','','','','','','','','','','',7500000,7125000,0,0,5,375000,0,7125000,1,1600000,0,0.00,0.00,0.00,'2015-02-02 01:56:32','',''),(119,'PMB2014150304','','Ayaka Angela','284','0045155535',3,'',1,0,'',3,5,15,2,0,5,1,0,'P','Surabaya','2004-09-12','',0,0,'',0.0,0.0,'-',X'','Klampis harapan 3/ 14','','','','','','','','','','','',7500000,7125000,0,0,5,375000,0,7125000,1,1600000,0,0.00,0.00,0.00,'2015-02-02 01:58:19','',''),(120,'PMB2014150305','','Christabelle Serafina','628','0045823650',3,'',1,0,'',3,5,15,2,0,5,1,0,'P','Surabaya','2004-12-05','',0,0,'',0.0,0.0,'-',X'','Jemursari XVIII/A-26 Sby','','','','','','','','','','','',7500000,7125000,0,0,5,375000,0,7125000,1,1600000,0,0.00,0.00,0.00,'2015-02-02 02:01:36','',''),(121,'PMB2014150306','','Clement Clint Santoso','290','0041739265',3,'',1,0,'',3,5,15,2,0,5,1,0,'L','Surabaya','2004-11-02','',0,0,'',0.0,0.0,'-',X'','Delta Raya Ut. 76, Sda','','','','','','','','','','','',7500000,7125000,0,0,5,375000,0,7125000,1,1600000,0,0.00,0.00,0.00,'2015-02-02 02:01:53','',''),(122,'PMB2014150307','','Clifford Hans Gotama','291','0041739249',3,'',1,0,'',3,5,15,2,0,5,1,0,'L','Surabaya','2004-08-20','',0,0,'',0.0,0.0,'-',X'','Purimas Regency B5/6, Rungk. Madya','','','','','','','','','','','',7500000,7125000,0,0,5,375000,0,7125000,1,1600000,0,0.00,0.00,0.00,'2015-02-02 02:02:09','',''),(123,'PMB2014150308','','Cliffton Faith','292','0041739260',3,'',1,0,'',3,5,15,2,0,5,1,0,'L','Surabaya','2004-10-17','',0,0,'',0.0,0.0,'-',X'','Galaxi Bumi Permai N4/25','','5927200','','','','','','','','','',7500000,7125000,0,0,5,375000,0,7125000,1,1600000,0,0.00,0.00,0.00,'2015-02-02 02:02:28','',''),(124,'PMB2014150309','','Debrina Tanesya Jovanka','293','0035754470',3,'',1,0,'',3,5,15,2,0,4,1,0,'P','Surabaya','2003-12-02','',0,0,'',0.0,0.0,'-',X'','Taman Wisata Tropodo F-10','','8672169','','','','','','','','','',7500000,7125000,0,0,5,375000,0,7125000,1,1600000,0,0.00,0.00,0.00,'2015-02-02 02:05:19','',''),(125,'PMB2014150310','','Faustine Janice Kohar','299','0041739244',3,'',1,0,'',3,5,14,2,0,5,1,0,'P','Surabaya','2004-06-18','',0,0,'',0.0,0.0,'-',X'','Kedung Tarukan 118','','5936127','','','','','','','','','',11250000,10687500,0,0,5,562500,0,10687500,1,1600000,0,0.00,0.00,0.00,'2015-02-02 02:05:33','',''),(126,'PMB2014150311','','Ferdinand Nathan Soetedjo','301','0041739252',3,'',1,0,'',3,5,15,2,0,4,1,0,'L','Surabaya','2004-09-04','',0,0,'',0.0,0.0,'-',X'','Puri Mas Jl. Pecatu E II / 12','','8781437','','','','','','','','','',7500000,7125000,0,0,5,375000,0,7125000,1,1600000,0,0.00,0.00,0.00,'2015-02-02 02:05:57','',''),(127,'PMB2014150312','','Gracelyne Christabel Halim','306','0041739240',3,'',1,0,'',3,5,15,2,0,5,1,0,'P','Surabaya','2004-05-25','',0,0,'',0.0,0.0,'-',X'','Mulyosari I/161','','','','','','','','','','','',7500000,7125000,0,0,5,375000,0,7125000,1,1600000,0,0.00,0.00,0.00,'2015-02-02 02:06:11','',''),(128,'PMB2014150313','','Joel Bezaliel Santoso','312','0041739263',3,'',1,0,'',3,5,15,2,0,5,1,0,'L','Surabaya','2004-10-21','',0,0,'',0.0,0.0,'-',X'','','','','','','','','','','','','',7500000,7125000,0,0,5,375000,0,7125000,1,1600000,0,0.00,0.00,0.00,'2015-02-02 02:06:23','',''),(129,'PMB2014150314','','John Felix Wihelmus','348','0042771187',3,'',1,0,'',3,5,15,2,0,5,1,0,'L','Surabaya','2004-08-28','',0,0,'',0.0,0.0,'-',X'','Nanas Utara I / 30 PCI','','','','','','','','','','','',7500000,7125000,0,0,5,375000,0,7125000,1,1600000,0,0.00,0.00,0.00,'2015-02-02 02:06:37','',''),(130,'PMB2014150315','','Kenneshia Aeriel Haryanto','315','0041739241',3,'',1,0,'',3,5,15,2,0,5,1,0,'P','Surabaya','2004-05-26','',0,0,'',0.0,0.0,'-',X'','Kutisari Indah Ut. 4/ 63','','','','','','','','','','','',7500000,7125000,0,0,5,375000,0,7125000,1,1600000,0,0.00,0.00,0.00,'2015-02-02 02:06:49','',''),(131,'PMB2014150316','','Kenny Robin Limanjaya','316','0041739261',3,'',1,0,'',3,5,15,2,0,1,1,0,'L','Surabaya','2004-10-19','',0,0,'',0.0,0.0,'-',X'','Barata Jaya XV/ 10','','','','','','','','','','','',7500000,7125000,0,0,5,375000,0,7125000,1,1600000,0,0.00,0.00,0.00,'2015-02-02 02:07:03','',''),(132,'PMB2014150317','','Sean Francis Xavier Kho','345','0027288199',3,'',1,0,'',3,5,15,2,0,4,1,0,'L','Australia','2003-12-03','',0,0,'',0.0,0.0,'-',X'','Jemur Sari 181','','','','','','','','','','','',7500000,7125000,0,0,5,375000,0,7125000,1,1600000,0,0.00,0.00,0.00,'2015-02-02 02:07:18','',''),(133,'PMB2014150320','','Stephanie Abiel Wibisono','334','0041739262',3,'',1,0,'',3,5,15,2,0,5,1,0,'P','Surabaya','2004-10-20','',0,0,'',0.0,0.0,'-',X'','Medokan Ayu,Blok MA 3/O5','','','','','','','','','','','',7500000,7125000,0,0,5,375000,0,7125000,1,1600000,0,0.00,0.00,0.00,'2015-02-02 02:07:39','',''),(134,'PMB2014150321','','Yuhwa Evelyn Tanusa','342','0041739256',3,'',1,0,'',3,5,15,2,0,1,1,0,'P','Surabaya','2004-09-22','',0,0,'',0.0,0.0,'-',X'','Raya Panjang Jiwo Permai 42','','','','','','','','','','','',7500000,7125000,0,0,5,375000,0,7125000,1,1600000,0,0.00,0.00,0.00,'2015-02-02 02:07:52','',''),(135,'PMB2014150322','','Brian Errando Limanjaya','266','0031550411',3,'',1,0,'',3,5,16,2,0,1,1,0,'L','Surabaya','2003-03-10','',0,0,'',0.0,0.0,'-',X'','Barata Jaya XV/ 10','','','','','','','','','','','',3750000,3562500,0,0,5,187500,0,3562500,1,1700000,0,0.00,0.00,0.00,'2015-02-02 02:08:10','',''),(136,'PMB2014150323','','Esther Ann Tanudiredja','268','0031550417',3,'',1,0,'',3,5,16,1,0,5,1,0,'P','Surabaya','2003-05-04','',0,0,'',0.0,0.0,'-',X'','Ambengan 58','','5343088','','','','','','','','','',3750000,3562500,0,0,5,187500,0,3562500,1,1700000,0,0.00,0.00,0.00,'2015-02-02 02:08:24','',''),(137,'PMB2014150324','','Evan Waskita Siemjaya','269','0025210416',3,'',1,0,'',3,5,16,1,0,1,1,0,'L','Surabaya','2002-11-26','',0,0,'',0.0,0.0,'-',X'','Medokan Ayu I/ O-39','','','','','','','','','','','',3750000,3562500,0,0,5,187500,0,3562500,1,1700000,0,0.00,0.00,0.00,'2015-02-02 02:08:40','',''),(138,'PMB2014150325','','Feliciana Wihelmus','349','0031684474',3,'',1,0,'',3,5,16,2,0,5,1,0,'P','Surabaya','2003-02-12','',0,0,'',0.0,0.0,'-',X'','Nanas Utara I / 30 PCI','','','','','','','','','','','',3750000,3562500,0,0,5,187500,0,3562500,1,1700000,0,0.00,0.00,0.00,'2015-02-02 02:08:55','',''),(139,'PMB2014150326','','Henry Ryan Hartono','270','0031550425',3,'',1,0,'',3,5,16,2,0,5,1,0,'L','Surabaya','2003-06-18','',0,0,'',0.0,0.0,'-',X'','Rungkut Asri Barat V/7','','','','','','','','','','','',3750000,3562500,0,0,5,187500,0,3562500,1,1700000,0,0.00,0.00,0.00,'2015-02-02 02:09:06','',''),(140,'PMB2014150327','','Kristoforus Stanley Tjahya Kusuma','273','0035049660',3,'',1,0,'',3,5,16,2,0,4,1,0,'L','Surabaya','2003-11-01','',0,0,'',0.0,0.0,'-',X'','Nginden Intan Barat C4/ 22','','','','','','','','','','','',3750000,3562500,0,0,5,187500,0,3562500,1,1700000,0,0.00,0.00,0.00,'2015-02-02 02:09:18','',''),(141,'PMB2014150328','','Luisa Angela Hadi','274','0031550430',3,'',1,0,'',3,5,16,2,0,4,1,0,'P','Surabaya','2003-07-10','',0,0,'',0.0,0.0,'-',X'','Wonorejo Permai Sel. V-2 / CC-387','','','','','','','','','','','',3750000,3562500,0,0,5,187500,0,3562500,1,1700000,0,0.00,0.00,0.00,'2015-02-02 02:09:31','',''),(142,'PMB2014150329','','Nichole Yang','275','0031550422',3,'',1,0,'',3,5,16,2,0,5,1,0,'L','Surabaya','2003-06-06','',0,0,'',0.0,0.0,'-',X'','Pondok Mutiara J-4 Sda.','','','','','','','','','','','',3750000,3562500,0,0,5,187500,0,3562500,1,1700000,0,0.00,0.00,0.00,'2015-02-02 02:09:47','',''),(143,'PMB2014150330','','Odilia Irene','276','0031550408',3,'',1,0,'',3,5,16,2,0,5,1,0,'P','Surabaya','2003-02-26','',0,0,'',0.0,0.0,'-',X'','Kutisari XII A / 4','','','','','','','','','','','',3750000,3562500,0,0,5,187500,0,3562500,1,1700000,0,0.00,0.00,0.00,'2015-02-02 02:10:04','',''),(144,'PMB2014150331','','Winston Sujayaputera','278','0022128412',3,'',1,0,'',3,5,16,2,0,5,1,0,'L','Surabaya','2003-07-29','',0,0,'',0.0,0.0,'-',X'','Dharmahusada Mas BB-17','','','','','','','','','','','',3750000,3562500,0,0,5,187500,0,3562500,1,1700000,0,0.00,0.00,0.00,'2015-02-02 02:10:25','',''),(145,'PMB2014150332','','Richard Kurniawan','277','0031550429',3,'',1,0,'',3,5,16,2,0,5,1,0,'L','Surabaya','2003-06-26','',0,0,'',0.0,0.0,'-',X'','Kutisari XII A / 4','','8482969','','','','','','','','','',3750000,3562500,0,0,5,187500,0,3562500,1,1700000,0,0.00,0.00,0.00,'2015-02-02 02:13:35','',''),(146,'PMB2014150346','','Aida Estella Budiyono','141','0027571106',2,'',1,0,'',2,12,6,2,0,4,1,0,'P','Surabaya','2002-03-12','',0,0,'',0.0,0.0,'-',X'','Wisata Bukit Mas B7/2','','7534507','','','','','','','','','',0,0,0,0,5,0,0,0,1,0,0,0.00,0.00,0.00,'2015-02-02 04:40:16','',''),(147,'PMB2014150352','','Angela Joan Parmenas','142','0021836879',2,'',1,0,'',2,12,6,2,0,5,1,0,'L','Surabaya','2002-09-24','',0,0,'',0.0,0.0,'-',X'','Sukomanunggal Jaya XI/XL 25, Surabaya','','','','','','','','','','','',0,0,0,0,5,0,0,0,1,0,0,0.00,0.00,0.00,'2015-02-02 04:40:31','',''),(148,'PMB2014150353','','Bryan Nathaniel Santoso','144','0021836849',2,'',1,0,'',2,12,6,2,0,5,1,0,'L','Surabaya','2002-02-03','',0,0,'',0.0,0.0,'-',X'','Darmo Baru Barat IX/23 Surabaya','','7315904','','','','','','','','','',0,0,0,0,5,0,0,0,1,0,0,0.00,0.00,0.00,'2015-02-02 04:40:45','',''),(149,'PMB2014150354','','Cathlin Valerie','145','0021836871',2,'',1,0,'',2,12,6,2,0,5,1,0,'P','Surabaya','2002-08-27','',0,0,'',0.0,0.0,'-',X'','Taman Gapura E1/39 Surabaya','','7457111','','','','','','','','','',0,0,0,0,5,0,0,0,1,0,0,0.00,0.00,0.00,'2015-02-02 04:40:58','',''),(150,'PMB2014150355','','Christopher Gunarto','147','0021836845',2,'',1,0,'',2,12,6,2,0,5,1,0,'L','Surabaya','2002-01-09','',0,0,'',0.0,0.0,'-',X'','Taman Darmo Harapan EG-2, Surabaya','','7324861','','','','','','','','','',0,0,0,0,5,0,0,0,1,0,0,0.00,0.00,0.00,'2015-02-02 04:41:13','',''),(151,'PMB2014150356','','Darren Boesono','148','0021836872',2,'',1,0,'',2,12,6,2,0,5,1,0,'L','Surabaya','2002-07-28','',0,0,'',0.0,0.0,'-',X'','Pakuwon Indah VBR 1, PC3-12 Sby','','7391975','','','','','','','','','',0,0,0,0,5,0,0,0,1,0,0,0.00,0.00,0.00,'2015-02-02 04:41:29','',''),(152,'PMB2014150357','','David Deandre','149','0025210418',2,'',1,0,'',2,12,6,2,0,5,1,0,'L','Palembang','2002-12-20','',0,0,'',0.0,0.0,'-',X'','Jl. Darmo Baru Barat XI/16 Surabaya','','','','','','','','','','','',0,0,0,0,5,0,0,0,1,0,0,0.00,0.00,0.00,'2015-02-02 04:41:45','',''),(153,'PMB2014150358','','Eric Tedja','151','0022051353',2,'',1,0,'',2,12,6,2,0,4,1,0,'L','','0000-00-00','',0,0,'',0.0,0.0,'-',X'','Raya Bima Sakti GS-37B THS, Surabaya','','7345510','','','','','','','','','',0,0,0,0,5,0,0,0,1,0,0,0.00,0.00,0.00,'2015-02-02 04:42:04','',''),(154,'PMB2014150359','','Felix Ricardo Thuatja','152','0022136167',2,'',1,0,'',2,12,6,2,0,1,1,0,'L','Surabaya','2002-06-07','',0,0,'',0.0,0.0,'-',X'','Ngagel 17 RK 12A, Surabaya','','5014438','','','','','','','','','',0,0,0,0,5,0,0,0,1,0,0,0.00,0.00,0.00,'2015-02-02 04:42:23','',''),(155,'PMB2014150360','','Hongjoe Hartono','158','0021836874',2,'',1,0,'',2,12,6,2,0,5,1,0,'L','Surabaya','2002-08-25','',0,0,'',0.0,0.0,'-',X'','Permata Safira B1/3 Surabaya','','','','','','','','','','','',0,0,0,0,5,0,0,0,1,0,0,0.00,0.00,0.00,'2015-02-02 04:42:37','',''),(156,'PMB2014150362','','Ivana Tejokusumo','160','0015699427',2,'',1,0,'',2,12,6,2,0,5,1,0,'P','Surabaya','2002-11-12','',0,0,'',0.0,0.0,'-',X'','Darmo Baru Barat I / 34 Surabaya','','','','','','','','','','','',0,0,0,0,5,0,0,0,1,0,0,0.00,0.00,0.00,'2015-02-02 04:42:50','',''),(157,'PMB2014150363','','Jonathan Tejakusuma','164','0021836843',2,'',1,0,'',2,12,6,2,0,5,1,0,'L','Surabaya','2002-01-07','',0,0,'',0.0,0.0,'-',X'','Pakuwon Indah AT 4/16 Surabaya','','7523311','','','','','','','','','',0,0,0,0,5,0,0,0,1,0,0,0.00,0.00,0.00,'2015-02-02 04:43:06','',''),(158,'PMB2014150364','','Julianne Annabelle','165','0021836864',2,'',1,0,'',2,12,6,2,0,5,1,0,'P','Surabaya','2002-06-24','',0,0,'',0.0,0.0,'-',X'','Graha Famili O-101-A Surabaya','','5620263','','','','','','','','','',0,0,0,0,5,0,0,0,1,0,0,0.00,0.00,0.00,'2015-02-02 04:43:21','',''),(159,'PMB2014150365','','Katarina Kartika','167','0021836875',2,'',1,0,'',2,12,6,2,0,0,1,0,'P','','0000-00-00','',0,0,'',0.0,0.0,'-',X'','','','','','','','','','','','','',0,0,0,0,5,0,0,0,1,0,0,0.00,0.00,0.00,'2015-02-02 04:43:34','',''),(160,'PMB2014150366','','Kent Keitaro Chandra','168','0015699430',2,'',1,0,'',2,12,6,2,0,4,1,0,'L','Surabaya','2002-04-30','',0,0,'',0.0,0.0,'-',X'','Puri Sentra Raya PS 1/37, Citraland','','','','','','','','','','','',0,0,0,0,5,0,0,0,1,0,0,0.00,0.00,0.00,'2015-02-02 04:43:50','',''),(161,'PMB2014150367','','Martinus Yudha','170','0015699425',2,'',1,0,'',2,12,6,2,0,4,1,0,'L','Surabaya','2001-11-07','',0,0,'',0.0,0.0,'-',X'','Puri Sentra Raya EXT PS 1-50 Q ,Citraland','','','','','','','','','','','',0,0,0,0,5,0,0,0,1,0,0,0.00,0.00,0.00,'2015-02-02 04:44:04','',''),(162,'PMB2014150368','','Maximillian Donovan','172','0021836846',2,'',1,0,'',2,12,6,2,0,5,1,0,'L','Surabaya','2002-01-26','',0,0,'',0.0,0.0,'-',X'','Vila Taman Telaga TJ 2/52, Surabaya','','7443444','','','','','','','','','',0,0,0,0,5,0,0,0,1,0,0,0.00,0.00,0.00,'2015-02-02 04:44:17','',''),(163,'PMB2014150369','','Michael Christopher Jerrel','175','0021836862',2,'',1,0,'',2,12,6,2,0,4,1,0,'L','Surabaya','2002-02-25','',0,0,'',0.0,0.0,'-',X'','Darmo Baru Barat XI/II Surabaya','','','','','','','','','','','',0,0,0,0,5,0,0,0,1,0,0,0.00,0.00,0.00,'2015-02-02 04:44:32','',''),(164,'PMB2014150370','','Stanley Sigit','178','0021836863',2,'',1,0,'',2,12,6,2,0,5,1,0,'L','Surabaya','2002-06-16','',0,0,'',0.0,0.0,'-',X'','Pakuwon Indah ATL-23 Surabaya','','7535518','','','','','','','','','',0,0,0,0,5,0,0,0,1,0,0,0.00,0.00,0.00,'2015-02-02 04:44:46','',''),(165,'PMB2014150371','','Wilson Tjowanta','180','0021058445',2,'',1,0,'',2,12,6,2,0,5,1,0,'L','Surabaya','2002-02-17','',0,0,'',0.0,0.0,'-',X'','Pakis Bukit Asoka R-18, Surabaya','','','','','','','','','','','',0,0,0,0,5,0,0,0,1,0,0,0.00,0.00,0.00,'2015-02-02 04:44:59','',''),(166,'PMB2014150372','','Audrey Thoenie Pangestu','143','0003628554',2,'',1,0,'',2,12,6,2,0,5,1,0,'L','Surabaya','2002-04-13','',0,0,'',0.0,0.0,'-',X'','Simp. Darmo Permai Sel XIX/23 Sby','','','','','','','','','','','',0,0,0,0,5,0,0,0,1,0,0,0.00,0.00,0.00,'2015-02-02 06:22:03','',''),(167,'PMB2014150373','','Eldon Wijaya','150','0021836883',2,'',1,0,'',2,12,6,2,0,5,1,0,'L','Surabya','2002-12-27','',0,0,'',0.0,0.0,'-',X'','Gemblongan 4/8 Surabaya','','','','','','','','','','','',0,0,0,0,5,0,0,0,1,0,0,0.00,0.00,0.00,'2015-02-02 06:22:21','',''),(168,'PMB2014150374','','Christian Tjandra','146','0021058449',2,'',1,0,'',2,12,6,2,0,4,1,0,'L','Surabaya','2002-07-10','',0,0,'',0.0,0.0,'-',X'','Dukuh Kupang XXX/14,Surabaya','','','','','','','','','','','',0,0,0,0,5,0,0,0,1,0,0,0.00,0.00,0.00,'2015-02-02 06:22:35','',''),(169,'PMB2014150375','','Gavin Owen Susanto','153','0021836844',2,'',1,0,'',2,12,6,2,0,4,1,0,'L','Surabaya','2002-01-09','',0,0,'',0.0,0.0,'-',X'','Petemon 3/139 Surabaya','','','','','','','','','','','',0,0,0,0,5,0,0,0,1,0,0,0.00,0.00,0.00,'2015-02-02 06:22:54','',''),(170,'PMB2014150376','','Gerry William Sunaryo','154','blmada',2,'',1,0,'',2,12,6,2,0,5,1,0,'L','Surabaya','2002-02-06','',0,0,'',0.0,0.0,'-',X'','Delta Raya Selatan No.15, Sidoarjo','','8552106','','','','','','','','','',0,0,0,0,5,0,0,0,1,0,0,0.00,0.00,0.00,'2015-02-02 06:23:11','',''),(171,'PMB2014150377','','Hansen Lienardi','155','0015699431',2,'',1,0,'',2,12,6,2,0,5,1,0,'L','Surabaya','2001-12-20','',0,0,'',0.0,0.0,'-',X'','Kupang Indah XI / 11B Surabaya','','0317326978','','','','','','','','','',0,0,0,0,5,0,0,0,1,0,0,0.00,0.00,0.00,'2015-02-02 06:23:25','',''),(172,'PMB2014150378','','Henson Edward Hidayat','156','21058454',2,'',1,0,'',2,12,6,2,0,4,1,0,'L','Surabaya','2002-08-20','',0,0,'',0.0,0.0,'-',X'','Graha Family A-8','','','','','','','','','','','',0,0,0,0,5,0,0,0,1,0,0,0.00,0.00,0.00,'2015-02-02 06:23:44','',''),(173,'PMB2014150379','','Herman Albert Dimaclid Sionosa','157','blmada',2,'',1,0,'',2,12,6,2,0,5,1,0,'L','Filipina','2002-01-23','',0,0,'',0.0,0.0,'-',X'','Apartemen Puncak Permai Tower B, Sby','','','','','','','','','','','',0,0,0,0,5,0,0,0,1,0,0,0.00,0.00,0.00,'2015-02-02 06:23:59','',''),(174,'PMB2014150380','','Isabel Felicia','159','0021836848',2,'',1,0,'',2,12,6,2,0,5,1,0,'P','Surabaya','2002-02-02','',0,0,'',0.0,0.0,'-',X'','Rafles Garden TB XII/35, Surabaya','','7400643','','','','','','','','','',0,0,0,0,5,0,0,0,1,0,0,0.00,0.00,0.00,'2015-02-02 06:24:13','',''),(175,'PMB2014150381','','Jason Claudio Salim','161','0021836865',2,'',1,0,'',2,12,6,2,0,4,1,0,'L','Surabaya','2002-06-26','',0,0,'',0.0,0.0,'-',X'','Anjasmoro 34 Surabaya','','8416130','','','','','','','','','',0,0,0,0,5,0,0,0,1,0,0,0.00,0.00,0.00,'2015-02-02 06:24:29','',''),(176,'PMB2014150382','','Jefferson Soewargo','162','0021836856',2,'',1,0,'',2,12,6,2,0,5,1,0,'L','Surabaya','2002-04-06','',0,0,'',0.0,0.0,'-',X'','Royal Park TL IV/23 Citraland, Surabaya','','','','','','','','','','','',0,0,0,0,5,0,0,0,1,0,0,0.00,0.00,0.00,'2015-02-02 06:24:49','',''),(177,'PMB2014150383','','Jennifer','163','0021836870',2,'',1,0,'',2,12,6,2,0,5,1,0,'P','Surabaya','2002-07-27','',0,0,'',0.0,0.0,'-',X'','Graha Famili FF-29, Surabaya','','7535449','','','','','','','','','',0,0,0,0,5,0,0,0,1,0,0,0.00,0.00,0.00,'2015-02-02 06:25:03','',''),(178,'PMB2014150384','','Justin Andrew Wijaya','166','0022440735',2,'',1,0,'',2,12,6,2,0,4,1,0,'L','Surabaya','2002-06-26','',0,0,'',0.0,0.0,'-',X'','Kupang Indah XII/7 Surabaya','','0317326867','','','','','','','','','',0,0,0,0,5,0,0,0,1,0,0,0.00,0.00,0.00,'2015-02-02 06:25:16','',''),(179,'PMB2014150385','','Marissa Gabrielle','169','0015699430',2,'',1,0,'',2,12,6,2,0,0,1,0,'P','Surabaya','2001-12-19','',0,0,'',0.0,0.0,'-',X'','Vila Bukit Regensi 2 Blok PD 2 No.30 Sby','','','','','','','','','','','',0,0,0,0,5,0,0,0,1,0,0,0.00,0.00,0.00,'2015-02-02 06:25:30','',''),(180,'PMB2014150386','','Matthew Julian Santoso','171','0021836868',2,'',1,0,'',2,12,6,2,0,5,1,0,'L','Malang','2002-07-17','',0,0,'',0.0,0.0,'-',X'','Panglima Sudirman 67 Gresik','','','','','','','','','','','',0,0,0,0,5,0,0,0,1,0,0,0.00,0.00,0.00,'2015-02-02 06:25:44','',''),(181,'PMB2014150387','','Michael Abdi Wangi','173','0027336529',2,'',1,0,'',2,12,6,4,0,5,1,0,'L','Denpasar','2002-05-31','',0,0,'',0.0,0.0,'-',X'','Bukit Palma K4/23, Surabaya','','','','','','','','','','','',0,0,0,0,5,0,0,0,1,0,0,0.00,0.00,0.00,'2015-02-02 06:25:58','',''),(182,'PMB2014150388','','Michael Brandon','174','0021836847',2,'',1,0,'',2,12,6,2,0,5,1,0,'L','Surabaya','2002-01-30','',0,0,'',0.0,0.0,'-',X'','Raya Simogunung 6A, Surabaya','','','','','','','','','','','',0,0,0,0,5,0,0,0,1,0,0,0.00,0.00,0.00,'2015-02-02 06:26:13','',''),(183,'PMB2014150389','','Patricia Aiko','176','0021836866',2,'',1,0,'',2,12,6,2,0,5,1,0,'P','','0000-00-00','',0,0,'',0.0,0.0,'-',X'','Dukuh Kupang Barat TA/6 Surabaya','','','','','','','','','','','',0,0,0,0,5,0,0,0,1,0,0,0.00,0.00,0.00,'2015-02-02 06:26:28','',''),(184,'PMB2014150390','','Samuel Susanto','177','blmada',2,'',1,0,'',2,12,6,2,0,0,1,0,'L','','2002-12-19','',0,0,'',0.0,0.0,'-',X'','Yupiter B5/15','','','','','','','','','','','',0,0,0,0,5,0,0,0,1,0,0,0.00,0.00,0.00,'2015-02-02 06:26:40','',''),(185,'PMB2014150391','','Vincent Ariel Tju','179','0021836876',2,'',1,0,'',2,12,6,2,0,5,1,0,'L','Kediri','2002-08-29','',0,0,'',0.0,0.0,'-',X'','Taman Gapura F1/11 Surabaya','','7451096','','','','','','','','','',0,0,0,0,5,0,0,0,1,0,0,0.00,0.00,0.00,'2015-02-02 06:26:54','',''),(186,'PMB2014150347','','Angeline Vincentia Danyo','181','0021836858',3,'',1,0,'',3,5,6,2,0,5,1,0,'P','Surabaya','2002-04-15','',0,0,'',0.0,0.0,'-',X'','Manyar Jaya XI/ 17','','','','','','','','','','','',18000000,17100000,0,0,5,900000,0,17100000,1,2000000,0,0.00,0.00,0.00,'2015-02-02 06:27:47','',''),(187,'PMB2014150393','','Celine Gunawan','182','0021870286',3,'',1,0,'',3,5,6,2,0,4,1,0,'P','Surabaya','2002-03-17','',0,0,'',0.0,0.0,'-',X'','Medokan Ayu II/O-18','','','','','','','','','','','',18000000,17100000,0,0,5,900000,0,17100000,1,2000000,0,0.00,0.00,0.00,'2015-02-02 06:28:02','',''),(188,'PMB2014150394','','Christopher Faith','183','0021836854',3,'',1,0,'',3,5,6,2,0,5,1,0,'L','Surabaya','2002-03-27','',0,0,'',0.0,0.0,'-',X'','Galaxi Bumi Permai N4/25','','','','','','','','','','','',18000000,17100000,0,0,5,900000,0,17100000,1,2000000,0,0.00,0.00,0.00,'2015-02-02 06:28:23','',''),(189,'PMB2014150395','','Christovan Chi','184','0021836851',3,'',1,0,'',3,5,6,2,0,5,1,0,'L','Surabaya','2002-02-20','',0,0,'',0.0,0.0,'-',X'','Wonorejo Permai Timur I/67 (EE-229)','','','','','','','','','','','',18000000,17100000,0,0,5,900000,0,17100000,1,2000000,0,0.00,0.00,0.00,'2015-02-02 06:28:36','',''),(190,'PMB2014150396','','Daniel Matthew','186','0021836859',3,'',1,0,'',3,5,6,2,0,5,1,0,'L','Surabaya','2002-08-05','',0,0,'',0.0,0.0,'-',X'','Klampis Indah III/ 30 C-14','','','','','','','','','','','',18000000,17100000,0,0,5,900000,0,17100000,1,2000000,0,0.00,0.00,0.00,'2015-02-02 06:29:49','',''),(191,'PMB2014150397','','Filbert Karsten Thomas','187','0022152900',3,'',1,0,'',3,5,6,2,0,5,1,0,'L','Jakarta','2002-02-28','',0,0,'',0.0,0.0,'-',X'','Nginden Intan Timur VI / 67','','','','','','','','','','','',18000000,17100000,0,0,5,900000,0,17100000,1,2000000,0,0.00,0.00,0.00,'2015-02-02 06:30:01','',''),(192,'PMB2014150398','','Gabriella Theodora','188','0025210413',3,'',1,0,'',3,5,6,2,0,5,1,0,'P','Surabaya','2002-09-12','',0,0,'',0.0,0.0,'-',X'','Gading Pantai 29','','3898932','','','','','','','','','',18000000,17100000,0,0,5,900000,0,17100000,1,2000000,0,0.00,0.00,0.00,'2015-02-02 06:30:15','',''),(193,'PMB2014150399','','Gerald Chandra Tedjakusuma','189','0025210411',3,'',1,0,'',3,5,6,2,0,5,1,0,'L','Surabaya','2002-03-07','',0,0,'',0.0,0.0,'-',X'','Medokan Ayu III E - 10','','','','','','','','','','','',18000000,17100000,0,0,5,900000,0,17100000,1,2000000,0,0.00,0.00,0.00,'2015-02-02 06:30:34','',''),(194,'PMB2014150400','','Jonathan James Dewanto','190','0021836867',3,'',1,0,'',3,5,6,2,0,5,1,0,'L','New York','2002-07-08','',0,0,'',0.0,0.0,'-',X'','Galaxi Bumi Permai K3/ 2','','','','','','','','','','','',18000000,17100000,0,0,5,900000,0,17100000,1,2000000,0,0.00,0.00,0.00,'2015-02-02 06:30:46','',''),(195,'PMB2014150401','','Michelin Andre','191','0025210412',3,'',1,0,'',3,5,6,2,0,5,1,0,'L','Surabaya','2002-05-16','',0,0,'',0.0,0.0,'-',X'','Raya Sedati Gede 81','','','','','','','','','','','',18000000,17100000,0,0,5,900000,0,17100000,1,2000000,0,0.00,0.00,0.00,'2015-02-02 06:30:59','',''),(196,'PMB2014150402','','Phoebe Purnama','192','0021836881',3,'',1,0,'',3,5,6,2,0,5,1,0,'L','Surabaya','2002-11-03','',0,0,'',0.0,0.0,'-',X'','Rk Panji Makmur D-10, Jl. Panj. Jiwo 46','','','','','','','','','','','',18000000,17100000,0,0,5,900000,0,17100000,1,2000000,0,0.00,0.00,0.00,'2015-02-02 06:31:11','',''),(197,'PMB2014150403','','Anderson Siswanto','130','0014911180',3,'',1,0,'',3,5,17,2,0,5,1,0,'L','Surabaya','2001-06-23','',0,0,'',0.0,0.0,'-',X'','Baruk Barat IX / A-92, Surabaya','','71128007','','','','','','','','','',13500000,12825000,0,0,5,675000,0,12825000,1,2000000,0,0.00,0.00,0.00,'2015-02-03 05:26:57','',''),(198,'PMB2014150432','','Aveles','131','0018311336',3,'',1,0,'',3,5,17,2,0,5,1,0,'L','Surabaya','2001-11-11','',0,0,'',0.0,0.0,'-',X'','Kalirungkut 27 / C-55, Surabaya','','','','','','','','','','','',13500000,12825000,0,0,5,675000,0,12825000,1,2000000,0,0.00,0.00,0.00,'2015-02-03 05:27:12','',''),(199,'PMB2014150433','','Clive Marvelous','132','0018311330',3,'',1,0,'',3,5,17,2,0,5,1,0,'L','Surabaya','2001-09-28','',0,0,'',0.0,0.0,'-',X'','Nelayan 32, Surabaya','','3539609','','','','','','','','','',13500000,12825000,0,0,5,675000,0,12825000,1,2000000,0,0.00,0.00,0.00,'2015-02-03 05:27:27','',''),(200,'PMB2014150434','','Graciella Theoderus','133','0018311299',3,'',1,0,'',3,5,17,2,0,5,1,0,'P','Surabaya','2001-03-07','',0,0,'',0.0,0.0,'-',X'','Baruk Barat 3 / B-123, Surabaya','','8709153','','','','','','','','','',13500000,12825000,0,0,5,675000,0,12825000,1,2000000,0,0.00,0.00,0.00,'2015-02-03 05:27:39','',''),(201,'PMB2014150435','','Indradi Lukman','134','0018311308',3,'',1,0,'',3,5,17,2,0,5,1,0,'L','Surabaya','2001-04-30','',0,0,'',0.0,0.0,'-',X'','Rungkut Mapan Timur IXEl-12, Surabaya','','','','','','','','','','','',13500000,12825000,0,0,5,675000,0,12825000,1,2000000,0,0.00,0.00,0.00,'2015-02-03 05:27:55','',''),(202,'PMB2014150436','','Irvin Kalevi Limanjaya','135','0018311321',3,'',1,0,'',3,5,17,2,0,1,1,0,'L','Surabaya','2001-09-01','',0,0,'',0.0,0.0,'-',X'','Barata Jaya XV / 10, Surabaya','','5045203','','','','','','','','','',13500000,12825000,0,0,5,675000,0,12825000,1,2000000,0,0.00,0.00,0.00,'2015-02-03 05:28:10','',''),(203,'PMB2014150437','','Natasya Anindita','136','0004239358',3,'',1,0,'',3,5,17,2,0,5,1,0,'P','Surabaya','2000-05-05','',0,0,'',0.0,0.0,'-',X'','Manyar Tirtomoyo 3/14, Surabaya','','5940713','','','','','','','','','',13500000,12825000,0,0,5,675000,0,12825000,1,2000000,0,0.00,0.00,0.00,'2015-02-03 05:28:24','',''),(204,'PMB2014150392','','Adrian Rizaldy Hoemisch','094','0018311339',2,'',1,0,'',2,12,17,2,0,3,1,0,'L','Surabaya','2001-12-19','',0,0,'',0.0,0.0,'-',X'','Perum Delta Sari Baru Jl. Delta Raya Utara No.88 SDA','','70329324','','','','','','','','','',0,0,0,0,5,0,0,0,1,0,0,0.00,0.00,0.00,'2015-02-03 05:29:19','',''),(205,'PMB2014150404','','Agnes Daniella','095','0018311296',2,'',1,0,'',2,12,17,2,0,0,1,0,'L','Surabaya','2001-03-02','',0,0,'',0.0,0.0,'-',X'','Jajar Tunggal Selatan V/O-9 Surabaya','','7313489','','','','','','','','','',0,0,0,0,5,0,0,0,1,0,0,0.00,0.00,0.00,'2015-02-03 05:29:28','',''),(206,'PMB2014150405','','Angeline Sugiarto','096','0018311332',2,'',1,0,'',2,12,17,2,0,0,1,0,'P','USA','2001-10-13','',0,0,'',0.0,0.0,'-',X'','Villa Valencia PA 7/47 Surabaya','','7329580','','','','','','','','','',0,0,0,0,5,0,0,0,1,0,0,0.00,0.00,0.00,'2015-02-03 05:29:39','',''),(207,'PMB2014150406','','Christopher Rayner Halim','098','0018311331',2,'',1,0,'',2,12,17,2,0,5,1,0,'L','Surabaya','2001-10-04','',0,0,'',0.0,0.0,'-',X'','Gedung Nasional No.11 Surabaya','','5310687','','','','','','','','','',0,0,0,0,5,0,0,0,1,0,0,0.00,0.00,0.00,'2015-02-03 05:29:53','',''),(208,'PMB2014150407','','Christy','099','0025210409',2,'',1,0,'',2,12,17,2,0,1,1,0,'P','Surabaya','2001-01-25','',0,0,'',0.0,0.0,'-',X'','Dupak 17 Ruko Pasifik Megak Blok D-5','','','','','','','','','','','',0,0,0,0,5,0,0,0,1,0,0,0.00,0.00,0.00,'2015-02-03 05:30:07','',''),(209,'PMB2014150408','','Dylan Gregory','101','0018311318',2,'',1,0,'',2,12,17,2,0,4,1,0,'L','Surabaya','2001-08-18','',0,0,'',0.0,0.0,'-',X'','Taman Puspa Raya B 8/9 Surabaya','','','','','','','','','','','',0,0,0,0,5,0,0,0,1,0,0,0.00,0.00,0.00,'2015-02-03 05:30:19','',''),(210,'PMB2014150409','','Gebryella Natasya Prayogo','102','0002864362',2,'',1,0,'',2,12,17,2,0,5,1,0,'P','Surabaya','2000-11-14','',0,0,'',0.0,0.0,'-',X'','Kapasari V/16, Surabaya','','7520099','','','','','','','','','',0,0,0,0,5,0,0,0,1,0,0,0.00,0.00,0.00,'2015-02-03 05:30:32','',''),(211,'PMB2014150410','','Irene Belinda','105','blmada',2,'',1,0,'',2,12,17,2,0,5,1,0,'P','Surabaya','2001-01-31','',0,0,'',0.0,0.0,'-',X'','Vila Bukit Regency 3 PE 13 No.9 Sby','','','','','','','','','','','',0,0,0,0,5,0,0,0,1,0,0,0.00,0.00,0.00,'2015-02-03 05:30:46','',''),(214,'PMB2014150412','','Josephine Michelle Chang','110','0018311334',2,'',1,0,'',2,12,17,2,0,5,1,0,'P','Surabaya','2001-10-30','',0,0,'',0.0,0.0,'-',X'','Darmo Hills Blok P-12 Surabaya','','636338','','','','','','','','','',0,0,0,0,5,0,0,0,1,0,0,0.00,0.00,0.00,'2015-02-03 05:32:57','',''),(215,'PMB2014150411','','Jason Yaputra','108','0018311313',2,'',1,0,'',2,12,17,2,0,5,1,0,'L','Surabaya','2001-07-18','',0,0,'',0.0,0.0,'-',X'','Pakis Tirtosari 15/5 Surabaya','','','','','','','','','','','',0,0,0,0,5,0,0,0,1,0,0,0.00,0.00,0.00,'2015-02-03 05:33:11','',''),(216,'PMB2014150413','','Kenneth Nathanael Thenios','112','0014651633',2,'',1,0,'',2,12,17,2,0,5,1,0,'L','Surabaya','2001-10-13','',0,0,'',0.0,0.0,'-',X'','Wonokitri Indah A-15, Surabaya','','','','','','','','','','','',0,0,0,0,5,0,0,0,1,0,0,0.00,0.00,0.00,'2015-02-03 05:33:53','',''),(217,'PMB2014150414','','Michelle Hernandez','115','0018311315',2,'',1,0,'',2,12,17,2,0,5,1,0,'P','Malang','2001-07-30','',0,0,'',0.0,0.0,'-',X'','Petemon Timur 120 Surabaya','','5351805','','','','','','','','','',0,0,0,0,5,0,0,0,1,0,0,0.00,0.00,0.00,'2015-02-03 05:34:09','',''),(218,'PMB2014150415','','Vanessa Liem','122','0015059807',2,'',1,0,'',2,12,17,2,0,5,1,0,'P','Surabaya','2001-11-13','',0,0,'',0.0,0.0,'-',X'','Sepanjang Town Haouse C 15-16 SDA','','','','','','','','','','','',0,0,0,0,5,0,0,0,1,0,0,0.00,0.00,0.00,'2015-02-03 05:34:24','',''),(219,'PMB2014150416','','Vondrea Cassey Andoko','125','0018311325',2,'',1,0,'',2,12,17,2,0,4,1,0,'P','Surabaya','2001-09-12','',0,0,'',0.0,0.0,'-',X'','Taman Pondok Indah TX-15 Surabaya','','','','','','','','','','','',0,0,0,0,5,0,0,0,1,0,0,0.00,0.00,0.00,'2015-02-03 05:34:38','',''),(220,'PMB2014150431','','Jesslyn Antoinette Sutandyo','109','0018311337',2,'',1,0,'',2,12,17,2,0,5,1,0,'P','Surabaya','2001-11-25','',0,0,'',0.0,0.0,'-',X'','Dukuh Kupang Barat VII/28 Surabaya','','5621891','','','','','','','','','',0,0,0,0,5,0,0,0,1,0,0,0.00,0.00,0.00,'2015-02-03 05:42:01','',''),(221,'PMB2014150417','','Christopher Louis','097','0018311338',2,'',1,0,'',2,12,17,2,0,5,1,0,'L','Surabaya','2001-12-03','',0,0,'',0.0,0.0,'-',X'','Taman Pondok Indah AA-2 Surabaya','','70310768','','','','','','','','','',0,0,0,0,5,0,0,0,1,0,0,0.00,0.00,0.00,'2015-02-03 05:44:59','',''),(222,'PMB2014150418','','Giselle Angelique','103','0018311304',2,'',1,0,'',2,12,17,2,0,4,1,0,'P','Surabaya','2000-03-28','',0,0,'',0.0,0.0,'-',X'','Vila Bukit Mas Mediterian K-8 SBY','','70310768','','','','','','','','','',0,0,0,0,5,0,0,0,1,0,0,0.00,0.00,0.00,'2015-02-03 05:45:22','',''),(223,'PMB2014150419','','Hilary','104','0018311327',2,'',1,0,'',2,12,17,2,0,1,1,0,'P','Surabaya','2001-09-21','',0,0,'',0.0,0.0,'-',X'','Dupak 17 Blok B9 Surabaya','','7091183','','','','','','','','','',0,0,0,0,5,0,0,0,1,0,0,0.00,0.00,0.00,'2015-02-03 05:45:34','',''),(224,'PMB2014150420','','Jade Vanessa Pangkey','106','0018311297',2,'',1,0,'',2,12,17,2,0,5,1,0,'P','Surabaya','2001-03-02','',0,0,'',0.0,0.0,'-',X'','Griya Babatan Mukti M-76 Surabaya','','7530210','','','','','','','','','',0,0,0,0,5,0,0,0,1,0,0,0.00,0.00,0.00,'2015-02-03 05:45:49','',''),(225,'PMB2014150421','','Jason Tanujaya','107','0007935373',2,'',1,0,'',2,12,17,2,0,0,1,0,'L','Jakarta','2001-11-20','',0,0,'',0.0,0.0,'-',X'','Vila Bukit Regensi 3 PE 8/26 SBY','','7391671','','','','','','','','','',0,0,0,0,5,0,0,0,1,0,0,0.00,0.00,0.00,'2015-02-03 05:46:01','',''),(226,'PMB2014150422','','Kelvin Williams','111','0013215132',2,'',1,0,'',2,12,17,2,0,1,1,0,'L','Denpasar','2001-07-09','',0,0,'',0.0,0.0,'-',X'','The Mansion PF-5/22 Pakuwon Indah','','7391671','','','','','','','','','',0,0,0,0,5,0,0,0,1,0,0,0.00,0.00,0.00,'2015-02-03 05:46:14','',''),(227,'PMB2014150423','','Kezia Ratih Puspaningrum K.F','113','0025210410',2,'',1,0,'',2,12,17,2,0,5,1,0,'P','Surabaya','2002-02-23','',0,0,'',0.0,0.0,'-',X'','Tengger Kendangan 19/3 Sby','','70867222','','','','','','','','','',0,0,0,0,5,0,0,0,1,0,0,0.00,0.00,0.00,'2015-02-03 05:46:31','',''),(228,'PMB2014150424','','Michelle Yang','116','0018311305',2,'',1,0,'',2,12,17,2,0,1,1,0,'L','Surabaya','2001-04-07','',0,0,'',0.0,0.0,'-',X'','Jl. Semarang 106 B Blok A-18 Surabaya','','','','','','','','','','','',0,0,0,0,5,0,0,0,1,0,0,0.00,0.00,0.00,'2015-02-03 05:46:44','',''),(229,'PMB2014150425','','Monica Gabriela','117','0018311317',2,'',1,0,'',2,12,17,2,0,4,1,0,'P','Surabaya','2001-08-13','',0,0,'',0.0,0.0,'-',X'','Taman International I Blok C-1/21 SBY','','71205898','','','','','','','','','',0,0,0,0,5,0,0,0,1,0,0,0.00,0.00,0.00,'2015-02-03 05:46:57','',''),(230,'PMB2014150426','','Natalie Julianto','118','0002864365',2,'',1,0,'',2,12,17,2,0,5,1,0,'P','Surabaya','2000-12-10','',0,0,'',0.0,0.0,'-',X'','Darmo Hill Blok L-21A Surabaya','','70912379','','','','','','','','','',0,0,0,0,5,0,0,0,1,0,0,0.00,0.00,0.00,'2015-02-03 05:47:10','',''),(231,'PMB2014150427','','Nathanael Ray Samuel','119','0015699499',2,'',1,0,'',2,12,17,2,0,5,1,0,'L','Surabaya','2001-03-19','',0,0,'',0.0,0.0,'-',X'','Dukuh Kupang Barat TA/6 Surabaya','','70976447','','','','','','','','','',0,0,0,0,5,0,0,0,1,0,0,0.00,0.00,0.00,'2015-02-03 05:47:23','',''),(232,'PMB2014150428','','Nicholas Matthew','120','0002864366',2,'',1,0,'',2,12,17,2,0,5,1,0,'L','Surabaya','2001-12-10','',0,0,'',0.0,0.0,'-',X'','Bukit Darmo Golf Regency D-10 Sby','','','','','','','','','','','',0,0,0,0,5,0,0,0,1,0,0,0.00,0.00,0.00,'2015-02-03 05:47:36','',''),(234,'PMB2014150429','','Verren Violeta','123','0018311307',2,'',1,0,'',2,12,17,2,0,5,1,0,'P','Surabaya','2001-04-25','',0,0,'',0.0,0.0,'-',X'','Petemon Barat 96 Surabaya','','5320496','','','','','','','','','',0,0,0,0,5,0,0,0,1,0,0,0.00,0.00,0.00,'2015-02-03 05:48:42','',''),(235,'PMB2014150430','','Vienna Augusta','124','0018311316',2,'',1,0,'',2,12,1,1,0,5,1,0,'P','Surabaya','2001-08-08','',0,0,'',0.0,0.0,'-',X'','Dharmahusada Indah Utara U-12 Sby','','','','','','','','','','','',0,0,0,0,5,0,0,0,1,0,0,0.00,0.00,0.00,'2015-02-03 05:48:56','',''),(236,'PMB2014150440','','Shiela Sutanto','121','0001106681',2,'',1,0,'',2,12,17,2,0,5,1,0,'P','Surabaya','2001-09-20','',0,0,'',0.0,0.0,'-',X'','Taman Hunian Satelit Yupiter BS 15, SBY','','7328360','','','','','','','','','',0,0,0,0,5,0,0,0,1,0,0,0.00,0.00,0.00,'2015-02-03 06:28:09','',''),(237,'PMB2014150438','','Philia Disca','137','0018311324',3,'',1,0,'',3,5,17,2,0,5,1,0,'P','Surabaya','2001-09-10','',0,0,'',0.0,0.0,'-',X'','Bendul Merisi Sel VI/7, Surabaya','','','','','','','','','','','',13500000,12825000,0,0,5,675000,0,12825000,1,2000000,0,0.00,0.00,0.00,'2015-02-03 06:32:42','',''),(238,'PMB2014150442','','Ricky Kurniawan','138','0002864367',3,'',1,0,'',3,5,17,2,0,5,1,0,'L','Surabaya','2001-12-29','',0,0,'',0.0,0.0,'-',X'','Kutisari XII A/6, Surabaya','','','','','','','','','','','',13500000,12825000,0,0,5,675000,0,12825000,1,2000000,0,0.00,0.00,0.00,'2015-02-03 06:32:54','',''),(239,'PMB2014150443','','Steven Andre Saputra','139','0018311302',3,'',1,0,'',3,5,17,2,0,5,1,0,'L','Surabaya','2001-03-20','',0,0,'',0.0,0.0,'-',X'','Raya Sedati Gede, Waru-Sidoarjo','','','','','','','','','','','',13500000,12825000,0,0,5,675000,0,12825000,1,2000000,0,0.00,0.00,0.00,'2015-02-03 06:33:05','',''),(241,'PMB2014150445','','Bryan Andrew Wijaya','047','0005278497',2,'',1,0,'',2,12,18,2,0,4,1,0,'L','Surabaya','2000-08-31','',0,0,'',0.0,0.0,'-',X'','Kupang Indah XII/7 Surabaya','','7326867','','','','','','','','','',0,0,0,0,5,0,0,0,1,0,0,0.00,0.00,0.00,'2015-02-06 05:27:07','',''),(242,'PMB2014150450','','Bryan Nicklaus Soesanto','048','0002864364',2,'',1,0,'',2,12,18,2,0,5,1,0,'L','Surabaya','2000-12-09','',0,0,'',0.0,0.0,'-',X'','Graha Family N-155 Surabaya','','7325666','','','','','','','','','',0,0,0,0,5,0,0,0,1,0,0,0.00,0.00,0.00,'2015-02-06 05:27:22','',''),(243,'PMB2014150451','','Dean Gracious','049','0004556643',2,'',1,0,'',2,12,18,2,0,1,1,0,'L','Surabaya','2000-03-10','',0,0,'',0.0,0.0,'-',X'','Citra Harmony G4/18 Sidoarjo','','','','','','','','','','','',0,0,0,0,5,0,0,0,1,0,0,0.00,0.00,0.00,'2015-02-06 05:27:46','',''),(244,'PMB2014150452','','Emeris','126','blmada',2,'',1,0,'',2,12,1,1,0,1,1,0,'P','Surabaya','2000-10-02','',0,0,'',0.0,0.0,'-',X'','Pondok Wiyung Indah Timur III-35 Blok NX-13','','','','','','','','','','','',0,0,0,0,5,0,0,0,1,0,0,0.00,0.00,0.00,'2015-02-06 05:28:03','',''),(245,'PMB2014150453','','Felecia Gunawan','127','blmada',2,'',1,0,'',2,12,18,2,0,4,1,0,'P','Sidoarjo','2000-09-20','',0,0,'',0.0,0.0,'-',X'','Jenggolo II No.2 Sidoarjo','','8921408','','','','','','','','','',0,0,0,0,5,0,0,0,1,0,0,0.00,0.00,0.00,'2015-02-06 05:28:17','',''),(246,'PMB2014150454','','Fontana Hadisurya Suhandinata','052','0006279895',2,'',1,0,'',2,12,18,2,0,1,1,0,'L','Surabaya','2000-09-08','',0,0,'',0.0,0.0,'-',X'','Wonokitri Indah A 12 Surabaya','','5673105','','','','','','','','','',0,0,0,0,5,0,0,0,1,0,0,0.00,0.00,0.00,'2015-02-06 05:28:32','',''),(247,'PMB2014150455','','Hanssen Budisantoso Wijaya','054','0004436041',2,'',1,0,'',2,12,18,2,0,5,1,0,'L','Surabaya','2000-09-10','',0,0,'',0.0,0.0,'-',X'','Satelit Utara 6/IT 17 Surabaya','','7317395','','','','','','','','','',0,0,0,0,5,0,0,0,1,0,0,0.00,0.00,0.00,'2015-02-06 05:28:45','',''),(248,'PMB2014150456','','Jessica Levina','055','0005750171',2,'',1,0,'',2,12,18,2,0,0,1,0,'P','Surabaya','2000-11-18','',0,0,'',0.0,0.0,'-',X'','Vila Bukit Mas Monaco TB 14 Surabaya','','','','','','','','','','','',0,0,0,0,5,0,0,0,1,0,0,0.00,0.00,0.00,'2015-02-06 05:28:58','',''),(249,'PMB2014150457','','Joshua Chang','058','0018311314',2,'',1,0,'',2,12,18,2,0,5,1,0,'L','Surabaya','2000-07-21','',0,0,'',0.0,0.0,'-',X'','Jl.Kendangsari Blok M-10 Sby','','72576248','','','','','','','','','',0,0,0,0,5,0,0,0,1,0,0,0.00,0.00,0.00,'2015-02-06 05:29:10','',''),(250,'PMB2014150459','','Julio Erson Chuanardi','059','0001106680',2,'',1,0,'',2,12,18,2,0,1,1,0,'L','Surabaya','2000-07-14','',0,0,'',0.0,0.0,'-',X'','Puri Widya Kencana J3-10 Surabaya','','','','','','','','','','','',0,0,0,0,5,0,0,0,1,0,0,0.00,0.00,0.00,'2015-02-06 05:29:23','',''),(251,'PMB2014150461','','Kevin Ferdinand','060','0004436037',2,'',1,0,'',2,12,18,2,0,4,1,0,'L','Surabaya','2000-08-18','',0,0,'',0.0,0.0,'-',X'','Jl. Dupak 72 Surabaya','','70616958','','','','','','','','','',0,0,0,0,5,0,0,0,1,0,0,0.00,0.00,0.00,'2015-02-06 05:29:45','',''),(252,'PMB2014150463','','Neysa Winaldo','064','0004436022',2,'',1,0,'',2,12,18,2,0,5,1,0,'P','Surabaya','2000-04-09','',0,0,'',0.0,0.0,'-',X'','Jl. Tanjung Sari Baru 4/21 Surabaya','','','','','','','','','','','',0,0,0,0,5,0,0,0,1,0,0,0.00,0.00,0.00,'2015-02-06 05:30:00','',''),(253,'PMB2014150466','','Richard Theofilus Pangestu','129','0003629774',2,'',1,0,'',2,12,18,2,0,5,1,0,'L','Surabaya','2000-12-13','',0,0,'',0.0,0.0,'-',X'','Simpang Darmo Permai Selatan 19/23','','7344810','','','','','','','','','',0,0,0,0,5,0,0,0,1,0,0,0.00,0.00,0.00,'2015-02-06 05:30:33','',''),(254,'PMB2014150468','','Shienny Hartanto','069','0007935545',2,'',1,0,'',2,12,18,2,0,4,1,0,'P','Surabaya','2000-11-01','',0,0,'',0.0,0.0,'-',X'','Darmo Permai Timur IV/32, Surabaya','','7318787','','','','','','','','','',0,0,0,0,5,0,0,0,1,0,0,0.00,0.00,0.00,'2015-02-06 05:49:41','',''),(255,'PMB2014150470','','Brandon Jordania Putra Liyanto','046','9995657281',2,'',1,0,'',2,12,18,2,0,5,1,0,'L','Manado','1999-12-27','',0,0,'',0.0,0.0,'-',X'','Raya Satelit Utara BT-23 SBY','','','','','','','','','','','',0,0,0,0,5,0,0,0,1,0,0,0.00,0.00,0.00,'2015-02-06 05:50:00','',''),(256,'PMB2014150472','','Edwina Aurelia Saksana','050','0004043797',2,'',1,0,'',2,12,18,2,0,5,1,0,'L','Surabaya','2000-03-24','',0,0,'',0.0,0.0,'-',X'','Darmo Indah Timur M-24 Surabaya','','','','','','','','','','','',0,0,0,0,5,0,0,0,1,0,0,0.00,0.00,0.00,'2015-02-06 05:50:16','',''),(257,'PMB2014150473','','Elita Stacia','051','0008370483',2,'',1,0,'',2,12,18,2,0,5,1,0,'P','Surabaya','2000-09-18','',0,0,'',0.0,0.0,'-',X'','Raya Gilang 70 Sda / Wiyung Indah I/B','','7882908','','','','','','','','','',0,0,0,0,5,0,0,0,1,0,0,0.00,0.00,0.00,'2015-02-06 05:50:36','',''),(258,'PMB2014150474','','Fia Sabrina Boedijono','140','0004436039',2,'',1,0,'',2,12,18,2,0,5,1,0,'P','Surabaya','2000-09-01','',0,0,'',0.0,0.0,'-',X'','Taman Satelit Timur QQ-28, Surabaya','','','','','','','','','','','',0,0,0,0,5,0,0,0,1,0,0,0.00,0.00,0.00,'2015-02-06 05:50:54','',''),(259,'PMB2014150475','','Gabrielle Angelica','128','0003629769',2,'',1,0,'',2,12,18,2,0,5,1,0,'P','Surabaya','2000-08-10','',0,0,'',0.0,0.0,'-',X'','Kondominium Graha Famili PB 704 Sby','','77770577','','','','','','','','','',0,0,0,0,5,0,0,0,1,0,0,0.00,0.00,0.00,'2015-02-06 05:51:11','',''),(260,'PMB2014150476','','Hans Sebastian Mulyawan','053','0006279867',2,'',1,0,'',2,12,18,2,0,5,1,0,'L','Surabaya','2000-05-20','',0,0,'',0.0,0.0,'-',X'','','','13950','','','','','','','','','',0,0,0,0,5,0,0,0,1,0,0,0.00,0.00,0.00,'2015-02-06 05:51:25','',''),(261,'PMB2014150477','','Joseph Ervan Nathanael','057','0004436040',2,'',1,0,'',2,12,18,2,0,5,1,0,'L','Surabaya','2000-09-06','',0,0,'',0.0,0.0,'-',X'','Puri Lidah Kulon Indah B no.27 Surabaya','','7526457','','','','','','','','','',0,0,0,0,5,0,0,0,1,0,0,0.00,0.00,0.00,'2015-02-06 05:51:38','',''),(262,'PMB2014150478','','Nicholas Valentino Gumulia','065','0011174582',2,'',1,0,'',2,12,18,2,0,4,1,0,'L','Surabaya','2000-07-10','',0,0,'',0.0,0.0,'-',X'','Royal Residence C 02/15 Surabaya','','83981428','','','','','','','','','',0,0,0,0,5,0,0,0,1,0,0,0.00,0.00,0.00,'2015-02-06 05:51:50','',''),(263,'PMB2014150479','','Ray Chandrakesuma','068','0004436047',2,'',1,0,'',2,12,18,2,0,4,1,0,'L','Jakarta','2000-10-10','',0,0,'',0.0,0.0,'-',X'','Darmo Permai Selatan I/32','','71118008','','','','','','','','','',0,0,0,0,5,0,0,0,1,0,0,0.00,0.00,0.00,'2015-02-06 05:52:02','',''),(264,'PMB2014150480','','Tania Alverina Djayanto','070','0004436036',2,'',1,0,'',2,12,18,2,0,5,1,0,'P','Surabaya','2000-08-20','',0,0,'',0.0,0.0,'-',X'','Jl. Lidah Bukit Mas Brat XII C6-02 Sby','','','','','','','','','','','',0,0,0,0,5,0,0,0,1,0,0,0.00,0.00,0.00,'2015-02-06 05:52:14','',''),(265,'PMB2014150481','','Vania Aurellia Wijaya','073','0006765518',2,'',1,0,'',2,12,18,2,0,1,1,0,'P','Surabaya','2000-09-15','',0,0,'',0.0,0.0,'-',X'','Jl.Pradah Permai III-16 Surabaya','','7341458','','','','','','','','','',0,0,0,0,5,0,0,0,1,0,0,0.00,0.00,0.00,'2015-02-06 05:52:25','',''),(266,'PMB2014150482','','Wesley Evan Soegiarto','071','0000114926',2,'',1,0,'',2,12,18,2,0,4,1,0,'L','Surabaya','2000-12-02','',0,0,'',0.0,0.0,'-',X'','Darmo Park I Blok 2B no 8-9 Sby','','7328965','','','','','','','','','',0,0,0,0,5,0,0,0,1,0,0,0.00,0.00,0.00,'2015-02-06 05:52:38','',''),(267,'PMB2014150483','','Wincent Tanjaya','072','0004436031',2,'',1,0,'',2,12,18,2,0,5,1,0,'L','Surabaya','2000-07-27','',0,0,'',0.0,0.0,'-',X'','Darmo Permai Selatan X/126, Surabaya','','7318765','','','','','','','','','',0,0,0,0,5,0,0,0,1,0,0,0.00,0.00,0.00,'2015-02-06 05:52:50','',''),(268,'PMB2014150484','','Yoel Kristian Simanjaya','074','0004436021',2,'',1,0,'',2,12,18,2,0,5,1,0,'L','Surabaya','2000-03-04','',0,0,'',0.0,0.0,'-',X'','Wisma Lidah Kulon A-43 Surabaya','','7532470','','','','','','','','','',0,0,0,0,5,0,0,0,1,0,0,0.00,0.00,0.00,'2015-02-06 05:53:02','',''),(269,'PMB2014150444','','Angelina Siswanto','083','9998961066',3,'',1,0,'',3,5,18,2,0,5,1,0,'P','Surabaya','1999-12-31','',0,0,'',0.0,0.0,'-',X'','Baruk Barat IX/A-92 Surabaya','','8712368','','','','','','','','','',9000000,8550000,0,0,5,450000,0,8550000,1,2000000,0,0.00,0.00,0.00,'2015-02-06 05:56:34','',''),(270,'PMB2014150486','','Anthony Vincentius Danyo','084','0004436026',3,'',1,0,'',3,5,18,2,0,5,1,0,'L','Surabaya','2000-05-29','',0,0,'',0.0,0.0,'-',X'','Manyar Jaya Praja XI/ 17','','5948146','','','','','','','','','',9000000,8550000,0,0,5,450000,0,8550000,1,2000000,0,0.00,0.00,0.00,'2015-02-06 05:56:44','',''),(271,'PMB2014150487','','Argya Putra Ganiartha','085','0004436024',3,'',1,0,'',3,5,18,2,0,5,1,0,'L','Surabaya','2000-04-18','',0,0,'',0.0,0.0,'-',X'','Jl. Nginden Intan Tim. 17/ 44','','70123442','','','','','','','','','',9000000,8550000,0,0,5,450000,0,8550000,1,2000000,0,0.00,0.00,0.00,'2015-02-06 05:56:58','',''),(272,'PMB2014150488','','Ethan Gunadi Angstrong','087','0013234947',3,'',1,0,'',3,5,18,2,0,4,1,0,'L','Surabaya','2001-09-17','',0,0,'',0.0,0.0,'-',X'','Laguna Indah A2/7','','','','','','','','','','','',9000000,8550000,0,0,5,450000,0,8550000,1,2000000,0,0.00,0.00,0.00,'2015-02-06 05:57:10','',''),(273,'PMB2014150489','','Evelyn Gunawan','088','0006641679',3,'',1,0,'',3,5,18,2,0,4,1,0,'P','Surabaya','2000-03-30','',0,0,'',0.0,0.0,'-',X'','Medokan Ayu II/O-18','','','','','','','','','','','',9000000,8550000,0,0,5,450000,0,8550000,1,2000000,0,0.00,0.00,0.00,'2015-02-06 05:57:23','',''),(274,'PMB2014150490','','Felicia Christy','089','0007706889',3,'',1,0,'',3,5,18,2,0,5,1,0,'P','Jakarta','2000-10-20','',0,0,'',0.0,0.0,'-',X'','Nginden Intan Timur VI/67','','','','','','','','','','','',9000000,8550000,0,0,5,450000,0,8550000,1,2000000,0,0.00,0.00,0.00,'2015-02-06 05:57:33','',''),(275,'PMB2014150491','','Frederick William Sanjoto','090','0019723806',3,'',1,0,'',3,5,18,2,0,5,1,0,'L','Surabaya','2001-01-22','',0,0,'',0.0,0.0,'-',X'','Jl. Duku 6 CA 357','','','','','','','','','','','',9000000,8550000,0,0,5,450000,0,8550000,1,2000000,0,0.00,0.00,0.00,'2015-02-06 05:57:48','',''),(276,'PMB2014150492','','Hansel','091','0018311335',3,'',1,0,'',3,5,18,2,0,5,1,0,'L','Surabaya','2000-11-04','',0,0,'',0.0,0.0,'-',X'','Kalirungkut 27/ C-55','','','','','','','','','','','',9000000,8550000,0,0,5,450000,0,8550000,1,2000000,0,0.00,0.00,0.00,'2015-02-06 05:58:00','',''),(277,'PMB2014150493','','Richard Andrew Santoso','092','0004436035',3,'',1,0,'',3,5,18,2,0,5,1,0,'L','Surabaya','2000-08-09','',0,0,'',0.0,0.0,'-',X'','Raya Kali Rungkut 5/ J-16','','70818799','','','','','','','','','',9000000,8550000,0,0,5,450000,0,8550000,1,2000000,0,0.00,0.00,0.00,'2015-02-06 05:58:13','',''),(278,'PMB2014150485','','Alice Pricillya','018','9993005192',2,'',1,0,'',2,10,7,2,0,5,1,0,'L','Medan','1999-10-20','',0,0,'',0.0,0.0,'-',X'','Sukomanunggal Jaya F/12, Sby','','','','','','','','','','','',0,0,0,0,5,0,0,0,1,0,0,0.00,0.00,0.00,'2015-02-06 05:58:53','',''),(279,'PMB2014150495','','Amelia Fandrayani Lim','019','blmada',2,'',1,0,'',2,10,7,2,0,0,1,0,'P','','1999-04-19','',0,0,'',0.0,0.0,'-',X'','','','','','','','','','','','','',0,0,0,0,5,0,0,0,1,0,0,0.00,0.00,0.00,'2015-02-06 05:59:05','',''),(280,'PMB2014150496','','Christie Megawati Budiono','020','9995657269',2,'',1,0,'',2,10,7,2,0,5,1,0,'P','Surabaya','1999-09-23','',0,0,'',0.0,0.0,'-',X'','South Emerald Mansion TM2/10','','70903375','','','','','','','','','',0,0,0,0,5,0,0,0,1,0,0,0.00,0.00,0.00,'2015-02-06 05:59:16','',''),(281,'PMB2014150497','','Inez Beatrice Wanamarta','021','9993005190',2,'',1,0,'',2,10,7,2,0,5,1,0,'P','Maastricht Belanda','1999-07-09','',0,0,'',0.0,0.0,'-',X'','Bogowonto 3, Surabaya','','','','','','','','','','','',0,0,0,0,5,0,0,0,1,0,0,0.00,0.00,0.00,'2015-02-06 05:59:30','',''),(282,'PMB2014150498','','Ivan Nathan Parmenas','022','9995657256',2,'',1,0,'',2,10,7,2,0,5,1,0,'L','Malang','1999-02-23','',0,0,'',0.0,0.0,'-',X'','Sukomanunggal Jaya XI / XL 25, Sby','','7316202','','','','','','','','','',0,0,0,0,5,0,0,0,1,0,0,0.00,0.00,0.00,'2015-02-06 05:59:43','',''),(283,'PMB2014150499','','Jason Immanuel Gabriel','023','9995266433',2,'',1,0,'',2,10,7,2,0,5,1,0,'L','Surabaya','1999-01-01','',0,0,'',0.0,0.0,'-',X'','Boulevard BDG-OP-B2/23 Sby','','7310013','','','','','','','','','',0,0,0,0,5,0,0,0,1,0,0,0.00,0.00,0.00,'2015-02-06 05:59:58','',''),(284,'PMB2014150500','','Jason Pangkey','024','9995657263',2,'',1,0,'',2,10,7,2,0,5,1,0,'L','Surabaya','1999-07-30','',0,0,'',0.0,0.0,'-',X'','Griya Babatan Mukti M-76 Sby','','7530210','','','','','','','','','',0,0,0,0,5,0,0,0,1,0,0,0.00,0.00,0.00,'2015-02-06 06:00:21','',''),(285,'PMB2014150501','','Jessica Setyono','025','9985457831',2,'',1,0,'',2,10,7,2,0,5,1,0,'P','Surabaya','1999-12-09','',0,0,'',0.0,0.0,'-',X'','Jl.Petemon Barat 204A, Sby','','5350851','','','','','','','','','',0,0,0,0,5,0,0,0,1,0,0,0.00,0.00,0.00,'2015-02-06 06:00:29','',''),(286,'PMB2014150502','','Ken Chandrakesuma','027','9995657254',2,'',1,0,'',2,10,7,2,0,4,1,0,'L','Jakarta','1999-02-07','',0,0,'',0.0,0.0,'-',X'','Darmo Permai Selatan I / 32, Sby','','','','','','','','','','','',0,0,0,0,5,0,0,0,1,0,0,0.00,0.00,0.00,'2015-02-06 06:00:40','',''),(287,'PMB2014150503','','Laura Brigita Pangkey','028','9995657279',2,'',1,0,'',2,10,7,2,0,4,1,0,'P','Surabaya','1999-11-19','',0,0,'',0.0,0.0,'-',X'','Taman pondok Indah LY-2 Sby','','60050203','','','','','','','','','',0,0,0,0,5,0,0,0,1,0,0,0.00,0.00,0.00,'2015-02-06 06:00:54','',''),(288,'PMB2014150504','','Natalya Lim','029','9995657252',2,'',1,0,'',2,10,7,2,0,5,1,0,'P','Surabaya','2000-01-12','',0,0,'',0.0,0.0,'-',X'','Graha Famili Blok N-46, Sby','','7346683','','','','','','','','','',0,0,0,0,5,0,0,0,1,0,0,0.00,0.00,0.00,'2015-02-06 06:01:06','',''),(289,'PMB2014150505','','Safira Antonia Goenawan','030','9995657266',2,'',1,0,'',2,10,7,2,0,1,1,0,'P','Surabaya','1999-08-19','',0,0,'',0.0,0.0,'-',X'','Darmo Park I 2C/9, Sby','','5667886','','','','','','','','','',0,0,0,0,5,0,0,0,1,0,0,0.00,0.00,0.00,'2015-02-06 06:01:17','',''),(290,'PMB2014150506','','Thesalonica Shinta P.N.K.F','031','9995657280',2,'',1,0,'',2,10,7,2,0,5,1,0,'P','Surabaya','1999-12-21','',0,0,'',0.0,0.0,'-',X'','Tengger Kendangan 19/3 Sby','','70867222','','','','','','','','','',0,0,0,0,5,0,0,0,1,0,0,0.00,0.00,0.00,'2015-02-06 06:01:27','',''),(291,'PMB2014150507','','Vincent Nicholas Katuari','032','9995657278',2,'',1,0,'',2,10,7,2,0,4,1,0,'L','Surabaya','1999-11-02','',0,0,'',0.0,0.0,'-',X'','Dharmahusada Indah Utara U-12, Sby','','','','','','','','','','','',0,0,0,0,5,0,0,0,1,0,0,0.00,0.00,0.00,'2015-02-06 06:01:39','',''),(292,'PMB2014150508','','Wilson Philipe','033','9994276834',2,'',1,0,'',2,10,7,2,0,5,1,0,'L','Surabaya','1999-03-02','',0,0,'',0.0,0.0,'-',X'','Graha Famili PP-31, Sby','','7533366','','','','','','','','','',0,0,0,0,5,0,0,0,1,0,0,0.00,0.00,0.00,'2015-02-06 06:01:51','',''),(293,'PMB2014150509','','Christina','002','9980042582',2,'',1,0,'',2,10,7,2,0,5,1,0,'P','Surabaya','1998-03-26','',0,0,'',0.0,0.0,'-',X'','Raya Gilang 70 Sda / Wiyung Indah I/B','','7882908','','','','','','','','','',0,0,0,0,5,0,0,0,1,0,0,0.00,0.00,0.00,'2015-02-06 06:02:09','',''),(294,'PMB2014150510','','Darren Gracious','003','9977046369',2,'',1,0,'',2,10,7,2,0,1,1,0,'L','Surabaya','1997-11-08','',0,0,'',0.0,0.0,'-',X'','Citra Harmony G4/18 Sidoarjo','','','','','','','','','','','',0,0,0,0,5,0,0,0,1,0,0,0.00,0.00,0.00,'2015-02-06 06:02:22','',''),(295,'PMB2014150511','','Edward Jehan Soetopo','004','9985457830',2,'',1,0,'',2,10,7,2,0,5,1,0,'L','Jakarta','1998-11-15','',0,0,'',0.0,0.0,'-',X'','Komp. Bintang Diponggo Kav.754 SBY','','5663292','','','','','','','','','',0,0,0,0,5,0,0,0,1,0,0,0.00,0.00,0.00,'2015-02-06 06:02:34','',''),(296,'PMB2014150512','','Enrico Soewandi','005','blmada',2,'',1,0,'',2,10,7,2,0,0,1,0,'L','','0000-00-00','',0,0,'',0.0,0.0,'-',X'','','','','','','','','','','','','',0,0,0,0,5,0,0,0,1,0,0,0.00,0.00,0.00,'2015-02-06 06:02:47','',''),(297,'PMB2014150513','','Ezra Joy Gunawan','006','9985457832',2,'',1,0,'',2,10,7,2,0,5,1,0,'L','Surabaya','1998-12-09','',0,0,'',0.0,0.0,'-',X'','Dupak 3-9 Blok A 12 SBY','','7314888','','','','','','','','','',0,0,0,0,5,0,0,0,1,0,0,0.00,0.00,0.00,'2015-02-06 06:02:59','',''),(298,'PMB2014150514','','Gracielle Ganda','008','9985457815',2,'',1,0,'',2,10,7,2,0,5,1,0,'P','Surabaya','1998-02-06','',0,0,'',0.0,0.0,'-',X'','Graha Family N-47 SBY','','7385689','','','','','','','','','',0,0,0,0,5,0,0,0,1,0,0,0.00,0.00,0.00,'2015-02-06 06:03:14','',''),(299,'PMB2014150515','','Hartanto Tanjung','009','9995578677',2,'',1,0,'',2,10,7,2,0,5,1,0,'L','Surabaya','1997-10-10','',0,0,'',0.0,0.0,'-',X'','Raya Darmo Permai II Darmo Green Garden C-6 Surabaya','','7317600','','','','','','','','','',0,0,0,0,5,0,0,0,1,0,0,0.00,0.00,0.00,'2015-02-06 06:03:25','',''),(300,'PMB2014150516','','Jason Aditya Tjandra','017','blmada',2,'',1,0,'',2,10,7,2,0,0,1,0,'L','','1998-01-21','',0,0,'',0.0,0.0,'-',X'','Kertajaya Indah VI/F-324','','','','','','','','','','','',0,0,0,0,5,0,0,0,1,0,0,0.00,0.00,0.00,'2015-02-06 06:03:37','',''),(301,'PMB2014150517','','Matthew Christian','012','9975578678',2,'',1,0,'',2,10,7,2,0,5,1,0,'L','Surabaya','1997-10-16','',0,0,'',0.0,0.0,'-',X'','Raya Darmo Permai II/C-19 SBY','','5681896','','','','','','','','','',0,0,0,0,5,0,0,0,1,0,0,0.00,0.00,0.00,'2015-02-06 06:03:51','',''),(302,'PMB2014150518','','Naveno Cendikiawan','013','9985457828',2,'',1,0,'',2,10,7,2,0,5,1,0,'L','Surabaya','1999-02-20','',0,0,'',0.0,0.0,'-',X'','Bratang Gede 101 SBY','','50466451','','','','','','','','','',0,0,0,0,5,0,0,0,1,0,0,0.00,0.00,0.00,'2015-02-06 06:03:59','',''),(303,'PMB2014150519','','Vincenzio Evan Siemon','014','9995657274',2,'',1,0,'',2,10,7,2,0,4,1,0,'L','Surabaya','1999-10-13','',0,0,'',0.0,0.0,'-',X'','Villa Bukit Regency 2 PD3/11 Pakuwon Indah SBY','','7391112','','','','','','','','','',0,0,0,0,5,0,0,0,1,0,0,0.00,0.00,0.00,'2015-02-06 06:04:10','',''),(304,'PMB2014150520','','Williams Louis Aditya','016','blmada',2,'',1,0,'',2,10,7,2,0,5,1,0,'L','Probolinggo','1998-05-17','',0,0,'',0.0,0.0,'-',X'','Darmo Baru Timur 4/27 Sby','','','','','','','','','','','',0,0,0,0,5,0,0,0,1,0,0,0.00,0.00,0.00,'2015-02-06 06:04:22','',''),(366,'PMB2014150590','','Aldrich Kennan Sumargo','547','0078789871',2,'',1,0,'',2,9,12,2,0,5,1,0,'L','Surabaya','2007-06-25','',0,0,'',0.0,0.0,'-',X'','Sambongan III/10','','0313536106','','','','','','','','','',0,0,0,0,5,0,0,0,1,0,0,0.00,0.00,0.00,'2015-02-11 01:07:50','',''),(371,'PMB2014150591','','Aurelia Mareta Koesno','526','0074972185',2,'',1,0,'',2,9,12,2,0,4,1,0,'P','Surabaya','2007-03-20','',0,0,'',0.0,0.0,'-',X'','Darmo Baru Barat 8/21','','0313573364','','','','','','','','','',0,0,0,0,5,0,0,0,1,0,0,0.00,0.00,0.00,'2015-02-11 01:10:00','',''),(372,'PMB2014150592','','Bryan Aurelius Kho','550','0071475423',2,'',1,0,'',2,9,12,2,0,1,1,0,'L','Surabaya','2007-04-24','',0,0,'',0.0,0.0,'-',X'','Kencana Sari Barat Blok G No. 6','','0315688355','','','','','','','','','',0,0,0,0,5,0,0,0,1,0,0,0.00,0.00,0.00,'2015-02-11 01:10:23','',''),(373,'PMB2014150593','','Chen Xin E','527','0075567751',2,'',1,0,'',2,9,12,2,0,1,1,0,'P','Surabaya','2007-03-24','',0,0,'',0.0,0.0,'-',X'','Royal Resindence C 1 No. 21','','0317913480','','','','','','','','','',0,0,0,0,5,0,0,0,1,0,0,0.00,0.00,0.00,'2015-02-11 01:10:41','',''),(374,'PMB2014150594','','Christalin Maeko Sumarno','528','0066184897',2,'',1,0,'',2,9,12,2,0,5,1,0,'P','Surabaya','2006-12-07','',0,0,'',0.0,0.0,'-',X'','Petemon Timur 112','','','','','','','','','','','',0,0,0,0,5,0,0,0,1,0,0,0.00,0.00,0.00,'2015-02-11 01:40:18','',''),(375,'PMB2014150595','','Clarence Moeljadi Salim','571','0064518148',2,'',1,0,'',2,9,12,2,0,5,1,0,'L','Surabaya','2006-11-02','',0,0,'',0.0,0.0,'-',X'','Villa Bukit Mas Monaco TA-15','','0315615057','','','','','','','','','',0,0,0,0,5,0,0,0,1,0,0,0.00,0.00,0.00,'2015-02-11 01:41:29','',''),(376,'PMB2014150596','','Dylan Matthew Tedjokoesoemo','553','0073675942',2,'',1,0,'',2,9,12,2,0,5,1,0,'L','Surabaya','2007-07-05','',0,0,'',0.0,0.0,'-',X'','Taman International I / FK-20','','','','','','','','','','','',0,0,0,0,5,0,0,0,1,0,0,0.00,0.00,0.00,'2015-02-11 01:41:45','',''),(377,'PMB2014150597','','Eunike Audrey Mantalik','574','0076939699',2,'',1,0,'',2,9,12,2,0,5,1,0,'P','Surabaya','2007-08-31','',0,0,'',0.0,0.0,'-',X'','Royal Residence B 10-97','','','','','','','','','','','',0,0,0,0,5,0,0,0,1,0,0,0.00,0.00,0.00,'2015-02-11 01:42:03','',''),(378,'PMB2014150598','','Jonathan Gerald Linardi','558','0072712902',2,'',1,0,'',2,9,12,2,0,4,1,0,'L','Surabaya','2007-03-23','',0,0,'',0.0,0.0,'-',X'','Taman Pondok Indah Blok RX - 29','','7526671','','','','','','','','','',0,0,0,0,5,0,0,0,1,0,0,0.00,0.00,0.00,'2015-02-11 01:42:23','',''),(379,'PMB2014150599','','Jonathan Limantara','559','0076476482',2,'',1,0,'',2,9,12,2,0,5,1,0,'L','Surabaya','2007-05-03','',0,0,'',0.0,0.0,'-',X'','Darmo Indah Barat II / F-9','','','','','','','','','','','',0,0,0,0,5,0,0,0,1,0,0,0.00,0.00,0.00,'2015-02-11 01:42:38','',''),(380,'PMB2014150600','','Jonathan Louis Hartono Ong','535','0074585580',2,'',1,0,'',2,9,12,2,0,4,1,0,'L','Surabaya','2007-05-24','',0,0,'',0.0,0.0,'-',X'','Dukuh Kupang Barat XXII / 26','','5676441','','','','','','','','','',0,0,0,0,5,0,0,0,1,0,0,0.00,0.00,0.00,'2015-02-11 01:44:27','',''),(381,'PMB2014150601','','Jason Antolin Theios','579','0077597956',2,'',1,0,'',2,9,12,2,0,5,1,0,'L','Surabaya','2007-01-10','',0,0,'',0.0,0.0,'-',X'','Banyu Urip Wetan  5/95-97 / Vila Bukit Mas Paris SA-30','','0315684506','','','','','','','','','',0,0,0,0,5,0,0,0,1,0,0,0.00,0.00,0.00,'2015-02-11 01:44:46','',''),(382,'PMB2014150602','','Josh Franklin Linarto','536','0071855334',2,'',1,0,'',2,9,12,2,0,5,1,0,'L','Surabaya','2007-05-27','',0,0,'',0.0,0.0,'-',X'','Vila Valensia CA 5/50','','','','','','','','','','','',0,0,0,0,5,0,0,0,1,0,0,0.00,0.00,0.00,'2015-02-11 01:45:01','',''),(383,'PMB2014150603','','Justin Tyrone Pangkey','538','0078179800',2,'',1,0,'',2,9,12,2,0,5,1,0,'L','Surabaya','2007-07-04','',0,0,'',0.0,0.0,'-',X'','Griya Babatan Mukti Blok M-76','','','','','','','','','','','',0,0,0,0,5,0,0,0,1,0,0,0.00,0.00,0.00,'2015-02-11 01:45:15','',''),(384,'PMB2014150604','','Kaitlyn Lievia','562','0073360951',2,'',1,0,'',2,9,12,2,0,5,1,0,'L','Surabaya','2007-04-17','',0,0,'',0.0,0.0,'-',X'','Wisata Bukit Mas (Venesia) B2 / 5','','','','','','','','','','','',0,0,0,0,5,0,0,0,1,0,0,0.00,0.00,0.00,'2015-02-11 01:45:36','',''),(385,'PMB2014150605','','Marvel Nathanael Tedjakusuma','565','0074159404',2,'',1,0,'',2,9,12,2,0,5,1,0,'L','Surabaya','2007-01-26','',0,0,'',0.0,0.0,'-',X'','Raya Darmo 47','','5622790','','','','','','','','','',0,0,0,0,5,0,0,0,1,0,0,0.00,0.00,0.00,'2015-02-11 01:46:17','',''),(386,'PMB2014150606','','Nicole Audrey William','585','0077163248',2,'',1,0,'',2,9,12,2,0,5,1,0,'P','Surabaya','2007-10-20','',0,0,'',0.0,0.0,'-',X'','Graha Family U-107','','03173226056','','','','','','','','','',0,0,0,0,5,0,0,0,1,0,0,0.00,0.00,0.00,'2015-02-11 01:46:31','',''),(387,'PMB2014150607','','Olivia Harsono','568','0072926074',2,'',1,0,'',2,9,12,2,0,4,1,0,'P','Surabaya','2007-05-08','',0,0,'',0.0,0.0,'-',X'','Isen No. 9','','0317315576','','','','','','','','','',0,0,0,0,5,0,0,0,1,0,0,0.00,0.00,0.00,'2015-02-11 01:46:43','',''),(388,'PMB2014150608','','Richie Lawrance Chan','587','0076306226',2,'',1,0,'',2,9,12,2,0,5,1,0,'L','Surabaya','2007-10-20','',0,0,'',0.0,0.0,'-',X'','Raya Wonocolo 102 Taman Sepanjang, Sidoarjo','','7886555','','','','','','','','','',0,0,0,0,5,0,0,0,1,0,0,0.00,0.00,0.00,'2015-02-11 01:46:58','',''),(389,'PMB2014150609','','Rico Ganendra Lie','588','0079101548',2,'',1,0,'',2,9,12,2,0,3,1,0,'L','Jakarta','2007-04-29','',0,0,'',0.0,0.0,'-',X'','Satelit Indah 7 No. 1','','','','','','','','','','','',0,0,0,0,5,0,0,0,1,0,0,0.00,0.00,0.00,'2015-02-11 01:47:15','',''),(390,'PMB2014150610','','Seraphine Saputera','544','0076765376',2,'',1,0,'',2,9,12,2,0,4,1,0,'P','Surabaya','2007-08-24','',0,0,'',0.0,0.0,'-',X'','South Emerald Mansion TK-7/12C','','','','','','','','','','','',0,0,0,0,5,0,0,0,1,0,0,0.00,0.00,0.00,'2015-02-11 01:47:28','',''),(391,'PMB2014150611','','Atherton Irawan','549','0072467785',2,'',1,0,'',2,9,12,2,0,5,1,0,'L','Surabaya','2007-08-10','',0,0,'',0.0,0.0,'-',X'','Nyi Cempo Barat No. 50 Taman Sepanjang','','7871545','','','','','','','','','',0,0,0,0,5,0,0,0,1,0,0,0.00,0.00,0.00,'2015-02-11 03:10:26','',''),(392,'PMB2014150612','','Celine Aurellya','551','0078490929',2,'',1,0,'',2,9,12,2,0,1,1,0,'P','Surabaya','2007-03-18','',0,0,'',0.0,0.0,'-',X'','Royal Residen B2 / 90 Wiyung, Sby','','7510090','','','','','','','','','',0,0,0,0,5,0,0,0,1,0,0,0.00,0.00,0.00,'2015-02-11 03:10:41','',''),(393,'PMB2014150613','','Denisa Patricia Gunarto','573','0066907620',2,'',1,0,'',2,9,12,2,0,5,1,0,'L','Surabaya','2006-12-29','',0,0,'',0.0,0.0,'-',X'','Taman Darmo Harapan II/EG-2','','','','','','','','','','','',0,0,0,0,5,0,0,0,1,0,0,0.00,0.00,0.00,'2015-02-11 03:10:54','',''),(394,'PMB2014150614','','Eugenia Caitlin','529','0079893815',2,'',1,0,'',2,9,12,2,0,4,1,0,'P','Surabaya','2007-12-24','',0,0,'',0.0,0.0,'-',X'','Darmo Harapan Utara VIII / Blok EU-32','','0317385848','','','','','','','','','',0,0,0,0,5,0,0,0,1,0,0,0.00,0.00,0.00,'2015-02-11 03:11:13','',''),(395,'PMB2014150615','','Gloria Valerie Lim','556','0084129718',2,'',1,0,'',2,9,12,2,0,5,1,0,'P','Surabaya','2008-02-02','',0,0,'',0.0,0.0,'-',X'','Puri Sentra Raya PS 2 No. 41 Citraland','','','','','','','','','','','',0,0,0,0,5,0,0,0,1,0,0,0.00,0.00,0.00,'2015-02-11 03:11:27','',''),(396,'PMB2014150616','','Gracia Queenie Wijaya','532','0069109097',2,'',1,0,'',2,9,12,2,0,4,1,0,'P','Surabaya','2006-11-29','',0,0,'',0.0,0.0,'-',X'','Kupang Indah 12 No. 7','','7326867','','','','','','','','','',0,0,0,0,5,0,0,0,1,0,0,0.00,0.00,0.00,'2015-02-11 03:11:41','',''),(397,'PMB2014150617','','Gweneth E. Wijaya','578','0079120291',2,'',1,0,'',2,9,12,2,0,5,1,0,'P','Perth Australia','2007-07-05','',0,0,'',0.0,0.0,'-',X'','raya Darmo Permai II / 36','','0317319362','','','','','','','','','',0,0,0,0,5,0,0,0,1,0,0,0.00,0.00,0.00,'2015-02-11 03:11:57','',''),(398,'PMB2014150618','','Jevaughn Aviel Kurniawan','557','0078894563',2,'',1,0,'',2,9,12,2,0,0,1,0,'L','Surabaya','2007-02-18','',0,0,'',0.0,0.0,'-',X'','Puri Lidah Kulon Indah B-27','','','','','','','','','','','',0,0,0,0,5,0,0,0,1,0,0,0.00,0.00,0.00,'2015-02-11 03:12:13','',''),(399,'PMB2014150619','','Justin Hartanto','580','0069771366',2,'',1,0,'',2,9,12,2,0,5,1,0,'L','Surabaya','2006-12-02','',0,0,'',0.0,0.0,'-',X'','Tulungagung III/8, Sby','','0315321447','','','','','','','','','',0,0,0,0,5,0,0,0,1,0,0,0.00,0.00,0.00,'2015-02-11 03:12:26','',''),(400,'PMB2014150620','','Justin Lee Sanyoto','560','0073554195',2,'',1,0,'',2,9,12,2,0,5,1,0,'L','Surabaya','2007-01-18','',0,0,'',0.0,0.0,'-',X'','Villa Bukit Regency 2/PD 3-12 Pakuwon Indah','','7391118','','','','','','','','','',0,0,0,0,5,0,0,0,1,0,0,0.00,0.00,0.00,'2015-02-11 03:18:13','',''),(401,'PMB2014150621','','Kaitlyn Halim','561','0077842007',2,'',1,0,'',2,9,12,2,0,1,1,0,'P','Surabaya','2007-07-10','',0,0,'',0.0,0.0,'-',X'','Graha Famili Blok N-170, Sby','','0317320228','','','','','','','','','',0,0,0,0,5,0,0,0,1,0,0,0.00,0.00,0.00,'2015-02-11 03:18:26','',''),(402,'PMB2014150622','','Kathleen Wijaya','539','0078471521',2,'',1,0,'',2,9,12,2,0,5,1,0,'P','Surabaya','2007-03-01','',0,0,'',0.0,0.0,'-',X'','Graha Family L-117','','','','','','','','','','','',0,0,0,0,5,0,0,0,1,0,0,0.00,0.00,0.00,'2015-02-11 03:18:48','',''),(403,'PMB2014150623','','Kevin Timothy Tanjung','540','0071644647',2,'',1,0,'',2,9,12,2,0,5,1,0,'L','Surabaya','2007-07-10','',0,0,'',0.0,0.0,'-',X'','Lebak Permai I No. 5, Sby','','3813088','','','','','','','','','',0,0,0,0,5,0,0,0,1,0,0,0.00,0.00,0.00,'2015-02-11 03:19:33','',''),(408,'PMB2014150625','','Kimiko Yauri','564','0079953632',2,'',1,0,'',2,9,5,2,0,4,1,0,'P','Surabaya','2007-07-31','',0,0,'',0.0,0.0,'-',X'','Villa Bukit Regency 3 PE 8 No. 18 Pakuwon Indah','','','','','','','','','','','',0,0,0,0,5,0,0,0,1,0,0,0.00,0.00,0.00,'2015-02-11 03:22:45','',''),(409,'PMB2014150626','','Lyonel Elzabad Anantara','541','0076507699',2,'',1,0,'',2,9,5,2,0,5,1,0,'L','Surabaya','2007-07-18','',0,0,'',0.0,0.0,'-',X'','Taman International 1 B7 / 39 Citraland','','7414406','','','','','','','','','',0,0,0,0,5,0,0,0,1,0,0,0.00,0.00,0.00,'2015-02-11 03:23:04','',''),(410,'PMB2014150627','','Matthew William Suwarno','583','0073906503',2,'',1,0,'',2,9,5,2,0,5,1,0,'L','Surabaya','2007-01-24','',0,0,'',0.0,0.0,'-',X'','Gayung Kebonsari Besar 20, Sby','','0318290789','','','','','','','','','',0,0,0,0,5,0,0,0,1,0,0,0.00,0.00,0.00,'2015-02-11 03:23:16','',''),(411,'PMB2014150628','','Natania Juan Hendrajaya','567','0064062332',2,'',1,0,'',2,9,5,2,0,5,1,0,'P','Surabaya','2006-09-29','',0,0,'',0.0,0.0,'-',X'','Royal Resindence B2-103','','7510325','','','','','','','','','',0,0,0,0,5,0,0,0,1,0,0,0.00,0.00,0.00,'2015-02-11 03:23:29','',''),(412,'PMB2014150629','','Phrisca','543','0077218904',2,'',1,0,'',2,9,5,2,0,1,1,0,'P','Jakarta','2007-07-01','',0,0,'',0.0,0.0,'-',X'','Raya Dupak 17 Ruko Pasifik Megah Blok D-5','','','','','','','','','','','',0,0,0,0,5,0,0,0,1,0,0,0.00,0.00,0.00,'2015-02-11 03:23:40','',''),(413,'PMB2014150630','','Ryan Joseph','589','0072240614',2,'',1,0,'',2,9,12,2,0,5,1,0,'L','Surabaya','2007-11-25','',0,0,'',0.0,0.0,'-',X'','Villa Sentra Raya D5 / 11 Citraraya, Sby','','','','','','','','','','','',0,0,0,0,5,0,0,0,1,0,0,0.00,0.00,0.00,'2015-02-11 03:23:53','',''),(414,'PMB2014150631','','Shawn William Handoko','590','0074436416',2,'',1,0,'',2,9,12,2,0,4,1,0,'L','Surabaya','2007-10-25','',0,0,'',0.0,0.0,'-',X'','Puri Widya Utama i-I / 5','','','','','','','','','','','',0,0,0,0,5,0,0,0,1,0,0,0.00,0.00,0.00,'2015-02-11 03:24:12','',''),(415,'PMB2014150632','','Verrell Tristan Sulistiano','570','0077536097',2,'',1,0,'',2,9,12,2,0,5,1,0,'L','Jakarta','2007-07-07','',0,0,'',0.0,0.0,'-',X'','Bukit Telaga Golf TH 2 No. 2 Citraland','','0317400577','','','','','','','','','',0,0,0,0,5,0,0,0,1,0,0,0.00,0.00,0.00,'2015-02-11 03:24:23','',''),(416,'PMB2014150633','','William Chandra','546','0072161519',2,'',1,0,'',2,9,12,2,0,1,1,0,'L','Surabaya','2007-03-10','',0,0,'',0.0,0.0,'-',X'','Perum Graha Family P-18','','0317524704','','','','','','','','','',0,0,0,0,5,0,0,0,1,0,0,0.00,0.00,0.00,'2015-02-11 03:24:38','',''),(417,'PMB2014150289','','Daniel Gunawan','740','0058073798',3,'',1,0,'',3,5,14,2,0,4,1,0,'L','Surabaya','2005-01-01','',0,0,'',0.0,0.0,'-',X'','Medokan Ayu II/O-18','','','','','','','','','','','',11250000,10687500,0,0,5,562500,0,10687500,1,1600000,0,0.00,0.00,0.00,'2015-02-11 04:46:48','',''),(418,'PMB2014150265','','Jessie Huang','739','0064247858',3,'',1,0,'',3,5,5,2,0,1,1,0,'P','','2006-08-31','',0,0,'',0.0,0.0,'-',X'','Juanda Regency A-11','','','','','','','','','','','',22500000,21375000,0,0,5,1125000,0,21375000,1,1500000,0,0.00,0.00,0.00,'2015-02-11 04:47:46','',''),(419,'PMB2014150254','','Kenny Ezekiel Hartanto','738','0075904609',3,'',1,0,'',3,5,5,2,0,5,1,0,'L','Surabaya','2007-05-15','',0,0,'',0.0,0.0,'-',X'','Wiguna Tengah 9/24','','','','','','','','','','','',22500000,21375000,0,0,5,1125000,0,21375000,1,1500000,0,0.00,0.00,0.00,'2015-02-11 04:49:08','',''),(420,'PMB2014150001','','Angeline Jessie Kurnia Patricia','708','0081499015',3,'',1,0,'',3,5,5,2,0,5,1,0,'P','Surabaya','2008-01-02','',0,0,'',0.0,0.0,'-',X'','Tambak Adi 66, Surabaya','','','','','','','','','','','',22500000,21375000,0,0,5,1125000,0,21375000,1,1500000,0,0.00,0.00,0.00,'2015-02-11 06:04:15','',''),(421,'PMB2014150135','','Arthur Kristanto','709','0084443663',3,'',1,0,'',3,5,5,2,0,5,1,0,'L','Surabaya','2008-08-30','',0,0,'',0.0,0.0,'-',X'','Nirwana Executive CC-411 A','','','','','','','','','','','',22500000,21375000,0,0,5,1125000,0,21375000,1,1500000,0,0.00,0.00,0.00,'2015-02-11 06:07:41','',''),(422,'PMB2014150136','','Cahyadi Sudrajat Lauwandy','710','0081857745',3,'',1,0,'',3,5,5,2,0,1,1,0,'L','Surabaya','2008-03-28','',0,0,'',0.0,0.0,'-',X'','Mojoklanggru Kidul H/12','','','','','','','','','','','',22500000,21375000,0,0,5,1125000,0,21375000,1,1500000,0,0.00,0.00,0.00,'2015-02-11 06:11:14','',''),(423,'PMB2014150137','','Christopher Rich Gondo','711','0083628155',3,'',1,0,'',3,5,5,2,0,1,1,0,'L','Surabaya','2008-09-08','',0,0,'',0.0,0.0,'-',X'','Rungkut Mapan Barat IX / AH-33','','','','','','','','','','','',22500000,21375000,0,0,5,1125000,0,21375000,1,1500000,0,0.00,0.00,0.00,'2015-02-11 06:13:06','',''),(424,'PMB2014150166','','Grace Victoria Santoso','713','0081527964',3,'',1,0,'',3,5,5,1,0,0,1,0,'P','Surabaya','2008-03-19','',0,0,'',0.0,0.0,'-',X'','Raya Wiguna Utara 36','','8703821','','','','','','','','','',22500000,21375000,0,0,5,1125000,0,21375000,1,1500000,0,0.00,0.00,0.00,'2015-02-11 06:14:24','',''),(425,'PMB2014150193','','Jessica Joyce Natania','714','0084827230',3,'',1,0,'',3,5,5,2,0,5,1,0,'P','Surabaya','2008-09-01','',0,0,'',0.0,0.0,'-',X'','Grha Tirta Akasia 95, Waru','','8557843','','','','','','','','','',22500000,21375000,0,0,5,1125000,0,21375000,1,1500000,0,0.00,0.00,0.00,'2015-02-11 06:19:08','',''),(426,'PMB2014150194','','Giselle Cathryne Victoris Estelle','712','0083684994',3,'',1,0,'',3,5,5,2,0,5,1,0,'P','Surabaya','2008-09-27','',0,0,'',0.0,0.0,'-',X'','Rungkut Lor RL 2B/22','','','','','','','','','','','',22500000,21375000,0,0,5,1125000,0,21375000,1,1500000,0,0.00,0.00,0.00,'2015-02-11 06:20:14','',''),(427,'PMB2014150195','','Johannes Kennard Sujanto','715','0083054117',3,'',1,0,'',3,5,5,2,0,5,1,0,'L','Surabaya','2008-10-07','',0,0,'',0.0,0.0,'-',X'','Nirwana Executive EE-57','','8705919','','','','','','','','','',22500000,21375000,0,0,5,1125000,0,21375000,1,1500000,0,0.00,0.00,0.00,'2015-02-11 06:21:16','',''),(428,'PMB2014150196','','Joshua Ivanson Lie','716','0083229676',3,'',1,0,'',3,5,5,2,0,5,1,0,'L','Atlanta','2008-05-21','',0,0,'',0.0,0.0,'-',X'','Lebak Jaya III A Utara / 5','','3894131','','','','','','','','','',22500000,21375000,0,0,5,1125000,0,21375000,1,1500000,0,0.00,0.00,0.00,'2015-02-11 06:21:50','',''),(429,'PMB2014150197','','Louisel Yang','717','0082340413',3,'',1,0,'',3,5,5,2,0,5,1,0,'P','Surabaya','2008-10-22','',0,0,'',0.0,0.0,'-',X'','Wiguna Tengah XII / 11','','71571076','','','','','','','','','',22500000,21375000,0,0,5,1125000,0,21375000,1,1500000,0,0.00,0.00,0.00,'2015-02-11 06:22:34','',''),(430,'PMB2014150198','','Marcel Johannes Kraus','718','0084255260',3,'',1,0,'',3,5,5,2,0,5,1,0,'L','Frankenthal','2008-04-29','',0,0,'',0.0,0.0,'-',X'','Ngagel Jaya Selatan II/ 7','','0315025206','','','','','','','','','',22500000,21375000,0,0,5,1125000,0,21375000,1,1500000,0,0.00,0.00,0.00,'2015-02-11 06:23:07','',''),(431,'PMB2014150199','','Michael Yang Rahardjo','719','0089117649',3,'',1,0,'',3,5,5,2,0,5,1,0,'L','Surabaya','2008-07-11','',0,0,'',0.0,0.0,'-',X'','Nginden Intan Timur E2 // 22','','5944108','','','','','','','','','',22500000,21375000,0,0,5,1125000,0,21375000,1,1500000,0,0.00,0.00,0.00,'2015-02-11 06:23:41','',''),(432,'PMB2014150200','','Reyhan Adi Jayawasita','720','0084388872',3,'',1,0,'',3,5,5,2,0,5,1,0,'L','Surabaya','2008-07-17','',0,0,'',0.0,0.0,'-',X'','Gry Permata Gedangan BII/3, Sdj','','','','','','','','','','','',22500000,21375000,0,0,5,1125000,0,21375000,1,1500000,0,0.00,0.00,0.00,'2015-02-11 06:26:55','','');
INSERT INTO `aka_siswa` VALUES (433,'PMB2014150201','','Shayfer Ann Yapari','721','0082389332',3,'',1,0,'',3,5,5,2,0,5,1,0,'P','Surabya','2008-03-20','',0,0,'',0.0,0.0,'-',X'','Tenggilis Mejoyo AI / 9','','8497451','','','','','','','','','',22500000,21375000,0,0,5,1125000,0,21375000,1,1500000,0,0.00,0.00,0.00,'2015-02-11 06:27:18','',''),(434,'PMB2014150202','','Steven Grant Santoso','722','0084176806',3,'',1,0,'',3,5,5,2,0,5,1,0,'L','Surabaya','2008-01-07','',0,0,'',0.0,0.0,'-',X'','Delta Raya Utara 76, Sda','','8555428','','','','','','','','','',22500000,21375000,0,0,5,1125000,0,21375000,1,1500000,0,0.00,0.00,0.00,'2015-02-11 06:27:45','',''),(435,'PMB2014150203','','Alveria Evangeline Suthandaru','723','0081499015',3,'',1,0,'',3,5,5,2,0,5,1,0,'P','Surabaya','2008-07-14','',0,0,'',0.0,0.0,'-',X'','Rungkut Asri Barat III/8','','','','','','','','','','','',22500000,21375000,0,0,5,1125000,0,21375000,1,1500000,0,0.00,0.00,0.00,'2015-02-11 06:30:09','',''),(436,'PMB2014150204','','Chad Sia','724','0088581066',3,'',1,0,'',3,5,5,2,0,5,1,0,'L','Surabaya','2008-03-30','',0,0,'',0.0,0.0,'-',X'','Galaxi Bumi Permai I-3/ 12','','0315996061','','','','','','','','','',22500000,21375000,0,0,5,1125000,0,21375000,1,1500000,0,0.00,0.00,0.00,'2015-02-11 06:31:05','',''),(437,'PMB2014150205','','Chrisfusion Verden Adiwinata','726','0084070839',3,'',1,0,'',3,5,5,2,0,5,1,0,'L','Surabaya','2008-03-14','',0,0,'',0.0,0.0,'-',X'','Taman Wiguna Timur Regency 37','','','','','','','','','','','',22500000,21375000,0,0,5,1125000,0,21375000,1,1500000,0,0.00,0.00,0.00,'2015-02-11 06:31:54','',''),(438,'PMB2014150206','','Dylan Archer Alexander','727','0088751654',3,'',1,0,'',3,5,5,2,0,4,1,0,'L','Sydney','2008-01-23','',0,0,'',0.0,0.0,'-',X'','Virginia Regency E8-2, Pakuwon City','','','','','','','','','','','',22500000,21375000,0,0,5,1125000,0,21375000,1,1500000,0,0.00,0.00,0.00,'2015-02-11 06:32:20','',''),(439,'PMB2014150207','','John Winston Wilhelmus','728','0077375347',3,'',1,0,'',3,5,5,2,0,0,1,0,'L','Surabaya','2008-12-16','',0,0,'',0.0,0.0,'-',X'','Nanas Utara I / 30 PCI','','70157779','','','','','','','','','',22500000,21375000,0,0,5,1125000,0,21375000,1,1500000,0,0.00,0.00,0.00,'2015-02-11 06:32:49','',''),(440,'PMB2014150208','','Jonathan Christian Thomasoey','729','0081638492',3,'',1,0,'',3,5,5,2,0,4,1,0,'L','Surabaya','2008-07-10','',0,0,'',0.0,0.0,'-',X'','Pakuwon City, Villa Riviera B1-12','','','','','','','','','','','',22500000,21375000,0,0,5,1125000,0,21375000,1,1500000,0,0.00,0.00,0.00,'2015-02-11 06:40:14','',''),(441,'PMB2014150210','','Joyleen Huang','730','0083537182',3,'',1,0,'',3,5,5,2,0,1,1,0,'L','','2008-01-08','',0,0,'',0.0,0.0,'-',X'','Juanda Regency A-11','','','','','','','','','','','',22500000,21375000,0,0,5,1125000,0,21375000,1,1500000,0,0.00,0.00,0.00,'2015-02-11 06:40:45','',''),(442,'PMB2014150212','','Kevin Ade Pratama','731','0089882543',3,'',1,0,'',3,5,5,2,0,5,1,0,'L','Surabaya','2008-09-26','',0,0,'',0.0,0.0,'-',X'','Tropodo Indah K-12','','70579680','','','','','','','','','',22500000,21375000,0,0,5,1125000,0,21375000,1,1500000,0,0.00,0.00,0.00,'2015-02-11 06:41:14','',''),(443,'PMB2014150213','','Matthew Ivanson Lie','732','0083757928',3,'',1,0,'',3,5,5,1,0,5,1,0,'L','Atlanta','2008-05-21','',0,0,'',0.0,0.0,'-',X'','Lebak Jaya III A Utara / 5','','3894131','','','','','','','','','',22500000,21375000,0,0,5,1125000,0,21375000,1,1500000,0,0.00,0.00,0.00,'2015-02-11 06:41:39','',''),(444,'PMB2014150214','','Oeitian James Ignatius','733','0081745417',3,'',1,0,'',3,5,5,2,0,4,1,0,'L','Surabaya','2008-02-12','',0,0,'',0.0,0.0,'-',X'','Apt. Marina Lt.11-2','','','','','','','','','','','',22500000,21375000,0,0,5,1125000,0,21375000,1,1500000,0,0.00,0.00,0.00,'2015-02-11 06:42:04','',''),(445,'PMB2014150215','','Rebecca Chen','734','0086686458',3,'',1,0,'',3,5,5,2,0,5,1,0,'P','New York','2008-04-01','',0,0,'',0.0,0.0,'-',X'','Wonorejo Permai Utara BB-515 / VII -28','','8781745','','','','','','','','','',22500000,21375000,0,0,5,1125000,0,21375000,1,1500000,0,0.00,0.00,0.00,'2015-02-11 06:42:33','',''),(446,'PMB2014150216','','Shannon Susanto','735','0088861384',3,'',1,0,'',3,5,5,2,0,5,1,0,'L','Surabaya','2008-08-26','',0,0,'',0.0,0.0,'-',X'','Nginden Intan Barat C1-28','','','','','','','','','','','',22500000,21375000,0,0,5,1125000,0,21375000,1,1500000,0,0.00,0.00,0.00,'2015-02-11 06:42:57','',''),(447,'PMB2014150217','','Sheby Netisha Tanjung','736','0085082690',3,'',1,0,'',3,5,5,2,0,5,1,0,'P','Surabaya','2008-02-11','',0,0,'',0.0,0.0,'-',X'','Pondok Citra Eksekutif E-1','','','','','','','','','','','',22500000,21375000,0,0,5,1125000,0,21375000,1,1500000,0,0.00,0.00,0.00,'2015-02-11 06:43:22','',''),(448,'PMB2014150223','','Ivania Nathalia Louis Sumolang','737','0062186632',3,'',1,0,'',3,5,5,2,0,5,1,0,'P','Manado','2007-01-07','',0,0,'',0.0,0.0,'-',X'','Semanggi Green Lake B2/42','','','','','','','','','','','',22500000,21375000,0,0,5,1125000,0,21375000,1,1500000,0,0.00,0.00,0.00,'2015-02-11 06:57:21','',''),(449,'PMB2014150494','','Cheryll Evangeline Arifin','725','0086993392',3,'',1,0,'',3,5,5,2,0,4,1,0,'P','Surabaya','2008-09-13','',0,0,'',0.0,0.0,'-',X'','Rungkut Mapan Tengah II / CA-6','','0811375657','','','','','','','','','',22500000,21375000,0,0,5,1125000,0,21375000,1,1500000,0,0.00,0.00,0.00,'2015-02-13 03:33:23','',''),(450,'PMB2014150530','','Calista Gracious Susanto','635','0088407789',2,'',1,0,'',2,9,5,2,0,5,1,0,'P','Surabaya','2008-07-13','',0,0,'',0.0,0.0,'-',X'','Wisata Bukit Mas C1 / 8','','0317527285','','','','','','','','','',0,0,0,0,5,0,0,0,1,0,0,0.00,0.00,0.00,'2015-02-13 05:27:33','',''),(451,'PMB2014150531','','Christopher Njoto Imanuel','637','0084144288',2,'',1,0,'',2,9,5,2,0,5,1,0,'L','Surabaya','2008-12-25','',0,0,'',0.0,0.0,'-',X'','Petemon I/97','','','','','','','','','','','',0,0,0,0,5,0,0,0,1,0,0,0.00,0.00,0.00,'2015-02-13 05:28:02','',''),(452,'PMB2014150532','','David Anderson Wistorohardjo','638','0079154820',2,'',1,0,'',2,9,5,2,0,5,1,0,'L','Surabaya','2007-12-28','',0,0,'',0.0,0.0,'-',X'','Kupang Baru I/99','','','','','','','','','','','',0,0,0,0,5,0,0,0,1,0,0,0.00,0.00,0.00,'2015-02-13 05:28:57','',''),(453,'PMB2014150533','','Emily Yongnardi','639','0089868180',2,'',1,0,'',2,9,5,2,0,5,1,0,'P','Surabaya','2008-02-12','',0,0,'',0.0,0.0,'-',X'','Darmo Indah Timur G-59','','0317311149','','','','','','','','','',0,0,0,0,5,0,0,0,1,0,0,0.00,0.00,0.00,'2015-02-13 05:29:39','',''),(454,'PMB2014150534','','Fidelia Theodore Chang','640','0084672050',2,'',1,0,'',2,9,5,2,0,5,1,0,'P','Surabaya','2008-03-12','',0,0,'',0.0,0.0,'-',X'','Darmo Hill Blok P-12','','','','','','','','','','','',0,0,0,0,5,0,0,0,1,0,0,0.00,0.00,0.00,'2015-02-13 05:30:17','',''),(455,'PMB2014150535','','Filbert Wellington','641','0089197385',2,'',1,0,'',2,9,5,2,0,1,1,0,'L','Surabaya','2008-05-14','',0,0,'',0.0,0.0,'-',X'','The Mansion PF-5/22','','0313577472','','','','','','','','','',0,0,0,0,5,0,0,0,1,0,0,0.00,0.00,0.00,'2015-02-13 05:30:55','',''),(456,'PMB2014150536','','Gabrielle Grace','642','0082997795',2,'',1,0,'',2,9,5,2,0,5,1,0,'P','Surabaya','2008-07-09','',0,0,'',0.0,0.0,'-',X'','Diamond Hill DR 5-6 Citraland','','0317458368','','','','','','','','','',0,0,0,0,5,0,0,0,1,0,0,0.00,0.00,0.00,'2015-02-13 05:31:38','',''),(457,'PMB2014150725','','Jeslyn Victoria Lim','447','0067573269',2,'',1,0,'',2,9,13,2,0,5,1,0,'P','Surabaya','2006-10-21','',0,0,'',0.0,0.0,'-',X'','Graha Family FF 10','','','','','','','','','','','',0,0,0,0,5,0,0,0,1,0,0,0.00,0.00,0.00,'2015-02-13 05:36:10','',''),(458,'PMB2014150724','','Jean-Vif Chandra','446','0067413589',2,'',1,0,'',2,9,13,1,0,5,1,0,'L','Surabaya','2006-12-22','',0,0,'',0.0,0.0,'-',X'','Villa Sentra Raya D2 / 3','','','','','','','','','','','',0,0,0,0,5,0,0,0,1,0,0,0.00,0.00,0.00,'2015-02-13 05:36:41','',''),(459,'PMB2014150723','','Harrel Ethan Macksoegie','415','0069945520',2,'',1,0,'',2,9,13,2,0,5,1,0,'L','Surabaya','2006-08-09','',0,0,'',0.0,0.0,'-',X'','Simo Kwagean 98','','7492164','','','','','','','','','',0,0,0,0,5,0,0,0,1,0,0,0.00,0.00,0.00,'2015-02-13 05:37:04','',''),(460,'PMB2014150721','','Geoffrey Daniel (Geo)','700','0065405327',2,'',1,0,'',2,9,13,2,0,5,1,0,'L','Surabaya','2006-05-13','',0,0,'',0.0,0.0,'-',X'','Diamond Hill DR 5-6 Citraland','','0317458368','','','','','','','','','',0,0,0,0,5,0,0,0,1,0,0,0.00,0.00,0.00,'2015-02-13 05:37:27','',''),(461,'PMB2014150720','','Fennie Natalie Solaiman','429','0066233686',2,'',1,0,'',2,9,13,2,0,5,1,0,'P','Surabaya','2006-06-29','',0,0,'',0.0,0.0,'-',X'','Galeria Golf No. 25','','','','','','','','','','','',0,0,0,0,5,0,0,0,1,0,0,0.00,0.00,0.00,'2015-02-13 05:37:48','',''),(462,'PMB2014150719','','Felicia Frederica','413','0064403738',2,'',1,0,'',2,9,13,2,0,5,1,0,'P','Surabaya','2006-11-16','',0,0,'',0.0,0.0,'-',X'','Graha Family Blok L-55','','71111555','','','','','','','','','',0,0,0,0,5,0,0,0,1,0,0,0.00,0.00,0.00,'2015-02-13 05:38:10','',''),(463,'PMB2014150717','','Eiffelinne Rudijanto','444','0069840530',2,'',1,0,'',2,9,13,2,0,5,1,0,'P','Surabaya','2006-08-25','',0,0,'',0.0,0.0,'-',X'','International Village 2, H6-6','','7451087','','','','','','','','','',0,0,0,0,5,0,0,0,1,0,0,0.00,0.00,0.00,'2015-02-13 05:38:35','',''),(464,'PMB2014150716','','Devyn Christopher','427','0067502984',2,'',1,0,'',2,9,13,2,0,4,1,0,'L','Surabaya','2006-04-27','',0,0,'',0.0,0.0,'-',X'','Darmo Harapan V / EL-9','','7349450','','','','','','','','','',0,0,0,0,5,0,0,0,1,0,0,0.00,0.00,0.00,'2015-02-13 05:39:25','',''),(465,'PMB2014150715','','Daniel Henry Suwignjo','412','0058263125',2,'',1,0,'',2,9,13,2,0,1,1,0,'L','Surabaya','2007-12-17','',0,0,'',0.0,0.0,'-',X'','Bukit Darmo Golf Regency B2','','0317328119','','','','','','','','','',0,0,0,0,5,0,0,0,1,0,0,0.00,0.00,0.00,'2015-02-13 05:39:46','',''),(466,'PMB2014150714','','Cliff Nelson Tumbelaka','443','0063759803',2,'',1,0,'',2,9,13,2,0,5,1,0,'L','Surabaya','2006-04-08','',0,0,'',0.0,0.0,'-',X'','Villa Bukit Regency 3 PE 10-40, Pakuwon Indah','','7391455','','','','','','','','','',0,0,0,0,5,0,0,0,1,0,0,0.00,0.00,0.00,'2015-02-13 05:40:08','',''),(467,'PMB2014150713','','Christopher Seputro','410','0062262984',2,'',1,0,'',2,9,13,2,0,5,1,0,'L','Surabaya','2006-10-18','',0,0,'',0.0,0.0,'-',X'','Villa Bukit Mas Meditarnian N-26','','5618999','','','','','','','','','',0,0,0,0,5,0,0,0,1,0,0,0.00,0.00,0.00,'2015-02-13 05:40:31','',''),(468,'PMB2014150712','','Celine Princess Liangkey','424','0068506802',2,'',1,0,'',2,9,13,2,0,5,1,0,'P','Surabaya','2006-09-27','',0,0,'',0.0,0.0,'-',X'','Darmo Hill M-22','','5636157','','','','','','','','','',0,0,0,0,5,0,0,0,1,0,0,0.00,0.00,0.00,'2015-02-13 05:41:00','',''),(469,'PMB2014150711','','Angelene Veronica Tjandra','423','0064425334',2,'',1,0,'',2,9,13,2,0,5,1,0,'P','Surabaya','2006-10-28','',0,0,'',0.0,0.0,'-',X'','Taman Internasional I / BI-30','','7441126','','','','','','','','','',0,0,0,0,5,0,0,0,1,0,0,0.00,0.00,0.00,'2015-02-13 05:41:24','',''),(470,'PMB2014150710','','Anneliese Josephine Irawan','406','0061032170',2,'',1,0,'',2,9,13,2,0,5,1,0,'L','Surabaya','2006-10-28','',0,0,'',0.0,0.0,'-',X'','Graha Family R-7','','0317533777','','','','','','','','','',0,0,0,0,5,0,0,0,1,0,0,0.00,0.00,0.00,'2015-02-13 05:41:46','',''),(471,'PMB2014150709','','Zeng Xian Lun','519','0059004159',2,'',1,0,'',2,9,13,2,0,5,1,0,'L','Mojokerto','2005-09-23','',0,0,'',0.0,0.0,'-',X'','Alam Galaxy A 10/06, Surabaya','','','','','','','','','','','',0,0,0,0,5,0,0,0,1,0,0,0.00,0.00,0.00,'2015-02-13 05:42:33','',''),(472,'PMB2014150708','','William Widjaja','456','0067625266',2,'',1,0,'',2,9,13,2,0,5,1,0,'L','Surabaya','2006-04-08','',0,0,'',0.0,0.0,'-',X'','Vila Bukit Mas K-12A','','08123112356','','','','','','','','','',0,0,0,0,5,0,0,0,1,0,0,0.00,0.00,0.00,'2015-02-13 05:42:58','',''),(473,'PMB2014150707','','Thierry Hegan Ho','422','0068072582',2,'',1,0,'',2,9,13,2,0,4,1,0,'L','Surabaya','2006-09-25','',0,0,'',0.0,0.0,'-',X'','Raya Darmo Permai  I/28','','','','','','','','','','','',0,0,0,0,5,0,0,0,1,0,0,0.00,0.00,0.00,'2015-02-13 05:43:29','',''),(474,'PMB2014150706','','Terrance Edmund L','438','0062826817',2,'',1,0,'',2,9,13,2,0,4,1,0,'L','Surabaya','2006-06-09','',0,0,'',0.0,0.0,'-',X'','Darmo Permai Selatan I / 32','','','','','','','','','','','',0,0,0,0,5,0,0,0,1,0,0,0.00,0.00,0.00,'2015-02-13 05:43:56','',''),(475,'PMB2014150705','','Ricky Sugiarto Tjandra','420','0069758326',2,'',1,0,'',2,9,13,2,0,1,1,0,'L','Surabaya','2006-06-29','',0,0,'',0.0,0.0,'-',X'','Darmo Harapan Indah XX - 8','','7317255','','','','','','','','','',0,0,0,0,5,0,0,0,1,0,0,0.00,0.00,0.00,'2015-02-13 05:44:20','',''),(476,'PMB2014150704','','Regina Amadea','452','0069605098',2,'',1,0,'',2,9,13,2,0,5,1,0,'P','Surabaya','2006-10-16','',0,0,'',0.0,0.0,'-',X'','Raya Satelit Indah AT-1','','','','','','','','','','','',0,0,0,0,5,0,0,0,1,0,0,0.00,0.00,0.00,'2015-02-13 05:46:08','',''),(477,'PMB2014150703','','Olethea Kylie Theharin','592','0054617386',2,'',1,0,'',2,9,13,2,0,5,1,0,'P','Surabaya','2005-11-07','',0,0,'',0.0,0.0,'-',X'','Palma Grandia K-4/7, Sby','','','','','','','','','','','',0,0,0,0,5,0,0,0,1,0,0,0.00,0.00,0.00,'2015-02-13 05:46:33','',''),(478,'PMB2014150702','','Maxwell Gautama','450','0063378742',2,'',1,0,'',2,9,13,2,0,5,1,0,'L','Surabaya','2006-03-07','',0,0,'',0.0,0.0,'-',X'','Graha Family U.142','','0317386500','','','','','','','','','',0,0,0,0,5,0,0,0,1,0,0,0.00,0.00,0.00,'2015-02-13 06:32:12','',''),(479,'PMB2014150701','','Lavinia Geovanni Tanujaya','433','0068326255',2,'',1,0,'',2,9,13,2,0,5,1,0,'P','Surabaya','2006-10-16','',0,0,'',0.0,0.0,'-',X'','Villa Bukit Mas Blok H No. 1','','5663797','','','','','','','','','',0,0,0,0,5,0,0,0,1,0,0,0.00,0.00,0.00,'2015-02-13 06:32:37','',''),(480,'PMB2014150700','','Kathleen Cristaline Abigail','432','0064058196',2,'',1,0,'',2,9,13,2,0,5,1,0,'P','Surabaya','2006-04-18','',0,0,'',0.0,0.0,'-',X'','Prambanan Residence CF/07','','','','','','','','','','','',0,0,0,0,5,0,0,0,1,0,0,0.00,0.00,0.00,'2015-02-13 06:33:00','',''),(481,'PMB2014150699','','Kaitlyn Angeline Santoso','449','0064393794',2,'',1,0,'',2,9,13,2,0,5,1,0,'P','Surabaya','2006-08-11','',0,0,'',0.0,0.0,'-',X'','Dian Istana AI - 20','','','','','','','','','','','',0,0,0,0,5,0,0,0,1,0,0,0.00,0.00,0.00,'2015-02-13 06:33:30','',''),(482,'PMB2014150698','','Jonathan Febreson Kanesa','448','0065421199',2,'',1,0,'',2,9,13,2,0,5,1,0,'L','Surabaya','2006-02-13','',0,0,'',0.0,0.0,'-',X'','Darmo Indah Timur IV Blok O No. 2','','7311001','','','','','','','','','',0,0,0,0,5,0,0,0,1,0,0,0.00,0.00,0.00,'2015-02-13 06:33:51','',''),(483,'PMB2014150697','','Jennifer Wongsowinoto','417','0062451105',2,'',1,0,'',2,9,13,2,0,5,1,0,'P','Surabaya','2006-06-01','',0,0,'',0.0,0.0,'-',X'','Wisata Bukit Mas C4-5','','7522784','','','','','','','','','',0,0,0,0,5,0,0,0,1,0,0,0.00,0.00,0.00,'2015-02-13 06:34:17','',''),(484,'PMB2014150696','','Gwenyth Jazlyn Korompis','414','0068485833',2,'',1,0,'',2,9,13,2,0,5,1,0,'P','Surabaya','2006-09-29','',0,0,'',0.0,0.0,'-',X'','Bintang Diponggo Kav 825','','5687611','','','','','','','','','',0,0,0,0,5,0,0,0,1,0,0,0.00,0.00,0.00,'2015-02-13 06:34:58','',''),(485,'PMB2014150695','','Davide William Susanto','426','0062648844',2,'',1,0,'',2,9,13,2,0,5,1,0,'L','Surabaya','2006-12-01','',0,0,'',0.0,0.0,'-',X'','Wisata Bukit Mas I / C1-8','','','','','','','','','','','',0,0,0,0,5,0,0,0,1,0,0,0.00,0.00,0.00,'2015-02-13 06:36:17','',''),(486,'PMB2014150694','','Chelsea Clarissa','442','0065109069',2,'',1,0,'',2,9,13,2,0,5,1,0,'P','Surabaya','2006-03-19','',0,0,'',0.0,0.0,'-',X'','Pregolan Bunder 46 - 48','','','','','','','','','','','',0,0,0,0,5,0,0,0,1,0,0,0.00,0.00,0.00,'2015-02-13 06:36:48','',''),(487,'PMB2014150693','','Celine Tannia Prajogo','441','0062147084',2,'',1,0,'',2,9,13,2,0,5,1,0,'P','Surabaya','2006-09-21','',0,0,'',0.0,0.0,'-',X'','Satelit Indah GN-4','','7314462','','','','','','','','','',0,0,0,0,5,0,0,0,1,0,0,0.00,0.00,0.00,'2015-02-13 06:37:13','',''),(488,'PMB2014150692','','Benedict Ongko Wibowo','407','0073652772',2,'',1,0,'',2,9,13,2,0,5,1,0,'L','Surabaya','2007-01-27','',0,0,'',0.0,0.0,'-',X'','Kupang Indah 7 / 6','','7311731','','','','','','','','','',0,0,0,0,5,0,0,0,1,0,0,0.00,0.00,0.00,'2015-02-13 06:37:56','',''),(489,'PMB2014150691','','Steven Henry Christanto','455','0065261459',2,'',1,0,'',2,9,13,2,0,5,1,0,'L','Surabaya','2006-10-31','',0,0,'',0.0,0.0,'-',X'','Darmo Baru Timur II/27','','','','','','','','','','','',0,0,0,0,5,0,0,0,1,0,0,0.00,0.00,0.00,'2015-02-13 06:39:55','',''),(490,'PMB2014150690','','Shelby Wijaya','437','0066513072',2,'',1,0,'',2,9,13,2,0,5,1,0,'P','Surabaya','2006-02-10','',0,0,'',0.0,0.0,'-',X'','Kupang Indah VII / 22','','','','','','','','','','','',0,0,0,0,5,0,0,0,1,0,0,0.00,0.00,0.00,'2015-02-13 06:40:44','',''),(491,'PMB2014150689','','Reinna Wijaya Alie','435','0068358844',2,'',1,0,'',2,9,13,2,0,5,1,0,'P','Surabaya','2006-03-14','',0,0,'',0.0,0.0,'-',X'','Satelit Indah 6 JN No. 5','','','','','','','','','','','',0,0,0,0,5,0,0,0,1,0,0,0.00,0.00,0.00,'2015-02-13 06:41:21','',''),(492,'PMB2014150688','','Regina Soempiet','453','0064292262',2,'',1,0,'',2,9,13,2,0,5,1,0,'P','Surabaya','2006-06-12','',0,0,'',0.0,0.0,'-',X'','Royal Residence Baimoral B3-52A','','','','','','','','','','','',0,0,0,0,5,0,0,0,1,0,0,0.00,0.00,0.00,'2015-02-13 06:41:46','',''),(493,'PMB2014150687','','Nixie Van Chen','434','0066641374',2,'',1,0,'',2,9,13,2,0,5,1,0,'P','Surabaya','2006-09-05','',0,0,'',0.0,0.0,'-',X'','Villa Bukit Mas RC-21','','5680118','','','','','','','','','',0,0,0,0,5,0,0,0,1,0,0,0.00,0.00,0.00,'2015-02-13 06:43:24','',''),(494,'PMB2014150686','','Nicholas Yuwono','419','0067530572',2,'',1,0,'',2,9,13,2,0,5,1,0,'L','Surabaya','2006-02-05','',0,0,'',0.0,0.0,'-',X'','Satelit Indah 9 / GN-12','','7318494','','','','','','','','','',0,0,0,0,5,0,0,0,1,0,0,0.00,0.00,0.00,'2015-02-13 06:43:50','',''),(495,'PMB2014150685','','Jayden Gil Gunawan','416','0063807381',2,'',1,0,'',2,9,13,2,0,5,1,0,'L','Surabaya','2006-05-25','',0,0,'',0.0,0.0,'-',X'','Pakis Tirtosari VII / 81','','5674211','','','','','','','','','',0,0,0,0,5,0,0,0,1,0,0,0.00,0.00,0.00,'2015-02-13 06:44:22','',''),(496,'PMB2014150684','','Jamie Axi Lee','431','0062674261',2,'',1,0,'',2,9,1,1,0,4,1,0,'L','Surabaya','2006-06-10','',0,0,'',0.0,0.0,'-',X'','Selat Golf J2 / 21 Citraland','','0317400010','','','','','','','','','',0,0,0,0,5,0,0,0,1,0,0,0.00,0.00,0.00,'2015-02-13 06:44:53','',''),(497,'PMB2014150683','','James Dendy','430','0066418372',2,'',1,0,'',2,9,13,2,0,1,1,0,'L','Surabaya','2006-12-03','',0,0,'',0.0,0.0,'-',X'','Royal Residence BI / 21A','','','','','','','','','','','',0,0,0,0,5,0,0,0,1,0,0,0.00,0.00,0.00,'2015-02-13 06:45:28','',''),(498,'PMB2014150682','','Ernest Kenneth Young Sumarno','445','0052632020',2,'',1,0,'',2,9,13,2,0,5,1,0,'L','Surabaya','2005-12-24','',0,0,'',0.0,0.0,'-',X'','Petemon Timur No 112','','','','','','','','','','','',0,0,0,0,5,0,0,0,1,0,0,0.00,0.00,0.00,'2015-02-13 06:46:03','',''),(499,'PMB2014150681','','Erleen Chandra Tang','428','0068980949',2,'',1,0,'',2,9,13,2,0,1,1,0,'P','Surabaya','2006-10-01','',0,0,'',0.0,0.0,'-',X'','Darmo Harapan Utara VII / EY-11','','83934138','','','','','','','','','',0,0,0,0,5,0,0,0,1,0,0,0.00,0.00,0.00,'2015-02-13 06:46:31','',''),(500,'PMB2014150679','','Early Angel Thie','593','0076990429',2,'',1,0,'',2,9,13,2,0,4,1,0,'P','Surabaya','2007-03-07','',0,0,'',0.0,0.0,'-',X'','Pakuwon The Mansion PF4 No. 8','','','','','','','','','','','',0,0,0,0,5,0,0,0,1,0,0,0.00,0.00,0.00,'2015-02-13 06:47:12','',''),(501,'PMB2014150661','','Winleon Tanjaya','591','0079974614',2,'',1,0,'',2,9,12,2,0,5,1,0,'L','Surabaya','2007-05-01','',0,0,'',0.0,0.0,'-',X'','Darmo Permai Selatan X / 126','','','','','','','','','','','',0,0,0,0,5,0,0,0,1,0,0,0.00,0.00,0.00,'2015-02-13 06:48:41','',''),(502,'PMB2014150656','','Reinaldo Darence Halim','569','0067998751',2,'',1,0,'',2,9,12,2,0,5,1,0,'L','Surabya','2006-12-09','',0,0,'',0.0,0.0,'-',X'','Gedung Nasional No. 11','','5322700','','','','','','','','','',0,0,0,0,5,0,0,0,1,0,0,0.00,0.00,0.00,'2015-02-13 06:49:18','',''),(503,'PMB2014150654','','Quinn Annabelle','586','0072659936',2,'',1,0,'',2,9,17,2,0,5,1,0,'P','Surabaya','2007-10-03','',0,0,'',0.0,0.0,'-',X'','Pakis Tirtosari 2 / 8','','','','','','','','','','','',0,0,0,0,5,0,0,0,1,0,0,0.00,0.00,0.00,'2015-02-13 06:49:42','',''),(504,'PMB2014150652','','Natascha Yap','542','0067843338',2,'',1,0,'',2,9,12,2,0,5,1,0,'P','USA','2006-12-24','',0,0,'',0.0,0.0,'-',X'','Kencana Sari Timur D / 24','','0315610973','','','','','','','','','',0,0,0,0,5,0,0,0,1,0,0,0.00,0.00,0.00,'2015-02-13 06:52:17','',''),(505,'PMB2014150651','','Matthew Alvaro Tanair','566','0071593887',2,'',1,0,'',2,9,12,2,0,5,1,0,'L','Surabaya','2007-03-07','',0,0,'',0.0,0.0,'-',X'','Wisata Bukit Mas II / 15-22','','','','','','','','','','','',0,0,0,0,5,0,0,0,1,0,0,0.00,0.00,0.00,'2015-02-13 06:52:51','',''),(508,'PMB2014150648','','Kalleo Abram Joneus (Kalleo)','698','0063632011',2,'',1,0,'',2,9,12,2,0,5,1,0,'L','Surabaya','2006-08-06','',0,0,'',0.0,0.0,'-',X'','Tanjung Pura 24 Surabaya','','','','','','','','','','','',0,0,0,0,5,0,0,0,1,0,0,0.00,0.00,0.00,'2015-02-13 06:54:28','',''),(509,'PMB2014150646','','Joshua Daniel Wijaya','537','0075767037',2,'',1,0,'',2,9,12,2,0,5,1,0,'L','Surabaya','2007-12-28','',0,0,'',0.0,0.0,'-',X'','Bukit Darmo Golf G-51','','0317345000','','','','','','','','','',0,0,0,0,5,0,0,0,1,0,0,0.00,0.00,0.00,'2015-02-13 06:55:06','',''),(510,'PMB2014150645','','Jillian Athalia Nigel','534','0071664011',2,'',1,0,'',2,9,12,2,0,5,1,0,'P','Surabaya','2007-05-06','',0,0,'',0.0,0.0,'-',X'','Woodland WL 12 / 12','','','','','','','','','','','',0,0,0,0,5,0,0,0,1,0,0,0.00,0.00,0.00,'2015-02-13 07:02:10','',''),(511,'PMB2014150644','','Gwen Angellica Ali Harsanto','533','0064674954',2,'',1,0,'',2,9,12,2,0,4,1,0,'P','Surabaya','2006-10-25','',0,0,'',0.0,0.0,'-',X'','Royal Residence B 10 / 93','','8713405','','','','','','','','','',0,0,0,0,5,0,0,0,1,0,0,0.00,0.00,0.00,'2015-02-13 07:07:42','',''),(512,'PMB2014150643','','Frederich Marciano','576','0073034070',2,'',1,0,'',2,9,12,2,0,5,1,0,'L','Surabaya','2007-09-07','',0,0,'',0.0,0.0,'-',X'','Villa Bukit Regency 2 PD 7-2 Pakuwon','','','','','','','','','','','',0,0,0,0,5,0,0,0,1,0,0,0.00,0.00,0.00,'2015-02-13 07:08:07','',''),(513,'PMB2014150642','','Fico Cesar Boedijono','531','0076271849',2,'',1,0,'',2,9,12,2,0,5,1,0,'L','Surabaya','2007-02-06','',0,0,'',0.0,0.0,'-',X'','Taman Satelite Timur QQ-28','','7313138','','','','','','','','','',0,0,0,0,5,0,0,0,1,0,0,0.00,0.00,0.00,'2015-02-13 07:08:40','',''),(514,'PMB2014150641','','Faylinn Avarielle Suganda','530','0075604745',2,'',1,0,'',2,9,12,2,0,4,1,0,'P','Malang','2007-07-11','',0,0,'',0.0,0.0,'-',X'','Graha Family D-109','','','','','','','','','','','',0,0,0,0,5,0,0,0,1,0,0,0.00,0.00,0.00,'2015-02-13 07:09:12','',''),(515,'PMB2014150640','','Fairy Fu','575','0076385226',2,'',1,0,'',2,9,12,2,0,5,1,0,'P','Surabaya','2007-02-12','',0,0,'',0.0,0.0,'-',X'','Manukan Lor 1 F / 4, Sby','','031-7405002','','','','','','','','','',0,0,0,0,5,0,0,0,1,0,0,0.00,0.00,0.00,'2015-02-13 07:09:51','',''),(516,'PMB2014150639','','Ethan Isaac Silfanus','554','0075135937',2,'',1,0,'',2,9,12,2,0,5,1,0,'L','Surabaya','2007-09-26','',0,0,'',0.0,0.0,'-',X'','Gubeng Kertajaya 7-Y/9','','','','','','','','','','','',0,0,0,0,5,0,0,0,1,0,0,0.00,0.00,0.00,'2015-02-13 07:10:52','',''),(517,'PMB2014150638','','Christabel','552','0073888797',2,'',1,0,'',2,9,1,1,0,5,1,0,'P','Surabaya','2007-06-02','',0,0,'',0.0,0.0,'-',X'','Taman Pondok Jati AP - 9 Geluran Sepanjang','','','','','','','','','','','',0,0,0,0,5,0,0,0,1,0,0,0.00,0.00,0.00,'2015-02-13 07:11:25','',''),(518,'PMB2014150637','','Arnold Jansen Kho','525','0076157744',2,'',1,0,'',2,9,1,1,0,4,1,0,'L','Surabaya','2007-04-18','',0,0,'',0.0,0.0,'-',X'','Lebak Indah Jaya I kav 9','','0313821484','','','','','','','','','',0,0,0,0,5,0,0,0,1,0,0,0.00,0.00,0.00,'2015-02-13 07:11:54','',''),(519,'PMB2014150636','','Angela Monique Tejakusuma','548','0073380229',2,'',1,0,'',2,9,12,2,0,5,1,0,'P','Surabaya','2007-08-20','',0,0,'',0.0,0.0,'-',X'','Satelit Indah III / LN No. 5','','0317346469','','','','','','','','','',0,0,0,0,5,0,0,0,1,0,0,0.00,0.00,0.00,'2015-02-13 07:12:14','',''),(520,'PMB2014150635','','Alexander Budihartono','524','0072433502',2,'',1,0,'',2,9,12,2,0,4,1,0,'L','Brisbane','2007-01-07','',0,0,'',0.0,0.0,'-',X'','Taman Pondok Indah LX-7','','','','','','','','','','','',0,0,0,0,5,0,0,0,1,0,0,0.00,0.00,0.00,'2015-02-13 07:12:38','',''),(521,'PMB2014150634','','Aislyn Samantha Ang','523','0079866277',2,'',1,0,'',2,9,1,1,0,5,1,0,'P','Singapore','2007-11-21','',0,0,'',0.0,0.0,'-',X'','Puncak Permai II / 2A','','7315266','','','','','','','','','',0,0,0,0,5,0,0,0,1,0,0,0.00,0.00,0.00,'2015-02-13 07:13:00','',''),(522,'PMB2014150649','','Kevin Adinugroho','563','0077757192',2,'',1,0,'',2,9,12,2,0,4,1,0,'L','Surabaya','2007-12-03','',0,0,'',0.0,0.0,'-',X'','Kupang Indah XXI / 11, Sby','','0317311574','','','','','','','','','',0,0,0,0,5,0,0,0,1,0,0,0.00,0.00,0.00,'2015-02-13 07:16:55','',''),(523,'PMB2014150624','','Andreano Sebastian Dengi','697','0073650643',2,'',1,0,'',2,9,5,2,0,5,1,0,'L','Padang','2007-06-25','',0,0,'',0.0,0.0,'-',X'','Sambongan III/10','','0313536106','','','','','','','','','',0,0,0,0,5,0,0,0,1,0,0,0.00,0.00,0.00,'2015-02-13 07:18:02','',''),(524,'PMB2014150589','','Verlyn Pangestoe (Verlyn)','696','0085042216',2,'',1,0,'',2,9,5,2,0,5,1,0,'P','Surabaya','2008-05-03','',0,0,'',0.0,0.0,'-',X'','Villa Bukit Regency 3 PE 10/30','','','','','','','','','','','',0,0,0,0,5,0,0,0,1,0,0,0.00,0.00,0.00,'2015-02-13 07:20:10','',''),(525,'PMB2014150588','','Scott Caleb Johar Gunawan (Scott)','695','0086299242',2,'',1,0,'',2,9,5,2,0,5,1,0,'L','Surabaya','2008-10-10','',0,0,'',0.0,0.0,'-',X'','Eastwood EW-9/17 Citraland','','03181831191','','','','','','','','','',0,0,0,0,5,0,0,0,1,0,0,0.00,0.00,0.00,'2015-02-13 07:20:42','',''),(526,'PMB2014150587','','Patricia Michelle Rumoei (Patricia)','694','0088286027',2,'',1,0,'',2,9,5,2,0,5,1,0,'P','Surabaya','2008-04-01','',0,0,'',0.0,0.0,'-',X'','Simpang Darmo Permai Timur 2 / 2','','','','','','','','','','','',0,0,0,0,5,0,0,0,1,0,0,0.00,0.00,0.00,'2015-02-13 07:21:15','',''),(527,'PMB2014150586','','Noel Nelsen Felix','693','0089288765',2,'',1,0,'',2,9,5,2,0,5,1,0,'L','Surabaya','2008-01-02','',0,0,'',0.0,0.0,'-',X'','Perum Darmo Sentosa Raya Blok H-21','','0315684639','','','','','','','','','',0,0,0,0,5,0,0,0,1,0,0,0.00,0.00,0.00,'2015-02-13 07:21:39','',''),(528,'PMB2014150585','','Michelle Tanaya (Michelle)','692','0084544937',2,'',1,0,'',2,9,5,2,0,4,1,0,'P','Surabaya','2008-07-27','',0,0,'',0.0,0.0,'-',X'','Tulung Agung 3/6 Surabaya','','0315319420','','','','','','','','','',0,0,0,0,5,0,0,0,1,0,0,0.00,0.00,0.00,'2015-02-13 07:22:08','',''),(529,'PMB2014150584','','Louis Chandoko (Louis)','691','0089289623',2,'',1,0,'',2,9,5,2,0,5,1,0,'L','Surabaya','2008-12-19','',0,0,'',0.0,0.0,'-',X'','Forest Mansion B-23','','','','','','','','','','','',0,0,0,0,5,0,0,0,1,0,0,0.00,0.00,0.00,'2015-02-13 07:22:39','',''),(530,'PMB2014150583','','Kiyora Asami Prasetya','690','0085339120',2,'',1,0,'',2,9,5,2,0,5,1,0,'P','Surabaya','2008-08-08','',0,0,'',0.0,0.0,'-',X'','Kertajaya Indah Regency A 25','','','','','','','','','','','',0,0,0,0,5,0,0,0,1,0,0,0.00,0.00,0.00,'2015-02-13 07:23:17','',''),(532,'PMB2014150581','','Josevine Angeline Musa (Josevine)','688','0087438069',2,'',1,0,'',2,9,5,2,0,5,1,0,'P','Surabaya','2008-04-02','',0,0,'',0.0,0.0,'-',X'','Darmo Permai Selatan 11 / 18','','','','','','','','','','','',0,0,0,0,5,0,0,0,1,0,0,0.00,0.00,0.00,'2015-02-13 07:24:30','',''),(533,'PMB2014150580','','Jessica Beatricia (Jessica)','687','0087348700',2,'',1,0,'',2,9,5,2,0,5,1,0,'L','Surabaya','2008-02-02','',0,0,'',0.0,0.0,'-',X'','Rafles Garden TB XII/35','','0317400643','','','','','','','','','',0,0,0,0,5,0,0,0,1,0,0,0.00,0.00,0.00,'2015-02-13 07:25:07','',''),(534,'PMB2014150579','','Jerome Keane Lim (Jerome / Keane)','686','0083747067',2,'',1,0,'',2,9,5,2,0,5,1,0,'L','Surabaya','2008-07-05','',0,0,'',0.0,0.0,'-',X'','Chofa RE - 11','','0317325068','','','','','','','','','',0,0,0,0,5,0,0,0,1,0,0,0.00,0.00,0.00,'2015-02-13 07:25:40','',''),(535,'PMB2014150578','','Jedidiah Budiman (Jedidiah)','685','0084512531',2,'',1,0,'',2,9,5,2,0,5,1,0,'L','Surabaya','2008-09-15','',0,0,'',0.0,0.0,'-',X'','Progo 8 Surabaya','','0315676572','','','','','','','','','',0,0,0,0,5,0,0,0,1,0,0,0.00,0.00,0.00,'2015-02-13 07:26:15','',''),(536,'PMB2014150577','','Jade Agung Handojo (Jade)','684','0081066633',2,'',1,0,'',2,9,5,2,0,4,1,0,'L','Surabaya','2008-03-21','',0,0,'',0.0,0.0,'-',X'','Darmo Harapan VI / EC-19','','0317346930','','','','','','','','','',0,0,0,0,5,0,0,0,1,0,0,0.00,0.00,0.00,'2015-02-13 07:26:45','',''),(537,'PMB2014150576','','Grace Caroline Cahyono (Grace)','683','0085184842',2,'',1,0,'',2,9,5,2,0,4,1,0,'P','Surabaya','2008-07-12','',0,0,'',0.0,0.0,'-',X'','Mulyorejo Mega Asri 129','','0315964953','','','','','','','','','',0,0,0,0,5,0,0,0,1,0,0,0.00,0.00,0.00,'2015-02-13 07:27:16','',''),(538,'PMB2014150575','','Ferdinand Christianto Thomas (Ferdinand)','682','0089715606',2,'',1,0,'',2,9,5,2,0,4,1,0,'L','Surabaya','2008-02-10','',0,0,'',0.0,0.0,'-',X'','Raya Mastrip Kemlaten 26 B','','0317674122','','','','','','','','','',0,0,0,0,5,0,0,0,1,0,0,0.00,0.00,0.00,'2015-02-13 07:27:46','',''),(539,'PMB2014150574','','Felicia Clarissa Tanurijanto (Felice)','681','0081405793',2,'',1,0,'',2,9,5,2,0,4,1,0,'L','Surabaya','2008-10-09','',0,0,'',0.0,0.0,'-',X'','Puri Sentra Raya PS 2/43 B Citraland','','0317440099','','','','','','','','','',0,0,0,0,5,0,0,0,1,0,0,0.00,0.00,0.00,'2015-02-13 07:28:14','',''),(540,'PMB2014150582','','Keziah Lim (Kei)','689','0082495921',2,'',1,0,'',2,9,5,2,0,5,1,0,'L','Surabaya','2008-05-23','',0,0,'',0.0,0.0,'-',X'','Perum Graha Famili Blok N-46','','0317346683','','','','','','','','','',0,0,0,0,5,0,0,0,1,0,0,0.00,0.00,0.00,'2015-02-13 07:28:51','',''),(541,'PMB2014150573','','Ezekiel Shawn Wondo (Shawn)','680','0088611332',2,'',1,0,'',2,9,5,2,0,5,1,0,'L','Surabaya','2008-05-04','',0,0,'',0.0,0.0,'-',X'','Central Park A. Yani E/19','','0318272828','','','','','','','','','',0,0,0,0,5,0,0,0,1,0,0,0.00,0.00,0.00,'2015-02-13 07:29:12','',''),(542,'PMB2014150572','','Claris Lievia (Claris)','679','0089079284',2,'',1,0,'',2,9,5,2,0,5,1,0,'P','Surabaya','2008-07-29','',0,0,'',0.0,0.0,'-',X'','Wisata Bukit Mas B2/5','','','','','','','','','','','',0,0,0,0,5,0,0,0,1,0,0,0.00,0.00,0.00,'2015-02-13 07:29:50','',''),(543,'PMB2014150571','','Brandon Archer (Brandon)','678','0083114195',2,'',1,0,'',2,9,5,2,0,5,1,0,'L','Surabaya','2008-07-15','',0,0,'',0.0,0.0,'-',X'','Tanjungsari Baru 5 Blok GG 36','','','','','','','','','','','',0,0,0,0,5,0,0,0,1,0,0,0.00,0.00,0.00,'2015-02-13 07:30:20','',''),(544,'PMB2014150537','','George Kennedy Kristanto','643','0083617983',2,'',1,0,'',2,9,5,2,0,5,1,0,'L','Surabaya','2008-08-28','',0,0,'',0.0,0.0,'-',X'','Graha Family N-33','','0317340928','','','','','','','','','',0,0,0,0,5,0,0,0,1,0,0,0.00,0.00,0.00,'2015-02-13 07:34:56','',''),(545,'PMB2014150538','','Gerald Deven Tejokusumo','644','0073258870',2,'',1,0,'',2,9,5,2,0,5,1,0,'L','Surabaya','2007-12-11','',0,0,'',0.0,0.0,'-',X'','Gajah Mada 203 Sda','','0318962977','','','','','','','','','',0,0,0,0,5,0,0,0,1,0,0,0.00,0.00,0.00,'2015-02-13 07:35:18','',''),(546,'PMB2014150539','','Hansel Jornelle','645','0089145285',2,'',1,0,'',2,9,5,2,0,5,1,0,'L','Surabaya','2008-10-28','',0,0,'',0.0,0.0,'-',X'','Kupang Baru 2 No. 25','','0317348815','','','','','','','','','',0,0,0,0,5,0,0,0,1,0,0,0.00,0.00,0.00,'2015-02-13 07:35:40','',''),(547,'PMB2014150540','','Jeanette Soewargo','646','0081006157',2,'',1,0,'',2,9,5,2,0,5,1,0,'P','Surabaya','2008-02-08','',0,0,'',0.0,0.0,'-',X'','Royal Park TL IV/23 Citraland','','','','','','','','','','','',0,0,0,0,5,0,0,0,1,0,0,0.00,0.00,0.00,'2015-02-13 07:36:00','',''),(548,'PMB2014150541','','Jenevieve Clairine Setiawan','647','0087851425',2,'',1,0,'',2,9,5,2,0,5,1,0,'P','Surabaya','2008-02-14','',0,0,'',0.0,0.0,'-',X'','Taman Darmo Harapan II / EG - 11C','','0317317042','','','','','','','','','',0,0,0,0,5,0,0,0,1,0,0,0.00,0.00,0.00,'2015-02-13 07:36:21','',''),(549,'PMB2014150542','','Jessica Johana Ponga','648','0089069991',2,'',1,0,'',2,9,5,2,0,5,1,0,'P','Surabaya','2008-04-30','',0,0,'',0.0,0.0,'-',X'','Simo Mulyo Baru Blok 7i / 13','','','','','','','','','','','',0,0,0,0,5,0,0,0,1,0,0,0.00,0.00,0.00,'2015-02-13 07:36:41','',''),(550,'PMB2014150543','','Joshua Alexander Kurt Kyriss','649','0081252029',2,'',1,0,'',2,9,5,2,0,5,1,0,'L','Surabaya','2008-06-15','',0,0,'',0.0,0.0,'-',X'','Darmo Satelit Utara 3 Blok PT No.6','','','','','','','','','','','',0,0,0,0,5,0,0,0,1,0,0,0.00,0.00,0.00,'2015-02-13 07:37:01','',''),(551,'PMB2014150544','','Kenneth Boesono','650','0089761524',2,'',1,0,'',2,9,5,2,0,5,1,0,'L','Surabaya','2008-03-18','',0,0,'',0.0,0.0,'-',X'','Villa Bukit Regency PC 3 / 12 Pakuwon Indah','','0315031985','','','','','','','','','',0,0,0,0,5,0,0,0,1,0,0,0.00,0.00,0.00,'2015-02-13 07:37:24','',''),(552,'PMB2014150545','','Kezia Rexana Lie','651','0081145294',2,'',1,0,'',2,9,5,2,0,5,1,0,'P','Surabaya','2008-07-11','',0,0,'',0.0,0.0,'-',X'','Kupang Indah I / 36','','','','','','','','','','','',0,0,0,0,5,0,0,0,1,0,0,0.00,0.00,0.00,'2015-02-13 07:37:44','',''),(553,'PMB2014150546','','Maggie Tse','652','0084528149',2,'',1,0,'',2,9,5,2,0,4,1,0,'P','Surabaya','2008-12-24','',0,0,'',0.0,0.0,'-',X'','Manukan Tama 19-O/47','','03171983098','','','','','','','','','',0,0,0,0,5,0,0,0,1,0,0,0.00,0.00,0.00,'2015-02-13 07:38:03','',''),(554,'PMB2014150547','','Sharon Alexandra Soempiet','653','0081874981',2,'',1,0,'',2,9,5,2,0,5,1,0,'P','Surabaya','2009-01-09','',0,0,'',0.0,0.0,'-',X'','Royal Residence Balmoral B3-52A','','8687854','','','','','','','','','',0,0,0,0,5,0,0,0,1,0,0,0.00,0.00,0.00,'2015-02-13 07:38:27','',''),(555,'PMB2014150548','','Yehezkiel Messi Jeremi Sianipar','654','0087709501',2,'',1,0,'',2,9,5,2,0,5,1,0,'L','Surabaya','2008-04-26','',0,0,'',0.0,0.0,'-',X'','Silindri 12 HN 2 Kotabatu Driyorejo Gresik','','','','','','','','','','','',0,0,0,0,5,0,0,0,1,0,0,0.00,0.00,0.00,'2015-02-13 07:38:49','',''),(556,'PMB2014150549','','Colin Cristo Harianto (Colin)','656','0082453363',2,'',1,0,'',2,9,5,2,0,5,1,0,'L','Surabaya','2008-01-19','',0,0,'',0.0,0.0,'-',X'','Wisata Bukit Mas II / Blok E3 No. 10','','0317530738','','','','','','','','','',0,0,0,0,5,0,0,0,1,0,0,0.00,0.00,0.00,'2015-02-13 07:41:08','',''),(557,'PMB2014150550','','Emili Tricia Faustine (Mili)','657','0086021322',2,'',1,0,'',2,9,5,2,0,1,1,0,'P','Surabaya','2008-05-15','',0,0,'',0.0,0.0,'-',X'','Kranggan No. 102 Kav.8','','0315340131','','','','','','','','','',0,0,0,0,5,0,0,0,1,0,0,0.00,0.00,0.00,'2015-02-13 07:42:01','',''),(558,'PMB2014150551','','Engelbert Theophile Ho (Elbert)','658','0083373263',2,'',1,0,'',2,9,5,2,0,5,1,0,'L','Surabaya','2008-07-20','',0,0,'',0.0,0.0,'-',X'','Kencanasari Barat 7 / G.38','','03171019099','','','','','','','','','',0,0,0,0,5,0,0,0,1,0,0,0.00,0.00,0.00,'2015-02-13 07:42:27','',''),(559,'PMB2014150552','','Evaldo Sukoco (Aldo)','659','0072829133',2,'',1,0,'',2,9,5,2,0,4,1,0,'L','Surabaya','2007-11-10','',0,0,'',0.0,0.0,'-',X'','Satelit Indah 3/KN 12 D','','0317318508','','','','','','','','','',0,0,0,0,5,0,0,0,1,0,0,0.00,0.00,0.00,'2015-02-13 07:42:57','',''),(560,'PMB2014150553','','Ferlyne Gabrielly Thie (Ferlyne)','660','0081446708',2,'',1,0,'',2,9,5,2,0,4,1,0,'P','Surabaya','2008-04-24','',0,0,'',0.0,0.0,'-',X'','Pakuwon Indah The Mansion PF 4 No. 8','','','','','','','','','','','',0,0,0,0,5,0,0,0,1,0,0,0.00,0.00,0.00,'2015-02-13 07:43:18','',''),(561,'PMB2014150554','','Gabrielle Abigail Limpo (Bie Bie)','661','0086241204',2,'',1,0,'',2,9,5,2,0,5,1,0,'P','Melbourne Victoria','2008-12-08','',0,0,'',0.0,0.0,'-',X'','Graha Family FF 32','','0317534174','','','','','','','','','',0,0,0,0,5,0,0,0,1,0,0,0.00,0.00,0.00,'2015-02-13 07:43:38','',''),(562,'PMB2014150555','','Griffith Clairenova Wijaya (Griffith)','663','0086367500',2,'',1,0,'',2,9,5,2,0,5,1,0,'L','Surabaya','2008-09-22','',0,0,'',0.0,0.0,'-',X'','Graha Family Blok YY / No. 26','','','','','','','','','','','',0,0,0,0,5,0,0,0,1,0,0,0.00,0.00,0.00,'2015-02-13 07:44:00','',''),(563,'PMB2014150556','','Hacken Wunadi (Hacken)','664','0087481516',2,'',1,0,'',2,9,5,2,0,5,1,0,'L','Surabaya','2008-09-07','',0,0,'',0.0,0.0,'-',X'','Graha Family R 179 A','','03131202033','','','','','','','','','',0,0,0,0,5,0,0,0,1,0,0,0.00,0.00,0.00,'2015-02-13 07:44:25','',''),(564,'PMB2014150557','','Janice Valerie Judianto (Janice)','665','0088848445',2,'',1,0,'',2,9,5,2,0,4,1,0,'L','Surabaya','2008-01-28','',0,0,'',0.0,0.0,'-',X'','Pakuwon Indah, One Golf Terrace AB 11/58','','','','','','','','','','','',0,0,0,0,5,0,0,0,1,0,0,0.00,0.00,0.00,'2015-02-13 07:44:48','',''),(565,'PMB2014150558','','Jesslyn Olivia','666','0086451224',2,'',1,0,'',2,9,5,2,0,1,1,0,'P','Surabaya','2008-10-05','',0,0,'',0.0,0.0,'-',X'','Royal Residence B 1/21A','','','','','','','','','','','',0,0,0,0,5,0,0,0,1,0,0,0.00,0.00,0.00,'2015-02-13 07:46:03','',''),(566,'PMB2014150561','','Lionel Edric Zhu (Lin-lin / Lio)','668','0086427935',2,'',1,0,'',2,9,5,2,0,5,1,0,'L','Surabaya','2008-07-28','',0,0,'',0.0,0.0,'-',X'','North Emerald Mansion TN 4/3','','','','','','','','','','','',0,0,0,0,5,0,0,0,1,0,0,0.00,0.00,0.00,'2015-02-13 07:46:31','',''),(567,'PMB2014150562','','Louisa Angela Sutiono (Angela)','669','0071030695',2,'',1,0,'',2,9,5,2,0,5,1,0,'P','Surabaya','2007-12-10','',0,0,'',0.0,0.0,'-',X'','Graha Family H-38','','03170586993','','','','','','','','','',0,0,0,0,5,0,0,0,1,0,0,0.00,0.00,0.00,'2015-02-13 07:47:05','',''),(568,'PMB2014150563','','Rafe Titan Hartono (Rafe)','670','0081084800',2,'',1,0,'',2,9,5,2,0,5,1,0,'L','Surabaya','2008-05-21','',0,0,'',0.0,0.0,'-',X'','Bintang Diponggo 757','','0315670925','','','','','','','','','',0,0,0,0,5,0,0,0,1,0,0,0.00,0.00,0.00,'2015-02-13 07:47:24','',''),(569,'PMB2014150564','','Raziela Kelly Ali Harsanto (Kelly)','671','0087574339',2,'',1,0,'',2,9,5,2,0,4,1,0,'L','Surabaya','2008-05-09','',0,0,'',0.0,0.0,'-',X'','Royal Residence B.10/93','','0315670925','','','','','','','','','',0,0,0,0,5,0,0,0,1,0,0,0.00,0.00,0.00,'2015-02-13 07:47:50','',''),(570,'PMB2014150565','','Richelle Princess Liangkey (Richelle)','672','0084220395',2,'',1,0,'',2,9,5,2,0,5,1,0,'P','Surabaya','2008-03-29','',0,0,'',0.0,0.0,'-',X'','Darmo Hill M-22','','0315636157','','','','','','','','','',0,0,0,0,5,0,0,0,1,0,0,0.00,0.00,0.00,'2015-02-13 07:48:10','',''),(571,'PMB2014150566','','Shane Andersen Tandiono (Shane)','673','0086938945',2,'',1,0,'',2,9,5,2,0,5,1,0,'P','Surabaya','2008-04-07','',0,0,'',0.0,0.0,'-',X'','Sukomanunggal Jaya 2/35','','0317341123','','','','','','','','','',0,0,0,0,5,0,0,0,1,0,0,0.00,0.00,0.00,'2015-02-13 07:49:14','',''),(572,'PMB2014150567','','Tifannie Gabrielle Hadiwidjojo (Tifannie)','674','0083490661',2,'',1,0,'',2,9,5,2,0,5,1,0,'P','Surabaya','2008-05-08','',0,0,'',0.0,0.0,'-',X'','Kupang Indah 2 / 52','','0317315224','','','','','','','','','',0,0,0,0,5,0,0,0,1,0,0,0.00,0.00,0.00,'2015-02-13 07:49:36','',''),(573,'PMB2014150568','','Wilbert Suryajaya Lim (Wilbert)','675','0074150479',2,'',1,0,'',2,9,5,2,0,5,1,0,'L','Surabaya','2007-11-16','',0,0,'',0.0,0.0,'-',X'','Satelit Utara VII/CT 14','','0317316226','','','','','','','','','',0,0,0,0,5,0,0,0,1,0,0,0.00,0.00,0.00,'2015-02-13 07:50:51','',''),(574,'PMB2014150569','','Asthon Preston Young Sumarno (Asthon)','676','0089231874',2,'',1,0,'',2,9,5,2,0,5,1,0,'L','Surabaya','2008-02-28','',0,0,'',0.0,0.0,'-',X'','Petemon Timur No. 114','','0315313343','','','','','','','','','',0,0,0,0,5,0,0,0,1,0,0,0.00,0.00,0.00,'2015-02-13 07:51:30','',''),(575,'PMB2014150570','','Beatrice Christilove Santoso (Beatrice)','677','0084256389',2,'',1,0,'',2,9,5,2,0,5,1,0,'P','Surabaya','2008-12-20','',0,0,'',0.0,0.0,'-',X'','Raya Manukan Wetan 32','','03170397737','','','','','','','','','',0,0,0,0,5,0,0,0,1,0,0,0.00,0.00,0.00,'2015-02-13 07:51:53','',''),(576,'PMB2014150464','','Allen Wijaya Alie','634','0087131066',2,'',1,0,'',2,9,5,2,0,5,1,0,'L','Surabaya','2008-10-19','',0,0,'',0.0,0.0,'-',X'','Satelit Indah 6 JN No. 5','','0317318668','','','','','','','','','',0,0,0,0,5,0,0,0,1,0,0,0.00,0.00,0.00,'2015-02-13 07:53:44','',''),(577,'PMB2014150521','','Aaron Elliot Tandra','633','0086314896',2,'',1,0,'',2,9,5,2,0,4,1,0,'L','Jakarta','2008-10-18','',0,0,'',0.0,0.0,'-',X'','Graha Family C-60','','','','','','','','','','','',0,0,0,0,5,0,0,0,1,0,0,0.00,0.00,0.00,'2015-02-13 07:54:30','',''),(578,'PMB2014150831','','Yohanes Tjahyadi','341','0041739242',2,'',1,0,'',2,9,15,2,0,5,1,0,'L','Surabaya','2004-05-28','',0,0,'',0.0,0.0,'-',X'','Vila Sentra Raya AG / 23, Sby','','70271689','','','','','','','','','',0,0,0,0,5,0,0,0,1,0,0,0.00,0.00,0.00,'2015-02-16 08:24:35','',''),(579,'PMB2014150830','','Tamara Jessica Chandra','336','0041739243',2,'',1,0,'',2,9,15,2,0,5,1,0,'P','Surabaya','2004-06-07','',0,0,'',0.0,0.0,'-',X'','Babatan Pratama 26 / 47','','7523740','','','','','','','','','',0,0,0,0,5,0,0,0,1,0,0,0.00,0.00,0.00,'2015-02-16 08:25:01','',''),(580,'PMB2014150828','','Stevan Alexander Surya','401','0049204629',2,'',1,0,'',2,9,15,2,0,4,1,0,'L','Surabaya','2004-09-10','',0,0,'',0.0,0.0,'-',X'','Pakis Bukit Asoka R-23','','03133119990','','','','','','','','','',0,0,0,0,5,0,0,0,1,0,0,0.00,0.00,0.00,'2015-02-16 08:25:42','',''),(581,'PMB2014150827','','Stanley Alexander Sugianto','333','0041739253',2,'',1,0,'',2,9,15,2,0,5,1,0,'L','Surabaya','2004-09-06','',0,0,'',0.0,0.0,'-',X'','Simo Tambaan Sekolahan No. 2','','7328829','','','','','','','','','',0,0,0,0,5,0,0,0,1,0,0,0.00,0.00,0.00,'2015-02-16 08:26:54','',''),(582,'PMB2014150826','','Sonya Nahama Wijoyo','332','0043648750',2,'',1,0,'',2,9,15,2,0,4,1,0,'P','Surabaya','2004-04-12','',0,0,'',0.0,0.0,'-',X'','Kupang Indah 7 /12, Sby','','7311730','','','','','','','','','',0,0,0,0,5,0,0,0,1,0,0,0.00,0.00,0.00,'2015-02-16 08:27:33','',''),(583,'PMB2014150825','','Quenny Michaela Anggraini','328','0041739254',2,'',1,0,'',2,9,15,1,0,4,1,0,'P','Surabaya','2004-09-14','',0,0,'',0.0,0.0,'-',X'','Kupang Indah 2/22','','7316188','','','','','','','','','',0,0,0,0,5,0,0,0,1,0,0,0.00,0.00,0.00,'2015-02-16 08:27:57','',''),(584,'PMB2014150824','','Nicholas Kevin Tjoei','326','0041739228',2,'',1,0,'',2,9,15,2,0,4,1,0,'L','Surabaya','2004-01-09','',0,0,'',0.0,0.0,'-',X'','Darmo Baru Barat X / 53, Sby','','7344193','','','','','','','','','',0,0,0,0,5,0,0,0,1,0,0,0.00,0.00,0.00,'2015-02-16 08:28:19','',''),(585,'PMB2014150823','','Netanya Marvela Irawan','325','0041739230',2,'',1,0,'',2,9,15,2,0,5,1,0,'P','Surabaya','2004-02-06','',0,0,'',0.0,0.0,'-',X'','Graha Famili R - 7, Sby','','7533777','','','','','','','','','',0,0,0,0,5,0,0,0,1,0,0,0.00,0.00,0.00,'2015-02-16 08:28:40','',''),(586,'PMB2014150822','','Nathan Amadeus','323','0041739238',2,'',1,0,'',2,9,15,2,0,5,1,0,'P','Surabaya','2004-05-14','',0,0,'',0.0,0.0,'-',X'','Alam Hijau F1 / 20, Sby','','7466301','','','','','','','','','',0,0,0,0,5,0,0,0,1,0,0,0.00,0.00,0.00,'2015-02-16 08:29:03','',''),(587,'PMB2014150821','','Melinda Fandrayani','320','0041739273',2,'',1,0,'',2,9,15,2,0,5,1,0,'P','Surabaya','2004-12-09','',0,0,'',0.0,0.0,'-',X'','Satelit Utara VII / CT - 14, Sby','','7316226','','','','','','','','','',0,0,0,0,5,0,0,0,1,0,0,0.00,0.00,0.00,'2015-02-16 08:29:26','',''),(588,'PMB2014150820','','Louis Darren Irwan','463','0037020901',2,'',1,0,'',2,9,15,2,0,4,1,0,'L','Surabaya','2003-12-09','',0,0,'',0.0,0.0,'-',X'','Imperial Golf Regensi AB 2 No. 6','','7391882','','','','','','','','','',0,0,0,0,5,0,0,0,1,0,0,0.00,0.00,0.00,'2015-02-16 08:29:49','',''),(589,'PMB2014150819','','Lamtiar Nauli Sabrina Margareth Nababan','318','0041739251',2,'',1,0,'',2,9,15,2,0,5,1,0,'P','Tangerang','2004-09-03','',0,0,'',0.0,0.0,'-',X'','Wisma Tengger XVII / 2','','7405884','','','','','','','','','',0,0,0,0,5,0,0,0,1,0,0,0.00,0.00,0.00,'2015-02-16 08:30:17','',''),(590,'PMB2014150818','','Kayla Calista Anabelle','314','0041739247',2,'',1,0,'',2,9,15,2,0,5,1,0,'P','Surabaya','2004-07-18','',0,0,'',0.0,0.0,'-',X'','Puri Surya Jaya D5/32, Gedangan','','8917657','','','','','','','','','',0,0,0,0,5,0,0,0,1,0,0,0.00,0.00,0.00,'2015-02-16 08:30:59','',''),(591,'PMB2014150817','','Jocelyn','462','0049806185',2,'',1,0,'',2,9,15,2,0,5,1,0,'P','Surabaya','2004-06-14','',0,0,'',0.0,0.0,'-',X'','Tulung Agung 3 / 8, Surabaya','','7056995','','','','','','','','','',0,0,0,0,5,0,0,0,1,0,0,0.00,0.00,0.00,'2015-02-16 08:31:26','',''),(592,'PMB2014150816','','He Xing Hua','307','0041739248',2,'',1,0,'',2,9,15,2,0,5,1,0,'P','Shang Hai','2004-07-30','',0,0,'',0.0,0.0,'-',X'','Dupak No. 65 Blok B-3 Ruko Mutiara Dupak','','71844438','','','','','','','','','',0,0,0,0,5,0,0,0,1,0,0,0.00,0.00,0.00,'2015-02-16 08:31:48','',''),(593,'PMB2014150815','','Fiona Chandra','302','0041739233',2,'',1,0,'',2,9,15,2,0,4,1,0,'P','Surabaya','2004-02-17','',0,0,'',0.0,0.0,'-',X'','Puri Widya Kencana J3 No 2 Citra Raya','','7482759','','','','','','','','','',0,0,0,0,5,0,0,0,1,0,0,0.00,0.00,0.00,'2015-02-16 08:32:12','',''),(594,'PMB2014150814','','Eunike Jacquelyn Widarto','298','0041739259',2,'',1,0,'',2,9,15,2,0,5,1,0,'P','Surabaya','2004-10-13','',0,0,'',0.0,0.0,'-',X'','Darmo Permai Timur VIII/16, Sby','','7328528','','','','','','','','','',0,0,0,0,5,0,0,0,1,0,0,0.00,0.00,0.00,'2015-02-16 08:36:12','',''),(595,'PMB2014150813','','Emily Francesca Soegijanto','296','0041739236',2,'',1,0,'',2,9,15,2,0,5,1,0,'P','Surabaya','2020-04-08','',0,0,'',0.0,0.0,'-',X'','Darmo Baru Barat I / 39','','7329845','','','','','','','','','',0,0,0,0,5,0,0,0,1,0,0,0.00,0.00,0.00,'2015-02-16 08:36:34','',''),(596,'PMB2014150812','','Devny Fu','707','0037745077',2,'',1,0,'',2,9,15,2,0,5,1,0,'P','Surabaya','2003-11-02','',0,0,'',0.0,0.0,'-',X'','Manukan Lor IF No. 4','','03171012546','','','','','','','','','',0,0,0,0,5,0,0,0,1,0,0,0.00,0.00,0.00,'2015-02-16 08:36:57','',''),(597,'PMB2014150811','','Clarice Angeline','289','0041739245',2,'',1,0,'',2,9,15,2,0,5,1,0,'P','Surabaya','2004-06-28','',0,0,'',0.0,0.0,'-',X'','Tanjungsari Baru V / Blok GG-36','','7313096','','','','','','','','','',0,0,0,0,5,0,0,0,1,0,0,0.00,0.00,0.00,'2015-02-16 08:37:20','',''),(598,'PMB2014150810','','Brivio Darren Wigitono','286','0044923536',2,'',1,0,'',2,9,15,2,0,5,1,0,'L','Surabaya','2004-08-10','',0,0,'',0.0,0.0,'-',X'','Darmo Indah Selatan LL - 39','','71027122','','','','','','','','','',0,0,0,0,5,0,0,0,1,0,0,0.00,0.00,0.00,'2015-02-16 08:37:49','',''),(599,'PMB2014150809','','Wang Xiao Han','465','0027026527',2,'',1,0,'',2,9,15,2,0,5,1,0,'P','Surabaya','2002-08-13','',0,0,'',0.0,0.0,'-',X'','Rayan Regency F-5','','','','','','','','','','','',0,0,0,0,5,0,0,0,1,0,0,0.00,0.00,0.00,'2015-02-16 08:38:21','',''),(600,'PMB2014150808','','Vanessa Shareen','464','0049840906',2,'',1,0,'',2,9,15,2,0,5,1,0,'P','Surabaya','2004-06-19','',0,0,'',0.0,0.0,'-',X'','Babatan Pantai Barat I/66                       Villa Bukit Regency 2PD3-11','','7482033','','','','','','','','','',0,0,0,0,5,0,0,0,1,0,0,0.00,0.00,0.00,'2015-02-16 08:38:44','',''),(601,'PMB2014150807','','Shelfina','331','0041739239',2,'',1,0,'',2,9,15,2,0,5,1,0,'P','Surabaya','2004-05-21','',0,0,'',0.0,0.0,'-',X'','Perum Alam Galaxy, Water Terrace A8 - 3','','','','','','','','','','','',0,0,0,0,5,0,0,0,1,0,0,0.00,0.00,0.00,'2015-02-16 08:39:07','',''),(602,'PMB2014150806','','Rachel Mantalik','329','0041739267',2,'',1,0,'',2,9,15,2,0,5,1,0,'P','Surabaya','2004-11-17','',0,0,'',0.0,0.0,'-',X'','Royal Residence B 10/97','','','','','','','','','','','',0,0,0,0,5,0,0,0,1,0,0,0.00,0.00,0.00,'2015-02-16 08:39:33','',''),(603,'PMB2014150805','','Prisca Lovely Gunawan','327','0041739237',2,'',1,0,'',2,9,15,2,0,5,1,0,'P','Surabaya','2004-04-29','',0,0,'',0.0,0.0,'-',X'','Sukomanunggal Jaya XI / XL-26','','7314888','','','','','','','','','',0,0,0,0,5,0,0,0,1,0,0,0.00,0.00,0.00,'2015-02-16 08:39:53','',''),(604,'PMB2014150804','','Naomi Boesono','321','0035754471',2,'',1,0,'',2,9,15,2,0,5,1,0,'P','Surabaya','2003-12-05','',0,0,'',0.0,0.0,'-',X'','Pakuwon Indah Villa Bukit Regency I PC3 - 12','','7391974','','','','','','','','','',0,0,0,0,5,0,0,0,1,0,0,0.00,0.00,0.00,'2015-02-16 08:40:14','',''),(605,'PMB2014150803','','Michelle Katrina Suwanto','403','0047392856',2,'',1,0,'',2,9,15,2,0,5,1,0,'L','Surabaya','2004-09-17','',0,0,'',0.0,0.0,'-',X'','Simo Rukun VII / 7, Surabaya','','','','','','','','','','','',0,0,0,0,5,0,0,0,1,0,0,0.00,0.00,0.00,'2015-02-16 08:40:49','',''),(606,'PMB2014150802','','Kenny Wibowo','317','0041739231',2,'',1,0,'',2,9,15,2,0,3,1,0,'L','Surabaya','2004-02-08','',0,0,'',0.0,0.0,'-',X'','Taman Hunian Satelit II Blok B/2, Sukomanunggal Indah III','','7310536','','','','','','','','','',0,0,0,0,5,0,0,0,1,0,0,0.00,0.00,0.00,'2015-02-16 08:41:09','',''),(607,'PMB2014150801','','Kayne Juro Chandra (Kayne)','706','0049425046',2,'',1,0,'',2,9,15,2,0,4,1,0,'L','Surabaya','2020-11-04','',0,0,'',0.0,0.0,'-',X'','Puri Sentra Raya PS 1/37 Citraland','','7416677','','','','','','','','','',0,0,0,0,5,0,0,0,1,0,0,0.00,0.00,0.00,'2015-02-16 08:41:34','',''),(608,'PMB2014150800','','Joycelyn Eugenia Kurniadi','313','0041739232',2,'',1,0,'',2,9,15,2,0,5,1,0,'P','Surabaya','2004-02-14','',0,0,'',0.0,0.0,'-',X'','Wisata Bukit Mas C-5 / 12','','7535682','','','','','','','','','',0,0,0,0,5,0,0,0,1,0,0,0.00,0.00,0.00,'2015-02-16 08:41:54','',''),(609,'PMB2014150799','','Jeremy Gautama','311','0041739246',2,'',1,0,'',2,9,15,2,0,5,1,0,'L','Surabaya','2004-07-13','',0,0,'',0.0,0.0,'-',X'','Satelit Indah 7/DN-21, Surabaya','','','','','','','','','','','',0,0,0,0,5,0,0,0,1,0,0,0.00,0.00,0.00,'2015-02-16 08:42:17','',''),(610,'PMB2014150798','','Jason Lienardi','309','0047049912',2,'',1,0,'',2,9,15,2,0,5,1,0,'L','Surabaya','2004-04-12','',0,0,'',0.0,0.0,'-',X'','Kupang Iandah XI / 116','','7326978','','','','','','','','','',0,0,0,0,5,0,0,0,1,0,0,0.00,0.00,0.00,'2015-02-16 08:42:45','',''),(611,'PMB2014150797','','Graciella Geraldine Supramono','402','0040974355',2,'',1,0,'',2,9,15,2,0,5,1,0,'P','Banyuwangi','2004-01-07','',0,0,'',0.0,0.0,'-',X'','Sutorejo Utara F 1/2','','','','','','','','','','','',0,0,0,0,5,0,0,0,1,0,0,0.00,0.00,0.00,'2015-02-16 08:43:10','',''),(612,'PMB2014150796','','Giselle Laetitia','305','0041739250',2,'',1,0,'',2,9,15,2,0,5,1,0,'P','Surabaya','2004-08-26','',0,0,'',0.0,0.0,'-',X'','Villa Bukit Indah AA 10-12, Pakuwon','','7526847','','','','','','','','','',0,0,0,0,5,0,0,0,1,0,0,0.00,0.00,0.00,'2015-02-16 08:43:30','',''),(613,'PMB2014150795','','Francis Limanseto','304','0041739226',2,'',1,0,'',2,9,15,2,0,5,1,0,'L','Surabaya','2004-01-01','',0,0,'',0.0,0.0,'-',X'','Babatan Mukti O - 19, Wiyung','','','','','','','','','','','',0,0,0,0,5,0,0,0,1,0,0,0.00,0.00,0.00,'2015-02-16 08:43:51','',''),(614,'PMB2014150794','','Feliana Veronica','300','0048089291',2,'',1,0,'',2,9,15,2,0,4,1,0,'P','Surabaya','2004-08-10','',0,0,'',0.0,0.0,'-',X'','Darmo Permai Timur SS - 26','','7342890','','','','','','','','','',0,0,0,0,5,0,0,0,1,0,0,0.00,0.00,0.00,'2015-02-16 08:44:17','',''),(615,'PMB2014150793','','Edward Christian Budijanto','295','0039646636',2,'',1,0,'',2,9,15,2,0,5,1,0,'L','Surabaya','2003-10-25','',0,0,'',0.0,0.0,'-',X'','SidosermoAirdas V/F-116','','8432601','','','','','','','','','',0,0,0,0,5,0,0,0,1,0,0,0.00,0.00,0.00,'2015-02-16 08:44:40','',''),(616,'PMB2014150792','','Devina Claresta','294','0041739227',2,'',1,0,'',2,9,15,2,0,5,1,0,'P','Surabaya','2004-01-05','',0,0,'',0.0,0.0,'-',X'','Margorejo Indah 3/B-710','','','','','','','','','','','',0,0,0,0,5,0,0,0,1,0,0,0.00,0.00,0.00,'2015-02-16 08:45:04','',''),(617,'PMB2014150791','','Derric Ang Suhartono','461','0049284725',2,'',1,0,'',2,9,15,2,0,4,1,0,'L','Surabaya','2004-05-26','',0,0,'',0.0,0.0,'-',X'','Citraland Bukit Golf Utama Blok FI / 3A','','','','','','','','','','','',0,0,0,0,5,0,0,0,1,0,0,0.00,0.00,0.00,'2015-02-16 08:45:25','',''),(618,'PMB2014150790','','Cindy Carina Thomas (Cindy)','705','0041239803',2,'',1,0,'',2,9,15,2,0,5,1,0,'P','Probolinggo','2004-08-17','',0,0,'',0.0,0.0,'-',X'','Sidodadi No. 40 Surabaya','','0313719890','','','','','','','','','',0,0,0,0,5,0,0,0,1,0,0,0.00,0.00,0.00,'2015-02-16 08:45:45','',''),(619,'PMB2014150789','','Charlene Athena Tjahjadi','288','0041739229',2,'',1,0,'',2,9,15,1,0,5,1,0,'P','Surabaya','2004-01-28','',0,0,'',0.0,0.0,'-',X'','Raya Kupang Jaya B 10','','81984321','','','','','','','','','',0,0,0,0,5,0,0,0,1,0,0,0.00,0.00,0.00,'2015-02-16 08:46:05','',''),(620,'PMB2014150788','','Cathrioca Keisha','287','0041739255',2,'',1,0,'',2,9,15,2,0,4,1,0,'P','Surabaya','2004-09-18','',0,0,'',0.0,0.0,'-',X'','Taman Pondok Indah AA - 2 Wiyung, Sby','','','','','','','','','','','',0,0,0,0,5,0,0,0,1,0,0,0.00,0.00,0.00,'2015-02-16 08:46:28','',''),(621,'PMB2014150787','','Beatricia Audrey Siemon','285','0041739268',2,'',1,0,'',2,9,15,2,0,4,1,0,'P','Surabaya','2004-11-27','',0,0,'',0.0,0.0,'-',X'','Villa Bukit Regency 2, PD3/11, Pakuwon Indah, Sby','','7391112','','','','','','','','','',0,0,0,0,5,0,0,0,1,0,0,0.00,0.00,0.00,'2015-02-16 08:46:52','',''),(622,'PMB2014150786','','Audrey Netanya Benyamin','283','0041739235',2,'',1,0,'',2,9,15,2,0,5,1,0,'P','Surabaya','2004-04-01','',0,0,'',0.0,0.0,'-',X'','Satelit Utara III/ET - 36, Sby','','','','','','','','','','','',0,0,0,0,5,0,0,0,1,0,0,0.00,0.00,0.00,'2015-02-16 08:47:16','',''),(623,'PMB2014150785','','William Patrick','382','0059185160',2,'',1,0,'',2,9,14,2,0,5,1,0,'L','Surabaya','2005-01-28','',0,0,'',0.0,0.0,'-',X'','Villa Taman Telaga II TJ-6 No. 9 Citraland','','7450853','','','','','','','','','',0,0,0,0,5,0,0,0,1,0,0,0.00,0.00,0.00,'2015-02-16 08:47:57','',''),(624,'PMB2014150784','','Timothy Johannes Wijaya','365','0054678338',2,'',1,0,'',2,9,14,2,0,5,1,0,'L','Surabaya','2005-10-16','',0,0,'',0.0,0.0,'-',X'','Bukit Darmo Golf G-51','','7383999','','','','','','','','','',0,0,0,0,5,0,0,0,1,0,0,0.00,0.00,0.00,'2015-02-16 08:48:20','',''),(625,'PMB2014150783','','Peter Julianto','398','0057705292',2,'',1,0,'',2,9,14,2,0,5,1,0,'L','Surabaya','2005-03-23','',0,0,'',0.0,0.0,'-',X'','Darmo Hill L-21 A','','5636120','','','','','','','','','',0,0,0,0,5,0,0,0,1,0,0,0.00,0.00,0.00,'2015-02-16 08:48:41','',''),(626,'PMB2014150782','','Michelle Ping Ping Lie','363','0051745947',2,'',1,0,'',2,9,14,2,0,3,1,0,'P','Surabaya','2005-09-11','',0,0,'',0.0,0.0,'-',X'','Satelit Indah 7 / EN 1','','','','','','','','','','','',0,0,0,0,5,0,0,0,1,0,0,0.00,0.00,0.00,'2015-02-16 08:49:01','',''),(627,'PMB2014150781','','Lianny Patricia Hartono','395','0053351549',2,'',1,0,'',2,9,14,2,0,5,1,0,'P','Surabaya','2005-03-13','',0,0,'',0.0,0.0,'-',X'','Permata Safira Regency Blok BI / 3','','7534207','','','','','','','','','',0,0,0,0,5,0,0,0,1,0,0,0.00,0.00,0.00,'2015-02-16 08:49:21','',''),(628,'PMB2014150780','','Kenneth Ongko Wibowo','361','0051730909',2,'',1,0,'',2,9,14,2,0,5,1,0,'L','Surabaya','2005-11-07','',0,0,'',0.0,0.0,'-',X'','Kupang Indah 7 / 6','','7311731','','','','','','','','','',0,0,0,0,5,0,0,0,1,0,0,0.00,0.00,0.00,'2015-02-16 08:49:41','',''),(629,'PMB2014150779','','Karen Leticia','360','0057472339',2,'',1,0,'',2,9,14,2,0,5,1,0,'P','Surabaya','2005-09-04','',0,0,'',0.0,0.0,'-',X'','Taman Gapura E6 / 19','','7412288','','','','','','','','','',0,0,0,0,5,0,0,0,1,0,0,0.00,0.00,0.00,'2015-02-16 08:50:10','',''),(630,'PMB2014150726','','Maximillian Wilbert','418','0061979943',2,'',1,0,'',2,9,13,2,0,5,1,0,'L','Maximillian Wilbert','2006-05-20','',0,0,'',0.0,0.0,'-',X'','Darmo Baru Barat XI / 11','','7321670','','','','','','','','','',0,0,0,0,5,0,0,0,1,0,0,0.00,0.00,0.00,'2015-02-17 04:13:01','',''),(631,'PMB2014150727','','Phillip Albert Samaoen','451','0063486984',2,'',1,0,'',2,9,13,2,0,5,1,0,'L','Surabaya','2006-07-17','',0,0,'',0.0,0.0,'-',X'','Graha Family FF-29','','7535449','','','','','','','','','',0,0,0,0,5,0,0,0,1,0,0,0.00,0.00,0.00,'2015-02-17 04:13:24','',''),(632,'PMB2014150728','','Samuel Widarto','436','0064256471',2,'',1,0,'',2,9,13,2,0,5,1,0,'L','Surabaya','2006-02-17','',0,0,'',0.0,0.0,'-',X'','Darmo Permai Timur I / 29','','7314382','','','','','','','','','',0,0,0,0,5,0,0,0,1,0,0,0.00,0.00,0.00,'2015-02-17 04:13:46','',''),(633,'PMB2014150729','','Stephanie Meygan Handoko','421','0068931151',2,'',1,0,'',2,9,13,2,0,4,1,0,'P','Surabaya','2006-05-15','',0,0,'',0.0,0.0,'-',X'','Puri Widya Utama i-I/5','','0317348923','','','','','','','','','',0,0,0,0,5,0,0,0,1,0,0,0.00,0.00,0.00,'2015-02-17 04:14:14','',''),(634,'PMB2014150730','','Walt Christian Halimsaputera','439','0064527573',2,'',1,0,'',2,9,13,2,0,5,1,0,'L','Surabaya','2006-04-26','',0,0,'',0.0,0.0,'-',X'','Satelit Utara 6-IT/10','','7325600','','','','','','','','','',0,0,0,0,5,0,0,0,1,0,0,0.00,0.00,0.00,'2015-02-17 04:14:41','',''),(635,'PMB2014150731','','Andrew Koespianto','367','0055382302',2,'',1,0,'',2,9,14,2,0,5,1,0,'L','Surabaya','2005-06-18','',0,0,'',0.0,0.0,'-',X'','Graha Family C-38','','7346253','','','','','','','','','',0,0,0,0,5,0,0,0,1,0,0,0.00,0.00,0.00,'2015-02-17 04:15:16','',''),(636,'PMB2014150732','','Edbert Louise Suryasatria','594','0048868938',2,'',1,0,'',2,9,14,2,0,4,1,0,'L','Surabaya','2004-12-04','',0,0,'',0.0,0.0,'-',X'','R. Sukomanunggal Jaya 60, Sby','','7311560','','','','','','','','','',0,0,0,0,5,0,0,0,1,0,0,0.00,0.00,0.00,'2015-02-17 04:15:51','',''),(637,'PMB2014150733','','Edgar Rilley Setyadarma','352','0053157035',2,'',1,0,'',2,9,14,2,0,5,1,0,'L','Surabaya','2005-05-24','',0,0,'',0.0,0.0,'-',X'','Vila Bukit Mas L 21','','','','','','','','','','','',0,0,0,0,5,0,0,0,1,0,0,0.00,0.00,0.00,'2015-02-17 04:16:14','',''),(638,'PMB2014150734','','Elaine Christian Budijanto','473','0045666007',2,'',1,0,'',2,9,14,2,0,5,1,0,'P','Surabaya','2004-11-10','',0,0,'',0.0,0.0,'-',X'','Woodland 2/122 Citraland','','72362838','','','','','','','','','',0,0,0,0,5,0,0,0,1,0,0,0.00,0.00,0.00,'2015-02-17 04:16:38','',''),(639,'PMB2014150735','','Farryl Gracious Sie','390','0059581272',2,'',1,0,'',2,9,14,2,0,5,1,0,'P','Surabaya','2005-05-20','',0,0,'',0.0,0.0,'-',X'','Dharmahusada Indah M-17','','596427071','','','','','','','','','',0,0,0,0,5,0,0,0,1,0,0,0.00,0.00,0.00,'2015-02-17 04:17:03','',''),(640,'PMB2014150736','','Felicia Gabrielle Rumoei','460','0059259729',2,'',1,0,'',2,9,14,2,0,5,1,0,'P','Surabaya','2005-06-18','',0,0,'',0.0,0.0,'-',X'','Simpang Darmo Permai Timur II No. 2','','7342738','','','','','','','','','',0,0,0,0,5,0,0,0,1,0,0,0.00,0.00,0.00,'2015-02-17 04:17:27','',''),(641,'PMB2014150737','','Fujiana Tanoto (Niu Niu)','701','0065993046',2,'',1,0,'',2,9,14,2,0,5,1,0,'P','Surabaya','2006-01-24','',0,0,'',0.0,0.0,'-',X'','Villa Bukit Mas Monaco II TC 6','','035614566','','','','','','','','','',0,0,0,0,5,0,0,0,1,0,0,0.00,0.00,0.00,'2015-02-17 04:18:32','',''),(642,'PMB2014150738','','Frederick Rico Go','354','0058210273',2,'',1,0,'',2,9,14,2,0,4,1,0,'L','Surabaya','2006-11-09','',0,0,'',0.0,0.0,'-',X'','Villa Bukit Indah AAL 36','','7524253','','','','','','','','','',0,0,0,0,5,0,0,0,1,0,0,0.00,0.00,0.00,'2015-02-17 04:18:57','',''),(643,'PMB2014150739','','Gabriela Keyrin Tjoei','373','0053921140',2,'',1,0,'',2,9,14,2,0,4,1,0,'P','Surabaya','2005-08-18','',0,0,'',0.0,0.0,'-',X'','Darmo Baru Barat X/53','','7344193','','','','','','','','','',0,0,0,0,5,0,0,0,1,0,0,0.00,0.00,0.00,'2015-02-17 04:19:30','',''),(644,'PMB2014150740','','Gerich Greven','374','0055799404',2,'',1,0,'',2,9,14,2,0,5,1,0,'L','Surabaya','2005-05-02','',0,0,'',0.0,0.0,'-',X'','Petemon Barat 96','','','','','','','','','','','',0,0,0,0,5,0,0,0,1,0,0,0.00,0.00,0.00,'2015-02-17 04:19:59','',''),(645,'PMB2014150741','','Hillary Yauwhanes (Hilly)','702','0055512239',2,'',1,0,'',2,9,14,2,0,4,1,0,'P','Surabaya','2005-01-10','',0,0,'',0.0,0.0,'-',X'','Graha Famili A-51','','0315992938','','','','','','','','','',0,0,0,0,5,0,0,0,1,0,0,0.00,0.00,0.00,'2015-02-17 04:20:30','',''),(646,'PMB2014150742','','James Marcel Chandra','357','0056329892',2,'',1,0,'',2,9,14,2,0,5,1,0,'L','Surabaya','2005-06-17','',0,0,'',0.0,0.0,'-',X'','Babatan Pratama NN 47','','','','','','','','','','','',0,0,0,0,5,0,0,0,1,0,0,0.00,0.00,0.00,'2015-02-17 04:23:57','',''),(647,'PMB2014150743','','Joel Ravael Kurniawan','459','0059270359',2,'',1,0,'',2,9,14,2,0,5,1,0,'L','Surabaya','2005-10-03','',0,0,'',0.0,0.0,'-',X'','Kutisari Indah Utara III / 30','','','','','','','','','','','',0,0,0,0,5,0,0,0,1,0,0,0.00,0.00,0.00,'2015-02-17 04:27:38','',''),(648,'PMB2014150744','','Jonathan Budianto','375','0055006880',2,'',1,0,'',2,9,14,2,0,5,1,0,'L','Surabaya','2005-09-10','',0,0,'',0.0,0.0,'-',X'','Royal Residence B3-47','','7510137','','','','','','','','','',0,0,0,0,5,0,0,0,1,0,0,0.00,0.00,0.00,'2015-02-17 04:30:00','',''),(649,'PMB2014150745','','Kimberly Zhang','393','0053524048',2,'',1,0,'',2,9,14,2,0,5,1,0,'P','Surabaya','2005-04-27','',0,0,'',0.0,0.0,'-',X'','Darmo Baru Barat I / 57','','7315902','','','','','','','','','',0,0,0,0,5,0,0,0,1,0,0,0.00,0.00,0.00,'2015-02-17 04:30:23','',''),(650,'PMB2014150746','','Marcia Jeselyn','379','0059640527',2,'',1,0,'',2,9,14,2,0,4,1,0,'P','Surabaya','2005-06-03','',0,0,'',0.0,0.0,'-',X'','Villa Bukit Mas D-28','','','','','','','','','','','',0,0,0,0,5,0,0,0,1,0,0,0.00,0.00,0.00,'2015-02-17 04:30:44','',''),(651,'PMB2014150747','','Victoria Ashley Pramoko','366','0059258154',2,'',1,0,'',2,9,14,2,0,5,1,0,'P','Surabaya','2005-06-02','',0,0,'',0.0,0.0,'-',X'','Pakis Bukit Anggrek L-12 Darmo Hill','','5636119','','','','','','','','','',0,0,0,0,5,0,0,0,1,0,0,0.00,0.00,0.00,'2015-02-17 04:31:05','',''),(652,'PMB2014150748','','Yohan Immanuel Hendrajaya','400','0041185289',2,'',1,0,'',2,9,14,2,0,5,1,0,'L','Surabaya','2004-07-08','',0,0,'',0.0,0.0,'-',X'','Royal Residence B 2-103','','7510325','','','','','','','','','',0,0,0,0,5,0,0,0,1,0,0,0.00,0.00,0.00,'2015-02-17 04:31:55','',''),(653,'PMB2014150749','','Ashley Cecilia Nugroho','385','0051641700',2,'',1,0,'',2,9,14,2,0,4,1,0,'P','Surabaya','2005-06-01','',0,0,'',0.0,0.0,'-',X'','Graha Family Utara VII Blok D-187','','7343419','','','','','','','','','',0,0,0,0,5,0,0,0,1,0,0,0.00,0.00,0.00,'2015-02-17 04:32:33','',''),(654,'PMB2014150750','','Athalia Nichole Nathanusa','457','0054773578',2,'',1,0,'',2,9,14,2,0,5,1,0,'P','Surabaya','2005-05-24','',0,0,'',0.0,0.0,'-',X'','Citraland Pakuwon KS-5','','0317480082','','','','','','','','','',0,0,0,0,5,0,0,0,1,0,0,0.00,0.00,0.00,'2015-02-17 04:32:57','',''),(655,'PMB2014150751','','Benedict Theodore Hogiharto','369','0053220520',2,'',1,0,'',2,9,14,2,0,5,1,0,'L','Surabaya','2005-07-14','',0,0,'',0.0,0.0,'-',X'','Kencanasari Barat 7/G-38','','','','','','','','','','','',0,0,0,0,5,0,0,0,1,0,0,0.00,0.00,0.00,'2015-02-17 04:33:23','',''),(656,'PMB2014150752','','Calistha Kurniawan','387','0051399868',2,'',1,0,'',2,9,14,2,0,1,1,0,'P','Surabaya','2005-08-09','',0,0,'',0.0,0.0,'-',X'','Darmo Hill S-10','','5636300','','','','','','','','','',0,0,0,0,5,0,0,0,1,0,0,0.00,0.00,0.00,'2015-02-17 04:33:44','',''),(657,'PMB2014150753','','Dave Tristan Hartono','351','0055588269',2,'',1,0,'',2,9,14,2,0,5,1,0,'L','Surabaya','2005-10-28','',0,0,'',0.0,0.0,'-',X'','Bintang Diponggo 757','','','','','','','','','','','',0,0,0,0,5,0,0,0,1,0,0,0.00,0.00,0.00,'2015-02-17 04:34:05','',''),(658,'PMB2014150754','','Elaine Catalina Lesmana','458','0047714461',2,'',1,0,'',2,9,14,2,0,4,1,0,'P','Surabaya','2004-12-15','',0,0,'',0.0,0.0,'-',X'','Raya Bumi Indah No. 18','','','','','','','','','','','',0,0,0,0,5,0,0,0,1,0,0,0.00,0.00,0.00,'2015-02-17 04:34:29','',''),(659,'PMB2014150755','','Ferdinand Jianming Karlim','372','0056594202',2,'',1,0,'',2,9,14,2,0,1,1,0,'L','Surabaya','2005-05-17','',0,0,'',0.0,0.0,'-',X'','Achmad Jais 34 Blok B/9, Grand Achmad Jais','','0315357791','','','','','','','','','',0,0,0,0,5,0,0,0,1,0,0,0.00,0.00,0.00,'2015-02-17 04:34:53','',''),(660,'PMB2014150756','','Gabriel Galuh Susanto Putra','391','0057917731',2,'',1,0,'',2,9,14,2,0,5,1,0,'L','Surabaya','2005-07-24','',0,0,'',0.0,0.0,'-',X'','Darmo Harapan III EA 9','','7316959','','','','','','','','','',0,0,0,0,5,0,0,0,1,0,0,0.00,0.00,0.00,'2015-02-17 04:43:21','',''),(661,'PMB2014150757','','Gloria Rexana Lie','355','0058755106',2,'',1,0,'',2,9,14,2,0,5,1,0,'P','surabaya','2006-07-09','',0,0,'',0.0,0.0,'-',X'','Simpang Darmo Permai Utara 5 / 35','','7342859','','','','','','','','','',0,0,0,0,5,0,0,0,1,0,0,0.00,0.00,0.00,'2015-02-17 04:43:48','',''),(662,'PMB2014150758','','Goodwill Bryan Lion','392','0055366955',2,'',1,0,'',2,9,14,2,0,4,1,0,'L','Surabaya','2005-07-28','',0,0,'',0.0,0.0,'-',X'','Graha Family B-63','','','','','','','','','','','',0,0,0,0,5,0,0,0,1,0,0,0.00,0.00,0.00,'2015-02-17 04:44:17','',''),(663,'PMB2014150759','','Jeanette Magdalene','358','0058856200',2,'',1,0,'',2,9,14,2,0,5,1,0,'P','Surabaya','2005-06-23','',0,0,'',0.0,0.0,'-',X'','Darmo Harapan Utara I EM-7','','0317317700','','','','','','','','','',0,0,0,0,5,0,0,0,1,0,0,0.00,0.00,0.00,'2015-02-17 04:45:37','',''),(664,'PMB2014150760','','Jonathan Harleyson Sutanto','359','0059061621',2,'',1,0,'',2,9,14,2,0,5,1,0,'L','Surabaya','2005-05-09','',0,0,'',0.0,0.0,'-',X'','Jupiter BS-15 Taman Hunian Satelit','','7328360','','','','','','','','','',0,0,0,0,5,0,0,0,1,0,0,0.00,0.00,0.00,'2015-02-17 04:54:15','',''),(665,'PMB2014150761','','Kellin Anne Hidayat (Kellin)','703','0052784309',2,'',1,0,'',2,9,14,2,0,4,1,0,'P','Surabaya','2005-08-09','',0,0,'',0.0,0.0,'-',X'','Graha Famili Selatan III / A8','','','','','','','','','','','',0,0,0,0,5,0,0,0,1,0,0,0.00,0.00,0.00,'2015-02-17 04:54:40','',''),(666,'PMB2014150762','','Kimberly Yauwhanes (Kimy)','704','0052732829',2,'',1,0,'',2,9,14,2,0,4,1,0,'P','Surabaya','2005-01-10','',0,0,'',0.0,0.0,'-',X'','Graha Famili A-51','','0315992938','','','','','','','','','',0,0,0,0,5,0,0,0,1,0,0,0.00,0.00,0.00,'2015-02-17 04:55:00','',''),(667,'PMB2014150763','','Marco Alexander Tejo','362','0055809990',2,'',1,0,'',2,9,14,2,0,4,1,0,'L','Surabaya','2005-11-16','',0,0,'',0.0,0.0,'-',X'','Darmo Harapan EC-20','','7318486','','','','','','','','','',0,0,0,0,5,0,0,0,1,0,0,0.00,0.00,0.00,'2015-02-17 04:55:23','',''),(668,'PMB2014150764','','Nathanael Rodrick Ho','396','0059040860',2,'',1,0,'',2,9,14,2,0,4,1,0,'L','Suraba','2005-06-16','',0,0,'',0.0,0.0,'-',X'','Raya Darmo Permai I / 28','','','','','','','','','','','',0,0,0,0,5,0,0,0,1,0,0,0.00,0.00,0.00,'2015-02-17 04:55:47','',''),(669,'PMB2014150765','','Patrick Riche Go','397','0053029769',2,'',1,0,'',2,9,14,2,0,4,1,0,'L','Surabaya','2005-11-09','',0,0,'',0.0,0.0,'-',X'','Villa Bukit Indah AAL 36','','7524253','','','','','','','','','',0,0,0,0,5,0,0,0,1,0,0,0.00,0.00,0.00,'2015-02-17 04:56:09','',''),(670,'PMB2014150766','','Rebecca Ferren','380','0045714065',2,'',1,0,'',2,9,14,2,0,1,1,0,'P','Surabaya','2004-12-25','',0,0,'',0.0,0.0,'-',X'','Perum. Graha Family Jl. Pulau Golf Family I (G-32)','','7384666','','','','','','','','','',0,0,0,0,5,0,0,0,1,0,0,0.00,0.00,0.00,'2015-02-17 04:56:34','',''),(671,'PMB2014150767','','Vedericco Chandra','381','0059679751',2,'',1,0,'',2,9,14,2,0,4,1,0,'L','Surabaya','2005-07-05','',0,0,'',0.0,0.0,'-',X'','Jajar Tunggal Utara V Blok S No. 5','','081331608585','','','','','','','','','',0,0,0,0,5,0,0,0,1,0,0,0.00,0.00,0.00,'2015-02-17 04:56:54','',''),(672,'PMB2014150768','','Arnold Nathanael Benjamin','368','0052949114',2,'',1,0,'',2,9,14,2,0,5,1,0,'L','Surabaya','2005-09-05','',0,0,'',0.0,0.0,'-',X'','Satelit Utara III / ET 36','','7325077','','','','','','','','','',0,0,0,0,5,0,0,0,1,0,0,0.00,0.00,0.00,'2015-02-17 04:57:23','',''),(673,'PMB2014150769','','Anneliese','384','0054531988',2,'',1,0,'',2,9,14,2,0,5,1,0,'P','Surabaya','2005-06-01','',0,0,'',0.0,0.0,'-',X'','Raya Kalijaten, Ruko Sepanjang Town House C 15-16','','7871720','','','','','','','','','',0,0,0,0,5,0,0,0,1,0,0,0.00,0.00,0.00,'2015-02-17 04:57:42','',''),(674,'PMB2014150770','','Brandon Lee Sanyoto','386','0058608490',2,'',1,0,'',2,9,14,2,0,5,1,0,'L','Surabaya','2005-10-05','',0,0,'',0.0,0.0,'-',X'','Villa Bukit Regency 2 / PD 3-12 Pakuwon Indah','','7391118','','','','','','','','','',0,0,0,0,5,0,0,0,1,0,0,0.00,0.00,0.00,'2015-02-17 04:58:05','',''),(675,'PMB2014150771','','Callie Elspeth Kurniadi','388','0059129694',2,'',1,0,'',2,9,14,2,0,5,1,0,'P','Surabaya','2005-07-23','',0,0,'',0.0,0.0,'-',X'','Wisata Bukit Mas C-5 / 12','','7535682','','','','','','','','','',0,0,0,0,5,0,0,0,1,0,0,0.00,0.00,0.00,'2015-02-17 04:58:27','',''),(676,'PMB2014150772','','Celine Lopez Gonzales Tan','350','0055356447',2,'',1,0,'',2,9,14,2,0,5,1,0,'P','Suraaya','2005-05-14','',0,0,'',0.0,0.0,'-',X'','Apartemen Waterplace Tower A  08-10','','','','','','','','','','','',0,0,0,0,5,0,0,0,1,0,0,0.00,0.00,0.00,'2015-02-17 04:58:51','',''),(677,'PMB2014150773','','Daniel Redondo Pantas Sianipar','389','0053935122',2,'',1,0,'',2,9,14,2,0,5,1,0,'L','Surabaya','2005-01-20','',0,0,'',0.0,0.0,'-',X'','selindri 9/3 kota baru driyorejo Gresik','','','','','','','','','','','',0,0,0,0,5,0,0,0,1,0,0,0.00,0.00,0.00,'2015-02-17 04:59:16','',''),(678,'PMB2014150774','','Eugenia Cheryl Sutedjo','370','0051634580',2,'',1,0,'',2,9,14,2,0,4,1,0,'P','Surabaya','2005-07-30','',0,0,'',0.0,0.0,'-',X'','Graha Family F 58','','7385658','','','','','','','','','',0,0,0,0,5,0,0,0,1,0,0,0.00,0.00,0.00,'2015-02-17 04:59:36','',''),(679,'PMB2014150775','','Feliza Theodora Putri Tjokro','371','0059760626',2,'',1,0,'',2,9,14,2,0,4,1,0,'P','Surabaya','2005-05-27','',0,0,'',0.0,0.0,'-',X'','Puri Sentra Raya PS 1-50 Q Citraland','','','','','','','','','','','',0,0,0,0,5,0,0,0,1,0,0,0.00,0.00,0.00,'2015-02-17 04:59:57','',''),(680,'PMB2014150776','','Hovan Mac Chen','356','0056352805',2,'',1,0,'',2,9,14,2,0,5,1,0,'L','Surabaya','2005-08-30','',0,0,'',0.0,0.0,'-',X'','Villa Bukit Mas RC-21','','5680118','','','','','','','','','',0,0,0,0,5,0,0,0,1,0,0,0.00,0.00,0.00,'2015-02-17 05:00:20','',''),(681,'PMB2014150777','','Jonathan Wongso','376','0055823463',2,'',1,0,'',2,9,14,2,0,4,1,0,'L','Surabaya','2005-09-08','',0,0,'',0.0,0.0,'-',X'','Villa Valensia PA 4/3 Pakuwon Indah','','7523055','','','','','','','','','',0,0,0,0,5,0,0,0,1,0,0,0.00,0.00,0.00,'2015-02-17 05:00:47','',''),(682,'PMB2014150778','','Josephine Christabelle','377','0058547425',2,'',1,0,'',2,9,14,2,0,5,1,0,'P','Surabaya','2005-10-28','',0,0,'',0.0,0.0,'-',X'','Kupang Baru 2 No. 25','','7346835','','','','','','','','','',0,0,0,0,5,0,0,0,1,0,0,0.00,0.00,0.00,'2015-02-17 05:01:09','',''),(683,'PMB2014150832','','Astrid Regina Pangkey','237','0031550404',2,'',1,0,'',2,9,16,2,0,4,1,0,'P','Surabaya','2003-02-16','',0,0,'',0.0,0.0,'-',X'','Taman Pondok Indah  LY - 2','','','','','','','','','','','',0,0,0,0,5,0,0,0,1,0,0,0.00,0.00,0.00,'2015-02-17 05:26:18','',''),(684,'PMB2014150834','','Audric Owen','214','0032568440',2,'',1,0,'',2,9,16,2,0,5,1,0,'L','Surabaya','2003-07-19','',0,0,'',0.0,0.0,'-',X'','Undaan Wetan 46 E Sby','','5326126','','','','','','','','','',0,0,0,0,5,0,0,0,1,0,0,0.00,0.00,0.00,'2015-02-17 05:26:41','',''),(685,'PMB2014150835','','Bryong Ang Suhartono','467','0025660461',2,'',1,0,'',2,9,16,2,0,4,1,0,'L','Surabaya','2002-12-21','',0,0,'',0.0,0.0,'-',X'','Citraland Bukit Golf Utama Blok FI / 3A','','','','','','','','','','','',0,0,0,0,5,0,0,0,1,0,0,0.00,0.00,0.00,'2015-02-17 05:29:02','',''),(686,'PMB2014150836','','Celine Angelina Prayogo','267','0031550451',2,'',1,0,'',2,9,16,2,0,5,1,0,'P','Surabaya','2002-12-28','',0,0,'',0.0,0.0,'-',X'','Kapasari V/16','','','','','','','','','','','',0,0,0,0,5,0,0,0,1,0,0,0.00,0.00,0.00,'2015-02-17 05:29:33','',''),(687,'PMB2014150837','','Cheryl Lim','217','0031550446',2,'',1,0,'',2,9,16,2,0,5,1,0,'P','Surabaya','2003-10-31','',0,0,'',0.0,0.0,'-',X'','Graha Famili N - 46','','7346683','','','','','','','','','',0,0,0,0,5,0,0,0,1,0,0,0.00,0.00,0.00,'2015-02-17 05:30:01','',''),(688,'PMB2014150838','','Edbert Mulyawan','239','0031550401',2,'',1,0,'',2,9,16,2,0,1,1,0,'L','Surabaya','2003-01-24','',0,0,'',0.0,0.0,'-',X'','Darmo Harapan Utara  VIII / EU 20','','7318896','','','','','','','','','',0,0,0,0,5,0,0,0,1,0,0,0.00,0.00,0.00,'2015-02-17 05:30:25','',''),(689,'PMB2014150839','','Felicia Princess Liangkey','241','0031550441',2,'',1,0,'',2,9,16,2,0,5,1,0,'P','Surabaya','2003-12-04','',0,0,'',0.0,0.0,'-',X'','Darmo Hill Blok  M - 22','','5636157','','','','','','','','','',0,0,0,0,5,0,0,0,1,0,0,0.00,0.00,0.00,'2015-02-17 05:30:50','',''),(690,'PMB2014150840','','Grace Calvinia','242','0025210415',2,'',1,0,'',2,9,16,2,0,5,1,0,'P','Surabaya','2002-11-23','',0,0,'',0.0,0.0,'-',X'','Raya Semambung 345, Driyorejo-Gresik','','7509702','','','','','','','','','',0,0,0,0,5,0,0,0,1,0,0,0.00,0.00,0.00,'2015-02-17 05:31:22','',''),(691,'PMB2014150841','','Jazz Bradlee','221','0031550414',2,'',1,0,'',2,9,16,2,0,4,1,0,'L','Surabaya','2003-03-24','',0,0,'',0.0,0.0,'-',X'','Vila Bukit Mas - Mediteran L-16','','70929467','','','','','','','','','',0,0,0,0,5,0,0,0,1,0,0,0.00,0.00,0.00,'2015-02-17 05:31:53','',''),(692,'PMB2014150842','','Jennifer Alicia Lee','244','0031550437',2,'',1,0,'',2,9,16,2,0,4,1,0,'P','Surabaya','2003-08-15','',0,0,'',0.0,0.0,'-',X'','Petemon Sidomulyo  IIIA / 31','','5350872','','','','','','','','','',0,0,0,0,5,0,0,0,1,0,0,0.00,0.00,0.00,'2015-02-17 05:32:57','',''),(693,'PMB2014150843','','Jessica Levina Amelinda','245','0031550413',2,'',1,0,'',2,9,16,2,0,5,1,0,'P','Surabaya','2003-03-18','',0,0,'',0.0,0.0,'-',X'','Kupang Indah  19 / 32','','7311505','','','','','','','','','',0,0,0,0,5,0,0,0,1,0,0,0.00,0.00,0.00,'2015-02-17 05:33:20','',''),(694,'PMB2014150844','','Jonathan Alexander Liyanto','597','0035923562',2,'',1,0,'',2,9,16,2,0,5,1,0,'L','Surabaya','2003-07-01','',0,0,'',0.0,0.0,'-',X'','Kedurus IV / 66-B, Sby','','0317661792','','','','','','','','','',0,0,0,0,5,0,0,0,1,0,0,0.00,0.00,0.00,'2015-02-17 05:33:41','',''),(695,'PMB2014150845','','Justin Tanujaya','226','0031550415',2,'',1,0,'',2,9,16,2,0,5,1,0,'L','Jakarta','2003-04-03','',0,0,'',0.0,0.0,'-',X'','Vila Bukit Regensi 3 PE 8 / 26','','7391671','','','','','','','','','',0,0,0,0,5,0,0,0,1,0,0,0.00,0.00,0.00,'2015-02-17 05:34:00','',''),(696,'PMB2014150846','','Klara Immanuela','227','0031550442',2,'',1,0,'',2,9,16,2,0,4,1,0,'P','Surabaya','2003-10-23','',0,0,'',0.0,0.0,'-',X'','Taman Internasional I / C-1 / 21','','7442186','','','','','','','','','',0,0,0,0,5,0,0,0,1,0,0,0.00,0.00,0.00,'2015-02-17 05:34:36','',''),(697,'PMB2014150847','','Lincoln Abraham','521','0021441351',2,'',1,0,'',2,9,16,2,0,5,1,0,'L','Surabaya','2002-10-17','',0,0,'',0.0,0.0,'-',X'','Darmo Permai Timur XIV / 52, Surabaya','','0317310692','','','','','','','','','',0,0,0,0,5,0,0,0,1,0,0,0.00,0.00,0.00,'2015-02-17 05:34:56','',''),(698,'PMB2014150848','','Louis Samuel Muktiali','246','0025210414',2,'',1,0,'',2,9,16,2,0,4,1,0,'L','Surabaya','2002-09-21','',0,0,'',0.0,0.0,'-',X'','Babadan Mukti C 16','','7530678','','','','','','','','','',0,0,0,0,5,0,0,0,1,0,0,0.00,0.00,0.00,'2015-02-17 05:35:38','',''),(699,'PMB2014150849','','Malika Mada Susanto Putri','228','0031550416',2,'',1,0,'',2,9,16,2,0,5,1,0,'P','Surabaya','2003-04-08','',0,0,'',0.0,0.0,'-',X'','Darmo Harapan III EA 9','','7316959','','','','','','','','','',0,0,0,0,5,0,0,0,1,0,0,0.00,0.00,0.00,'2015-02-17 05:36:15','',''),(700,'PMB2014150850','','Matthew Zhang','230','0031550433',2,'',1,0,'',2,9,16,2,0,5,1,0,'L','Surabaya','2003-08-03','',0,0,'',0.0,0.0,'-',X'','Darmo Baru Barat  I / no. 57','','','','','','','','','','','',0,0,0,0,5,0,0,0,1,0,0,0.00,0.00,0.00,'2015-02-17 05:36:37','',''),(701,'PMB2014150851','','Meylisha Kurniawan','248','0031550419',2,'',1,0,'',2,9,16,2,0,1,1,0,'P','Surabaya','2003-05-15','',0,0,'',0.0,0.0,'-',X'','Bukit Pakis Teratai S - 10','','5636333','','','','','','','','','',0,0,0,0,5,0,0,0,1,0,0,0.00,0.00,0.00,'2015-02-17 05:36:59','',''),(702,'PMB2014150852','','Michelle Devina','250','0031550439',2,'',1,0,'',2,9,16,2,0,5,1,0,'P','Malang','2003-08-18','',0,0,'',0.0,0.0,'-',X'','Panglima Sudirman 67, Gresik','','3983096','','','','','','','','','',0,0,0,0,5,0,0,0,1,0,0,0.00,0.00,0.00,'2015-02-17 05:37:20','',''),(703,'PMB2014150853','','Nelson Claudio Salim','251','0031550443',2,'',1,0,'',2,9,16,2,0,4,1,0,'L','Surabaya','2003-10-24','',0,0,'',0.0,0.0,'-',X'','Anjasmoro 34','','5321034','','','','','','','','','',0,0,0,0,5,0,0,0,1,0,0,0.00,0.00,0.00,'2015-02-17 05:37:44','',''),(704,'PMB2014150854','','Sheren Pricillia','256','0031550412',2,'',1,0,'',2,9,16,2,0,5,1,0,'P','Palembang','2003-03-12','',0,0,'',0.0,0.0,'-',X'','Pregolan Bunder 46 - 48','','5341682','','','','','','','','','',0,0,0,0,5,0,0,0,1,0,0,0.00,0.00,0.00,'2015-02-17 05:38:07','',''),(705,'PMB2014150855','','Tiffany Grace Santoso','235','0031550402',2,'',1,0,'',2,9,16,2,0,5,1,0,'P','Surabaya','2003-01-29','',0,0,'',0.0,0.0,'-',X'','Dian Istana  A1 - 20','','7533858','','','','','','','','','',0,0,0,0,5,0,0,0,1,0,0,0.00,0.00,0.00,'2015-02-17 05:38:30','',''),(706,'PMB2014150856','','Vania Sulistiano','338','0031798148',2,'',1,0,'',2,9,16,2,0,5,1,0,'P','Jakarta','2003-12-20','',0,0,'',0.0,0.0,'-',X'','Bukit Telaga Golf TH 2/12 Citraland','','0317400577','','','','','','','','','',0,0,0,0,5,0,0,0,1,0,0,0.00,0.00,0.00,'2015-02-17 05:38:55','',''),(707,'PMB2014150857','','Vincent Alexander','257','0031550420',2,'',1,0,'',2,9,16,2,0,4,1,0,'L','Surabaya','2003-05-24','',0,0,'',0.0,0.0,'-',X'','Tunjungan 53 F','','7440099','','','','','','','','','',0,0,0,0,5,0,0,0,1,0,0,0.00,0.00,0.00,'2015-02-17 05:41:45','',''),(708,'PMB2014150858','','Ashley Kaitlyn Yeoh','236','0025210417',2,'',1,0,'',2,9,16,2,0,5,1,0,'P','Surabaya','2002-12-01','',0,0,'',0.0,0.0,'-',X'','Royal Park TL - 3 / 46, Citra Raya','','7409556','','','','','','','','','',0,0,0,0,5,0,0,0,1,0,0,0.00,0.00,0.00,'2015-02-17 05:42:28','',''),(709,'PMB2014150859','','Brenda Nicole Soesanto','215','0031550436',2,'',1,0,'',2,9,16,2,0,5,1,0,'P','Surabaya','2003-08-12','',0,0,'',0.0,0.0,'-',X'','Graha Family  N - 155','','','','','','','','','','','',0,0,0,0,5,0,0,0,1,0,0,0.00,0.00,0.00,'2015-02-17 05:42:53','',''),(710,'PMB2014150860','','Bryan Nathanael','216','0031550407',2,'',1,0,'',2,9,16,2,0,5,1,0,'L','Surabaya','2003-02-25','',0,0,'',0.0,0.0,'-',X'','Villa Bukit Regency 3 PE 2 No. 18, Surabaya','','7523074','','','','','','','','','',0,0,0,0,5,0,0,0,1,0,0,0.00,0.00,0.00,'2015-02-17 05:43:17','',''),(711,'PMB2014150861','','Davin Septian Koestiono Kho','238','0031550440',2,'',1,0,'',2,9,16,2,0,5,1,0,'L','Surabaya','2003-09-03','',0,0,'',0.0,0.0,'-',X'','Water ront WP 7 / 5, CitraLand','','740873637','','','','','','','','','',0,0,0,0,5,0,0,0,1,0,0,0.00,0.00,0.00,'2015-02-17 05:43:37','',''),(712,'PMB2014150862','','Edward Thejawijaya','404','0039816886',2,'',1,0,'',2,9,16,2,0,4,1,0,'L','Surabaya','2003-09-06','',0,0,'',0.0,0.0,'-',X'','Delta Sari Indah AM-5 Waru Sidoarjo','','8535229','','','','','','','','','',0,0,0,0,5,0,0,0,1,0,0,0.00,0.00,0.00,'2015-02-17 05:43:59','',''),(713,'PMB2014150863','','Eugenia Christabel','240','0031550400',2,'',1,0,'',2,9,16,2,0,5,1,0,'P','Surabaya','2003-01-24','',0,0,'',0.0,0.0,'-',X'','Raya Darmo Permai II, Perum Darmo Green Garden C 19','','7325562','','','','','','','','','',0,0,0,0,5,0,0,0,1,0,0,0.00,0.00,0.00,'2015-02-17 05:44:17','',''),(714,'PMB2014150864','','Howard Yang','218','0031550399',2,'',1,0,'',2,9,16,2,0,5,1,0,'L','Surabaya','2019-01-15','',0,0,'',0.0,0.0,'-',X'','Pakuwon Indah AB 2-23 Sby','','7391770','','','','','','','','','',0,0,0,0,5,0,0,0,1,0,0,0.00,0.00,0.00,'2015-02-17 05:44:41','',''),(715,'PMB2014150865','','Ilona Marsha Go','219','0031550409',2,'',1,0,'',2,9,16,2,0,5,1,0,'P','mojokerto','2003-03-02','',0,0,'',0.0,0.0,'-',X'','North Emerald Mansion TN 3/43, Surabaya','','7524253','','','','','','','','','',0,0,0,0,5,0,0,0,1,0,0,0.00,0.00,0.00,'2015-02-17 05:45:04','',''),(716,'PMB2014150866','','Jasmine Angela Pangkey','220','0031550418',2,'',1,0,'',2,9,16,2,0,5,1,0,'P','Surabaya','2003-05-08','',0,0,'',0.0,0.0,'-',X'','Griya Babatan Mukti J-33A, Surabaya','','7530210','','','','','','','','','',0,0,0,0,5,0,0,0,1,0,0,0.00,0.00,0.00,'2015-02-17 05:45:28','',''),(717,'PMB2014150867','','Jasmine Angela Pangkey','220','0031550418',2,'',1,0,'',2,9,16,2,0,5,1,0,'P','Surabaya','2003-05-08','',0,0,'',0.0,0.0,'-',X'','Griya Babatan Mukti J-33A, Surabaya','','7530210','','','','','','','','','',0,0,0,0,5,0,0,0,1,0,0,0.00,0.00,0.00,'2015-02-17 05:46:02','',''),(718,'PMB2014150868','','Jason William','243','0031550438',2,'',1,0,'',2,9,16,2,0,4,1,0,'L','Surabaya','2003-08-18','',0,0,'',0.0,0.0,'-',X'','Dupak 72','','35424846','','','','','','','','','',0,0,0,0,5,0,0,0,1,0,0,0.00,0.00,0.00,'2015-02-17 05:46:28','',''),(719,'PMB2014150869','','Jeanne Angeline Siemon','222','0031550435',2,'',1,0,'',2,9,16,2,0,4,1,0,'P','Surabaya','2003-08-10','',0,0,'',0.0,0.0,'-',X'','Villa Bukit Regency III, PE7-20 Pakuwon Indah , Surabaya','','','','','','','','','','','',0,0,0,0,5,0,0,0,1,0,0,0.00,0.00,0.00,'2015-02-17 05:46:49','',''),(720,'PMB2014150870','','Jessica','223','0038027122',2,'',1,0,'',2,9,16,2,0,1,1,0,'P','Surabaya','2003-12-31','',0,0,'',0.0,0.0,'-',X'','Dupak 17 Blok 9 B','','5476264','','','','','','','','','',0,0,0,0,5,0,0,0,1,0,0,0.00,0.00,0.00,'2015-02-17 05:47:07','',''),(721,'PMB2014150871','','Jesslyn Gabrielle Hermanto','224','0031550448',2,'',1,0,'',2,9,16,2,0,5,1,0,'P','Surabaya','2003-11-04','',0,0,'',0.0,0.0,'-',X'','Darmo Permai Sel. 9 / 14','','','','','','','','','','','',0,0,0,0,5,0,0,0,1,0,0,0.00,0.00,0.00,'2015-02-17 05:47:33','',''),(722,'PMB2014150872','','Joseph Chang','272','0031301940',2,'',1,0,'',2,9,16,2,0,5,1,0,'L','Surabaya','2003-03-05','',0,0,'',0.0,0.0,'-',X'','Kendangsari Blok M-10','','','','','','','','','','','',0,0,0,0,5,0,0,0,1,0,0,0.00,0.00,0.00,'2015-02-17 05:47:55','',''),(723,'PMB2014150873','','Kelly Wijaya','262','0039325646',2,'',1,0,'',2,9,16,2,0,5,1,0,'P','Surabaya','2003-10-25','',0,0,'',0.0,0.0,'-',X'','Garaha Family L-117','','3570313','','','','','','','','','',0,0,0,0,5,0,0,0,1,0,0,0.00,0.00,0.00,'2015-02-17 05:48:14','',''),(724,'PMB2014150874','','Marcellius Brian','229','0031550449',2,'',1,0,'',2,9,16,2,0,4,1,0,'L','Surabaya','2003-12-05','',0,0,'',0.0,0.0,'-',X'','Darmo Baru Barat  XI / no. 11','','7321670','','','','','','','','','',0,0,0,0,5,0,0,0,1,0,0,0.00,0.00,0.00,'2015-02-17 05:48:44','',''),(725,'PMB2014150875','','Michelle Andrea Sutandar','231','0031550398',2,'',1,0,'',2,9,16,2,0,5,1,0,'P','Surabaya','2003-01-06','',0,0,'',0.0,0.0,'-',X'','Villa Sentra Raya A5 No. 7 Sby','','7410588','','','','','','','','','',0,0,0,0,5,0,0,0,1,0,0,0.00,0.00,0.00,'2015-02-17 05:49:05','',''),(726,'PMB2014150876','','Nicholas Chang','252','0031550421',2,'',1,0,'',2,9,16,2,0,5,1,0,'L','Surabaya','2003-05-28','',0,0,'',0.0,0.0,'-',X'','Darmo Hill Blok  P - 12','','5636338','','','','','','','','','',0,0,0,0,5,0,0,0,1,0,0,0.00,0.00,0.00,'2015-02-17 05:49:31','',''),(727,'PMB2014150883','','Tristan Robin Aarnoudse','469','0039364013',2,'',1,0,'',2,9,16,2,0,5,1,0,'L','Surabaya','2003-10-18','',0,0,'',0.0,0.0,'-',X'','Darmo Permai Selatan I/6, Surabaya','','','','','','','','','','','',0,0,0,0,5,0,0,0,1,0,0,0.00,0.00,0.00,'2015-02-17 05:52:13','',''),(728,'PMB2014150882','','Tabita Aurellia Anam','234','0031550434',2,'',1,0,'',2,9,16,2,0,5,1,0,'P','Surabaya','2003-08-09','',0,0,'',0.0,0.0,'-',X'','Putat Gede Indah 58','','5685226','','','','','','','','','',0,0,0,0,5,0,0,0,1,0,0,0.00,0.00,0.00,'2015-02-17 05:52:38','',''),(729,'PMB2014150881','','Sharon Caitlyn Wijaya','255','0031550403',2,'',1,0,'',2,9,16,2,0,5,1,0,'P','Surabaya','2003-02-05','',0,0,'',0.0,0.0,'-',X'','Bukit Darmo Golf Regency Blok D-10, Surabaya','','7533806','','','','','','','','','',0,0,0,0,5,0,0,0,1,0,0,0.00,0.00,0.00,'2015-02-17 05:53:05','',''),(730,'PMB2014150880','','Samuel King Kurniawan','233','0031550426',2,'',1,0,'',2,9,16,2,0,5,1,0,'L','Sidoarjo','2003-06-19','',0,0,'',0.0,0.0,'-',X'','Pondok Mutiara I No. 10 Sdj','','','','','','','','','','','',0,0,0,0,5,0,0,0,1,0,0,0.00,0.00,0.00,'2015-02-17 05:53:29','',''),(731,'PMB2014150877','','Petra Julianto','253','0031550424',2,'',1,0,'',2,9,16,2,0,5,1,0,'L','Surabaya','2003-06-10','',0,0,'',0.0,0.0,'-',X'','Darmo Hill Blok L 21 A','','','','','','','','','','','',0,0,0,0,5,0,0,0,1,0,0,0.00,0.00,0.00,'2015-02-17 05:53:55','',''),(732,'PMB2014150878','','Rafael Alessandro Sahulata','254','0031550450',2,'',1,0,'',2,9,16,2,0,5,1,0,'L','Jayapura','2003-12-18','',0,0,'',0.0,0.0,'-',X'','Darmo Sentosa Raya  C - 19','','5684773','','','','','','','','','',0,0,0,0,5,0,0,0,1,0,0,0.00,0.00,0.00,'2015-02-17 05:54:20','',''),(733,'PMB2014150879','','Ruth Felicia Lukman','598','0032168539',2,'',1,0,'',2,9,16,2,0,5,1,0,'P','Jakarta','2003-06-10','',0,0,'',0.0,0.0,'-',X'','Villa Bukit Regency 3 Blok PE 4 No. 25','','','','','','','','','','','',0,0,0,0,5,0,0,0,1,0,0,0.00,0.00,0.00,'2015-02-17 05:55:49','','');

#
# Structure for table "aka_siswa_ayah"
#

DROP TABLE IF EXISTS `aka_siswa_ayah`;
CREATE TABLE `aka_siswa_ayah` (
  `replid` int(10) unsigned NOT NULL AUTO_INCREMENT,
  `siswa` int(10) unsigned NOT NULL,
  `nama` varchar(100) NOT NULL,
  `tmplahir` varchar(50) NOT NULL,
  `tgllahir` date NOT NULL,
  `agama` int(10) unsigned NOT NULL DEFAULT '0',
  `warga` varchar(50) NOT NULL,
  `pendidikan` varchar(50) NOT NULL,
  `pekerjaan` varchar(50) NOT NULL,
  `penghasilan` decimal(10,0) NOT NULL DEFAULT '0',
  `telpon` varchar(20) NOT NULL,
  `pinbb` varchar(20) NOT NULL,
  `email` varchar(100) NOT NULL,
  PRIMARY KEY (`replid`)
) ENGINE=MyISAM AUTO_INCREMENT=736 DEFAULT CHARSET=latin1;

#
# Data for table "aka_siswa_ayah"
#

/*!40000 ALTER TABLE `aka_siswa_ayah` DISABLE KEYS */;
INSERT INTO `aka_siswa_ayah` VALUES (1,1,'','','0000-00-00',0,'','','',0,'','',''),(2,2,'','','0000-00-00',0,'','','',0,'','',''),(4,4,'','','0000-00-00',0,'','','',0,'','',''),(5,5,'','','0000-00-00',0,'','','',0,'','',''),(7,7,'','','0000-00-00',0,'','','',0,'','',''),(11,10,'','','0000-00-00',0,'','','',0,'','',''),(14,13,'','','0000-00-00',0,'','','',0,'','',''),(15,14,'Denny Osmond Nugroho','','0000-00-00',0,'Indonesia','','',0,'085746047047','',''),(16,15,'Lie Teng','','0000-00-00',0,'Indonesia','','',0,'083856083916','',''),(17,16,'Denny Tanujaya','','0000-00-00',0,'Indonesia','','',0,'03170109151','',''),(18,17,'Luvit Njoto Kusuma Prawirodiarjo','','0000-00-00',0,'Indonesia','','',0,'08123572896','',''),(19,18,'Richard Sebastian Ho','','0000-00-00',0,'Indonesia','','',0,'0818398989','',''),(20,19,'Tony Yongnardi','','0000-00-00',0,'','','',0,'081357676734','',''),(21,20,'Kurniawan','','0000-00-00',0,'','','',0,'08123181606','',''),(22,21,'Richard Sebastian Ho','Surabaya','1972-06-30',0,'Indonesia','','Karyawan Swasta',0,'0818398989','',''),(23,22,'Budijanto Hertanto','','0000-00-00',0,'','','',0,'0811322223','',''),(24,23,'Iwan Aditiarsa','','0000-00-00',0,'','','',0,'081553515758','',''),(25,24,'Yudi Satrio','','0000-00-00',0,'','','Karyawan',0,'0818399688','',''),(26,25,'Hendrik Sia','','0000-00-00',0,'','','',0,'081524101200','',''),(27,26,'Budiyono Hutomo','','0000-00-00',0,'','','',0,'081259335967','',''),(29,28,'Johny K. Muniaga','','0000-00-00',0,'','','',0,'081330404983','',''),(30,29,'Stefanus Devi Gunawan','','0000-00-00',0,'','','',0,'0811315757','',''),(31,30,'Jhonny','','0000-00-00',0,'','','',0,'081357545517','',''),(32,31,'David Martosentono','','0000-00-00',0,'','','',0,'087775746250','',''),(33,32,'Fianto Anthonius','','0000-00-00',0,'','','',0,'0811373629','',''),(34,33,'Jonatan Halim Tjandra','','0000-00-00',0,'','','',0,'08113417708','',''),(35,34,'Wijaya','','0000-00-00',0,'','','',0,'08165446888','',''),(36,35,'Haryanto','','0000-00-00',0,'','','',0,'0816531435','',''),(37,36,'Levi Lee Ie Thien','','0000-00-00',0,'','','',0,'08123536170','',''),(38,37,'Tjondrosusilo','','0000-00-00',0,'','','',0,'08123599672','',''),(39,38,'Puguh Kris Hermawan','','0000-00-00',0,'','','',0,'088217131582','',''),(40,39,'Ervan Wiryawan Chan','','0000-00-00',0,'','','',0,'08179387001','',''),(41,40,'Hudiono Gunawan','','0000-00-00',0,'','','',0,'08123002833','',''),(42,41,'Christian Adiwinata','','0000-00-00',0,'','','',0,'081330502080','',''),(43,42,'Willy Tejokusumo','','0000-00-00',0,'','','',0,'081282029666','',''),(44,43,'Lo Senjaya Dwi Wicaksono','','0000-00-00',0,'','','',0,'','',''),(46,45,'Aric','','0000-00-00',0,'Indonesia','','',0,'081230234566','',''),(47,46,'Denny','','0000-00-00',0,'','','',0,'0811320338','',''),(48,47,'Indradi Hardijanto','','0000-00-00',0,'','','',0,'081515182352','',''),(49,48,'Yansen Tungary','','0000-00-00',0,'','','',0,'081515182352','',''),(50,49,'Daniel','','0000-00-00',0,'','','',0,'081332288000','',''),(51,50,'Herman Tanujaya','','0000-00-00',0,'','','',0,'081515182352','',''),(52,51,'Paulus Teguh','','0000-00-00',0,'','','',0,'081335361881','',''),(53,52,'Jap Herman','','0000-00-00',0,'','','',0,'081332679777','',''),(54,53,'Cahyadi Gunawan','','0000-00-00',0,'','','',0,'0818589461','',''),(56,55,'Wibisono','','0000-00-00',0,'','','',0,'082245656515','',''),(57,56,'Tio Hian Bing','','0000-00-00',0,'','','',0,'08123457000','',''),(58,57,'Santana Young P.','','0000-00-00',0,'','','',0,'083877798998','',''),(59,58,'Ronny Budiharjo','','0000-00-00',0,'','','',0,'0818398741','',''),(60,59,'Freddy Waskita S','','0000-00-00',0,'','','',0,'70905575','',''),(61,60,'Witdodo','','0000-00-00',0,'','','',0,'08165409117','',''),(62,61,'Levi Lee Ie Thien','','0000-00-00',0,'','','',0,'08123536170','',''),(63,62,'Sujanto','','0000-00-00',0,'','','',0,'08563024022','',''),(64,63,'Agung Dewanto','','0000-00-00',0,'','','',0,'08883000162','',''),(65,64,'Richard Oentoro','','0000-00-00',0,'','','',0,'70575260','',''),(67,66,'Kwee Chrisdy S','','0000-00-00',0,'','','',0,'709189999','',''),(68,67,'Budi Kristanto','','0000-00-00',0,'','','',0,'709189999','',''),(69,68,'David Wibisono','','0000-00-00',0,'','','',0,'92520288','',''),(70,69,'Brury','','0000-00-00',0,'','','',0,'8700123','',''),(71,70,'Hubertus R','','0000-00-00',0,'','','',0,'081230076565','',''),(72,71,'Ronny Wibisono','','0000-00-00',0,'','','',0,'','',''),(73,72,'Erwin Irawan','','0000-00-00',0,'','','',0,'08155101031','',''),(74,73,'Basuki Rachman','','0000-00-00',0,'','','',0,'78177180','',''),(75,74,'Widodo','','0000-00-00',0,'','','',0,'08123216288','',''),(76,75,'Margono Wongso P','','0000-00-00',0,'','','',0,'085236005819','',''),(77,76,'Jap Herman','','0000-00-00',0,'','','',0,'081332679777','',''),(78,77,'Budi Santoso','','0000-00-00',0,'','','',0,'0818328585','',''),(79,78,'Anton Soeharto','','0000-00-00',0,'','','',0,'706488841','',''),(80,79,'Hengky Pranajaya','','0000-00-00',0,'','','',0,'08121678335','',''),(81,80,'Prayuda','','0000-00-00',0,'','','',0,'081330622788','',''),(82,81,'Siw Notohadipuro','','0000-00-00',0,'','','',0,'08563383555','',''),(83,82,'Rifky Yudana','','0000-00-00',0,'','','',0,'08123161558','',''),(84,83,'Chandra IT','','0000-00-00',0,'','','',0,'72798209','',''),(85,84,'Liem Edy Soejanto','','0000-00-00',0,'','','',0,'72622206','',''),(86,85,'Denny Tanujaya','Surabaya','1979-10-23',0,'Indonesia','','Karyawan Swasta',0,'70109151','',''),(87,86,'','','0000-00-00',0,'','','',0,'','',''),(88,87,'','','0000-00-00',0,'','','',0,'','',''),(89,88,'','','0000-00-00',0,'','','',0,'','',''),(90,89,'','','0000-00-00',0,'','','',0,'','',''),(91,90,'','','0000-00-00',0,'','','',0,'','',''),(92,91,'','','0000-00-00',0,'','','',0,'','',''),(93,92,'','','0000-00-00',0,'','','',0,'','',''),(94,93,'Hendry','','0000-00-00',0,'','','',0,'081331301211','',''),(95,94,'','','0000-00-00',0,'','','',0,'','',''),(96,95,'','','0000-00-00',0,'','','',0,'','',''),(97,96,'','','0000-00-00',0,'','','',0,'','',''),(98,97,'','','0000-00-00',0,'','','',0,'','',''),(99,98,'','','0000-00-00',0,'','','',0,'','',''),(100,99,'','','0000-00-00',0,'','','',0,'','',''),(101,100,'','','0000-00-00',0,'','','',0,'','',''),(102,101,'Daniel Chang','','0000-00-00',0,'','','',0,'082139568687','',''),(103,102,'Elemas','','0000-00-00',0,'','','',0,'08123024020','',''),(104,103,'Ong Henry','','0000-00-00',0,'','','',0,'62811323332','',''),(105,104,'Hadi Susanto','','0000-00-00',0,'','','',0,'08123285355','',''),(107,106,'Freddy Waskita S','','0000-00-00',0,'','','',0,'081331462888','',''),(108,107,'Agus Purnama','','0000-00-00',0,'','','',0,'70589188','',''),(109,108,'Jeffry Benjamin S','','0000-00-00',0,'','','',0,'08883180717','',''),(110,109,'Agung Dewanto','','0000-00-00',0,'','','',0,'08155252723','',''),(111,110,'Fianto Anthonius','','0000-00-00',0,'','','',0,'0811373629','',''),(112,111,'Tan Henry Sudewo','','0000-00-00',0,'','','',0,'0817321199','',''),(113,112,'Caiwandi Soekohin','','0000-00-00',0,'','','',0,'0811371118','',''),(114,113,'Andy Gotama','','0000-00-00',0,'','','',0,'08123128200','',''),(115,114,'Daniel Hartono','','0000-00-00',0,'','','',0,'08123245986','',''),(116,115,'Lo Senjaya Dwi Wicaksono','','0000-00-00',0,'','','',0,'08563350089','',''),(117,116,'Denny','','0000-00-00',0,'','','',0,'0811320338','',''),(118,117,'Edhi Gunarso','','0000-00-00',0,'','','',0,'8557843','',''),(119,118,'Yudi Oentoro','','0000-00-00',0,'','','',0,'0811347396','',''),(120,119,'Richard Oentoro','','0000-00-00',0,'','','',0,'70618483','',''),(121,120,'Paulus Teguh','','0000-00-00',0,'','','',0,'081335361881','',''),(122,121,'Budi Santoso','','0000-00-00',0,'','','',0,'70336000','',''),(123,122,'Andy Gotama','','0000-00-00',0,'','','',0,'08123128200','',''),(124,123,'Andy Wahjudi','','0000-00-00',0,'','','',0,'91011610','',''),(125,124,'Judijanto','','0000-00-00',0,'','','',0,'72397337','',''),(126,125,'Swandy Kohar','','0000-00-00',0,'','','',0,'70997380','',''),(127,126,'Ferry Arman Soetedjo','','0000-00-00',0,'','','',0,'70580694','',''),(128,127,'Andreas Halim','','0000-00-00',0,'','','',0,'081803133028','',''),(129,128,'Andreas Santoso (alm.)','','0000-00-00',0,'','','',0,'','',''),(130,129,'Jo Lukas Wihelmus','','0000-00-00',0,'','','',0,'085231059999','',''),(131,130,'Faustinus Haryanto','','0000-00-00',0,'','','',0,'70579055','',''),(132,131,'Joko Cipto Lim','','0000-00-00',0,'','','',0,'70183169','',''),(133,132,'Andreas Hartawan','','0000-00-00',0,'','','',0,'08175111313','',''),(134,133,'David Wibisono','','0000-00-00',0,'','','',0,'081933884888','',''),(135,134,'Chandra IT','','0000-00-00',0,'','','',0,'72798209','',''),(136,135,'Joko Cipto Lim','','0000-00-00',0,'','','',0,'70183169','',''),(137,136,'Tan Henry Sudewo','','0000-00-00',0,'','','',0,'70615656','',''),(138,137,'Freddy Waskita S','','0000-00-00',0,'','','',0,'70905575','',''),(139,138,'Jo Lukas Wihelmus','','0000-00-00',0,'','','',0,'085231059999','',''),(140,139,'Daniel Hartono','','0000-00-00',0,'','','',0,'8795917','',''),(141,140,'FX Surya Kusuma','','0000-00-00',0,'','','',0,'70768181','',''),(142,141,'Agustinus Hadi Prijo Raharjo','','0000-00-00',0,'','','',0,'70181257','',''),(143,142,'Wirahadi Yang','','0000-00-00',0,'','','',0,'818317037','',''),(144,143,'Siwi Notohadipuro','','0000-00-00',0,'','','',0,'60100358','',''),(145,144,'Caiwandi Soekohin','','0000-00-00',0,'','','',0,'0811371118','',''),(146,145,'Siwi Notohadipuro','','0000-00-00',0,'Indonesia','','',0,'08563383555','',''),(147,146,'Beto Budiyono','','0000-00-00',0,'','','',0,'0811376473','',''),(148,147,'Johan Parmenas','','0000-00-00',0,'','','',0,'71227740','',''),(149,148,'Boedi Santoso','','0000-00-00',0,'','','',0,'08123581231','',''),(150,149,'Andries Ingkiriwang','','0000-00-00',0,'','','',0,'082131037888','',''),(151,150,'Roy Gunarto','','0000-00-00',0,'','','',0,'','',''),(152,151,'Rudy Boesono','','0000-00-00',0,'','','',0,'08113643668','',''),(153,152,'Karsuman','','0000-00-00',0,'','','',0,'03191299334','',''),(154,153,'Indrawan Tedja','','0000-00-00',0,'','','',0,'0818399209','',''),(155,154,'Anwar T','','0000-00-00',0,'','','',0,'0811322662','',''),(156,155,'Hartono Chu','','0000-00-00',0,'','','',0,'082139195883','',''),(157,156,'Nio Hartono S.T','','0000-00-00',0,'','','',0,'081331955688','',''),(158,157,'Fandi Tejakesuma','','0000-00-00',0,'','','',0,'0811317189','',''),(159,158,'Mintodjo Yudoputro','','0000-00-00',0,'','','',0,'0817317200','',''),(160,159,'','','0000-00-00',0,'','','',0,'','',''),(161,160,'Hartanto C','','0000-00-00',0,'','','',0,'03170476688','',''),(162,161,'Elidad Tjokro','','0000-00-00',0,'','','',0,'08123536161','',''),(163,162,'Handoko S','','0000-00-00',0,'','','',0,'0816539190','',''),(164,163,'Jeffry Wijaya','','0000-00-00',0,'','','',0,'0818500838','',''),(165,164,'Jeffry Wijaya','','0000-00-00',0,'','','',0,'','',''),(166,165,'Anton T','','0000-00-00',0,'','','',0,'0811374680','',''),(167,166,'Thomas K','','0000-00-00',0,'','','',0,'081938080068','',''),(168,167,'Himawan. W','','0000-00-00',0,'','','',0,'08175160390','',''),(169,168,'Thomas K','','0000-00-00',0,'','','',0,'0816505940','',''),(170,169,'Agus Susanto','','0000-00-00',0,'','','',0,'0338452605','',''),(171,170,'Wanda Susena','','0000-00-00',0,'','','',0,'0816518269','',''),(172,171,'Lie Wie Sian','','0000-00-00',0,'','','',0,'082332076127','',''),(173,172,'Hari Wiryawan','','0000-00-00',0,'','','',0,'081330352939','',''),(174,173,'Herman Aniversario','','0000-00-00',0,'','','',0,'082233989138','',''),(175,174,'Isaac','','0000-00-00',0,'','','',0,'0816520900','',''),(176,175,'Herman Salim','','0000-00-00',0,'','','',0,'08123530298','',''),(177,176,'Sadrach Soewargo','','0000-00-00',0,'','','',0,'081615113555','',''),(178,177,'Robert Samaoen','','0000-00-00',0,'','','',0,'08885011616','',''),(179,178,'Benny Widjaja','','0000-00-00',0,'','','',0,'0811376994','',''),(180,179,'Moeljadi. H','','0000-00-00',0,'','','',0,'','',''),(181,180,'Irwan Santoso','','0000-00-00',0,'','','',0,'08123215073','',''),(182,181,'Ong Sie Kok','','0000-00-00',0,'','','',0,'081220084901','',''),(183,182,'Jemy Tjahyadi','','0000-00-00',0,'','','',0,'','',''),(184,183,'David Samuel','','0000-00-00',0,'','','',0,'081235071000','',''),(185,184,'','','0000-00-00',0,'','','',0,'','',''),(186,185,'Rudi Untung','','0000-00-00',0,'','','',0,'0811312012','',''),(187,186,'Johan Danyo','','0000-00-00',0,'','','',0,'0811319842','',''),(188,187,'Hudiono Gunawan','','0000-00-00',0,'','','',0,'08123002833','',''),(189,188,'Andy Wahyudi','','0000-00-00',0,'','','',0,'5927200','',''),(190,189,'Lie Indrajaya','','0000-00-00',0,'','','',0,'08123008833','',''),(191,190,'Honggo Virgoanto','','0000-00-00',0,'','','',0,'08123111662','',''),(192,191,'Fianto Anthonius T','','0000-00-00',0,'','','',0,'0811373629','',''),(193,192,'Henky kurniawan','','0000-00-00',0,'','','',0,'70026010','',''),(194,193,'David Tedjakusuma','','0000-00-00',0,'','','',0,'081803240553','',''),(195,194,'Agung Dewanto','','0000-00-00',0,'','','',0,'08155252723','',''),(196,195,'Hartanto Andre Saputra','','0000-00-00',0,'','','',0,'08155273899','',''),(197,196,'Agus Purnama','','0000-00-00',0,'','','',0,'70589188','',''),(198,197,'Rudy Siswanto','','0000-00-00',0,'','','',0,'081332174377','',''),(199,198,'Kevin Kho','','0000-00-00',0,'','','',0,'0816502186','',''),(200,199,'Sandi Febrianto','','0000-00-00',0,'','','',0,'08123292134','',''),(201,200,'Elemas','','0000-00-00',0,'','','',0,'08123024020','',''),(202,201,'Yudi Oentoro','','0000-00-00',0,'','','',0,'0811347390','',''),(203,202,'Joko Cipto Lim','','0000-00-00',0,'','','',0,'0811343531','',''),(204,203,'Luky Andrijono','','0000-00-00',0,'','','',0,'60307133','',''),(205,204,'Wolfgang Hoemisch','','0000-00-00',0,'','','',0,'081330679280','',''),(206,205,'Hartanto Yuwono','','0000-00-00',0,'','','',0,'087852751295','',''),(207,206,'Sonny Sugiarto','','0000-00-00',0,'','','',0,'081357212450','',''),(208,207,'Sonny Christanto','','0000-00-00',0,'','','',0,'0816509888','',''),(209,208,'Dedy Sutendy','','0000-00-00',0,'','','',0,'081330367128','',''),(210,209,'Gregorius Hendra.Y','','0000-00-00',0,'','','',0,'70121985','',''),(211,210,'Rudy Prayogo','','0000-00-00',0,'','','',0,'70575240','',''),(212,211,'Tio Hendra Wijaya','','0000-00-00',0,'','','',0,'08113547606','',''),(215,214,'Daniel Chang Tio','','0000-00-00',0,'','','',0,'08213017701','',''),(216,215,'Gunadi Irwan','','0000-00-00',0,'','','',0,'088217122353','',''),(217,216,'Budiyanto Thenios','','0000-00-00',0,'','','',0,'082139929800','',''),(218,217,'','','0000-00-00',0,'','','',0,'','',''),(219,218,'Sonny Limbowo','','0000-00-00',0,'','','',0,'082141311003','',''),(220,219,'Andoko','','0000-00-00',0,'','','',0,'08123008296','',''),(221,220,'Irwan Sutandyo','','0000-00-00',0,'','','',0,'087851525798','',''),(222,221,'Rudy Sudjarwo','','0000-00-00',0,'','','',0,'08199955575','',''),(223,222,'','','0000-00-00',0,'','','',0,'','',''),(224,223,'Seng Kok','','0000-00-00',0,'','','',0,'081803296900','',''),(225,224,'Johsan Pangkey','','0000-00-00',0,'','','',0,'08123078908','',''),(226,225,'Renjani Tanujaya','','0000-00-00',0,'','','',0,'0811377777','',''),(227,226,'Harlianto','','0000-00-00',0,'','','',0,'0811377777','',''),(228,227,'Heru Kurniawan','','0000-00-00',0,'','','',0,'0817851705','',''),(229,228,'Njo King Hwi','','0000-00-00',0,'','','',0,'087810067088','',''),(230,229,'Soetjipto Santoso','','0000-00-00',0,'','','',0,'0817326094','',''),(231,230,'Johannes Julianto','','0000-00-00',0,'','','',0,'0811336952','',''),(232,231,'David Samuel','','0000-00-00',0,'','','',0,'08123536447','',''),(233,232,'Lumanto Wijaya','','0000-00-00',0,'','','',0,'71011818','',''),(235,234,'Fandy Halim','','0000-00-00',0,'','','',0,'70592464','',''),(236,235,'Jimmy Leonardus Katuari','','0000-00-00',0,'','','',0,'081515521971','',''),(237,236,'Gatot Sutanto','','0000-00-00',0,'','','',0,'0818399800','',''),(238,237,'Fendi Hartono','','0000-00-00',0,'','','',0,'081703505366','',''),(239,238,'Siwi Notohadipuro','','0000-00-00',0,'','','',0,'08563383555','',''),(240,239,'Hartanto Andre Saputra','','0000-00-00',0,'','','',0,'08155273899','',''),(242,241,'Benny Wijaya','','0000-00-00',0,'','','',0,'08121756867','',''),(243,242,'Fredy Soesanto','','0000-00-00',0,'','','',0,'0816529019','',''),(244,243,'Gary Gracious','','0000-00-00',0,'','','',0,'085854527150','',''),(245,244,'Edy Soewardi','','0000-00-00',0,'','','',0,'70803146','',''),(246,245,'Tonodarmanto.G','','0000-00-00',0,'','','',0,'08175053433','',''),(247,246,'Alvin Suhadinata','','0000-00-00',0,'','','',0,'081230508898','',''),(248,247,'Chendikia Wijaya','','0000-00-00',0,'','','',0,'70902592','',''),(249,248,'Rachmat Gunawan','','0000-00-00',0,'','','',0,'08125012722','',''),(250,249,'Tjiang Eddy','','0000-00-00',0,'','','',0,'085854100505','',''),(251,250,'Darwin Nazar','','0000-00-00',0,'','','',0,'0811300771','',''),(252,251,'Senijong','','0000-00-00',0,'','','',0,'0818376608','',''),(253,252,'Edwind Sucipto','','0000-00-00',0,'','','',0,'0818327166','',''),(254,253,'Agung Pangestu','','0000-00-00',0,'','','',0,'081938080068','',''),(255,254,'Tan Kiem Tjiang','','0000-00-00',0,'','','',0,'081234001868','',''),(256,255,'Liyanto','','0000-00-00',0,'','','',0,'08129900999','',''),(257,256,'Eka Saksana.S','','0000-00-00',0,'','','',0,'08155140058','',''),(258,257,'Hartono Wandy','','0000-00-00',0,'','','',0,'081332012012','',''),(259,258,'Honggo Bordijono','','0000-00-00',0,'','','',0,'08123572142','',''),(260,259,'Hasan Hakim','','0000-00-00',0,'','','',0,'0818517575','',''),(261,260,'Lie Arifin Mulyawan','','0000-00-00',0,'','','',0,'08165406933','',''),(262,261,'Stevanus Nathanael','','0000-00-00',0,'','','',0,'08123560396','',''),(263,262,'Daniel Hendro.G','','0000-00-00',0,'','','',0,'08123000863','',''),(264,263,'Budihardjo','','0000-00-00',0,'','','',0,'087823965330','',''),(265,264,'Lucas Firman.D','','0000-00-00',0,'','','',0,'085232782243','',''),(266,265,'Ronny Wijaya','','0000-00-00',0,'','','',0,'08123107688','',''),(267,266,'Budi Soegiarto','','0000-00-00',0,'','','',0,'0811336419','',''),(268,267,'Webisono, S.T','','0000-00-00',0,'','','',0,'08179337200','',''),(269,268,'Tenovianto','','0000-00-00',0,'','','',0,'0816503303','',''),(270,269,'Rudy Siswanto','','0000-00-00',0,'','','',0,'71128007','',''),(271,270,'Johan Danyo','','0000-00-00',0,'','','',0,'0811319842','',''),(272,271,'Ganiartha Chandra','','0000-00-00',0,'','','',0,'0818508325','',''),(273,272,'Edward Angstrong','','0000-00-00',0,'','','',0,'081330258878','',''),(274,273,'Hudiono Gunawan','','0000-00-00',0,'','','',0,'8708766','',''),(275,274,'Fianto Anthonius T','','0000-00-00',0,'','','',0,'5936041','',''),(276,275,'Haris D Sanjoto','','0000-00-00',0,'','','',0,'8672632','',''),(277,276,'Kevin Kho','','0000-00-00',0,'','','',0,'0816502186','',''),(278,277,'Rudy','','0000-00-00',0,'','','',0,'0818301007','',''),(279,278,'Karsuman','','0000-00-00',0,'','','',0,'91299334','',''),(280,279,'','','0000-00-00',0,'','','',0,'','',''),(281,280,'Anton','','0000-00-00',0,'','','',0,'0818377828','',''),(282,281,'Ir.Thomas Wanamarta','','0000-00-00',0,'','','',0,'081553007773','',''),(283,282,'Johan Parmenas','','0000-00-00',0,'','','',0,'71227740','',''),(284,283,'Johan Parmenas','','0000-00-00',0,'','','',0,'0811336588','',''),(285,284,'Johsan Pangkey','','0000-00-00',0,'','','',0,'08123078908','',''),(286,285,'Herman Setyono','','0000-00-00',0,'','','',0,'0818308216','',''),(287,286,'Budihardjo Tjandra','','0000-00-00',0,'','','',0,'087854580304','',''),(288,287,'Johan Pangkey','','0000-00-00',0,'','','',0,'08113409632','',''),(289,288,'Gerson Lim','','0000-00-00',0,'','','',0,'0811310951','',''),(290,289,'Setyono Goenawan','','0000-00-00',0,'','','',0,'085850581931','',''),(291,290,'Heru Kurniawan','','0000-00-00',0,'','','',0,'0817851705','',''),(292,291,'Jimmy Leonardus','','0000-00-00',0,'','','',0,'08123208880','',''),(293,292,'Wijono Soewito Tirto','','0000-00-00',0,'','','',0,'0811305548','',''),(294,293,'Hartono Wandy','','0000-00-00',0,'','','',0,'081332012012','',''),(295,294,'Gary Gracious','','0000-00-00',0,'','','',0,'085854527150','',''),(296,295,'S.Yos Soetopo','','0000-00-00',0,'','','',0,'08123040150','',''),(297,296,'','','0000-00-00',0,'','','',0,'','',''),(298,297,'John Gunawan','','0000-00-00',0,'','','',0,'70482094','',''),(299,298,'Minarto Ganda','','0000-00-00',0,'','','',0,'0818320768','',''),(300,299,'Tan Kiap Tong','','0000-00-00',0,'','','',0,'70283966','',''),(301,300,'','','0000-00-00',0,'','','',0,'','',''),(302,301,'Michael Halim','','0000-00-00',0,'','','',0,'70585050','',''),(303,302,'Irawan TW','','0000-00-00',0,'','','',0,'72072155','',''),(304,303,'Yohanes Haryadi Siemon','','0000-00-00',0,'','','',0,'081332588888','',''),(305,304,'Diantoro','','0000-00-00',0,'','','',0,'081939586435','',''),(367,366,'Welhelmus H. Amy Dengi','','0000-00-00',0,'','','',0,'081947714045','',''),(372,371,'Surya','','0000-00-00',0,'','','',0,'0816525122','',''),(373,372,'Handy Hermanto','','0000-00-00',0,'','','',0,'08123513896','',''),(374,373,'Robin Chen','','0000-00-00',0,'','','',0,'081553577555','',''),(375,374,'Ronny Sumarno','','0000-00-00',0,'','','',0,'0811343273','',''),(376,375,'Indra Moeljadi','','0000-00-00',0,'','','',0,'0811370100','',''),(377,376,'Paul T','','0000-00-00',0,'','','',0,'081330720721','',''),(378,377,'Yacop Mantalik','','0000-00-00',0,'','','',0,'081331199000','',''),(379,378,'Latief Ardy','','0000-00-00',0,'','','',0,'0818597755','',''),(380,379,'Huang Feng Ming','','0000-00-00',0,'','','',0,'0811325021','',''),(381,380,'Ong Franky','','0000-00-00',0,'','','',0,'08123043727','',''),(382,381,'Henry Theios','','0000-00-00',0,'','','',0,'083830680960','',''),(383,382,'Suwandojo Hartono Linarto','','0000-00-00',0,'','','',0,'08121641818','',''),(384,383,'Johsan Pangkey','','0000-00-00',0,'','','',0,'08123078908','',''),(385,384,'Tony','','0000-00-00',0,'','','',0,'081330749238','',''),(386,385,'Jonathan Tedjakusuma','','0000-00-00',0,'','','',0,'08155203218','',''),(387,386,'Robert William','','0000-00-00',0,'','','',0,'08123040216','',''),(388,387,'Handra Harsono','','0000-00-00',0,'','','',0,'08563060345','',''),(389,388,'Franky','','0000-00-00',0,'','','',0,'7887337','',''),(390,389,'Amin','','0000-00-00',0,'','','',0,'082139122279','',''),(391,390,'Agustinus Juke Saputera','','0000-00-00',0,'','','',0,'0816536015','',''),(392,391,'Irawan','','0000-00-00',0,'','','',0,'085815537117','',''),(393,392,'Goenarto','','0000-00-00',0,'','','',0,'0816528588','',''),(394,393,'Roy Gunarto','','0000-00-00',0,'','','',0,'','',''),(395,394,'Wikiatnata','','0000-00-00',0,'','','',0,'0817302509','',''),(396,395,'Harry Halim','','0000-00-00',0,'','','',0,'08123028171','',''),(397,396,'Benny Widjaja','','0000-00-00',0,'','','',0,'08121756867','',''),(398,397,'Erwin Gunawan Wijaya','','0000-00-00',0,'','','',0,'081217652244','',''),(399,398,'Vicky Kurniawan','','0000-00-00',0,'','','',0,'0818371277','',''),(400,399,'Robi Hartanto','','0000-00-00',0,'','','',0,'081515158810','',''),(401,400,'Budi Sanyoto','','0000-00-00',0,'','','',0,'081330391228','',''),(402,401,'Halim Yuwono','','0000-00-00',0,'','','',0,'08179385700','',''),(403,402,'Tatang Wijaya','','0000-00-00',0,'','','',0,'0811341773','',''),(404,403,'Wijianto Tanjung','','0000-00-00',0,'','','',0,'08123108559','',''),(409,408,'Irwanto','','0000-00-00',0,'','','',0,'081235056008','',''),(410,409,'Hadi Antara','','0000-00-00',0,'','','',0,'71979581','',''),(411,410,'Deddy Suwarno','','0000-00-00',0,'','','',0,'085859591888','',''),(412,411,'Andreas Hendrajaya','','0000-00-00',0,'','','',0,'08175255907','',''),(413,412,'Ng Seng Tiong al Setiong','','0000-00-00',0,'','','',0,'081330367128','',''),(414,413,'Hendra Lim','','0000-00-00',0,'','','',0,'0317401714','',''),(415,414,'Erwin Handoko','','0000-00-00',0,'','','',0,'081358111118','',''),(416,415,'Sandy Sulistiono','','0000-00-00',0,'','','',0,'0817211177','',''),(417,416,'Rudy Wianto Chandra','','0000-00-00',0,'','','',0,'','',''),(418,417,'Hudiono Gunawan','','0000-00-00',0,'','','',0,'08123002833','',''),(419,418,'Huang Dong Hua','','0000-00-00',0,'','','',0,'08123538075','',''),(420,419,'Budi Hartanto','','0000-00-00',0,'','','',0,'082245656515','',''),(421,420,'Siswanto Kurniawan','','0000-00-00',0,'','','Wiraswasta',0,'08123518351','',''),(422,421,'Budi Kristanto','','0000-00-00',0,'','','Wiraswasta',0,'8715735','',''),(423,422,'William Lawrence Tjia','','0000-00-00',0,'','','Wiraswasta',0,'0315964619','',''),(424,423,'Kurniad','','0000-00-00',0,'','','',0,'0818390018','',''),(425,424,'Budi Santoso','','0000-00-00',0,'Indonesia','','',0,'','',''),(426,425,'Edhi Gunarso','Surabaya','0000-00-00',0,'Indonesia','','Karyawan',0,'','',''),(427,426,'Tijo Yongki','','0000-00-00',0,'Indonesia','','',0,'','',''),(428,427,'Sujianto','','0000-00-00',0,'','','',0,'08563024022','',''),(429,428,'Ivan Wiradikara','','0000-00-00',0,'Indonesia','','Owner',0,'','',''),(430,429,'Jimmy Yang','','0000-00-00',0,'Indonesia','','Karyawan',0,'08155092792','',''),(431,430,'Michael Kraus','','0000-00-00',0,'Indonesia','','Karyawan',0,'085852509045','',''),(432,431,'Budi Raharjo','','0000-00-00',0,'','','Karyawan',0,'085330173173','',''),(433,432,'Iwan Djayawasita','','0000-00-00',0,'','','Karyawan',0,'08121140742','',''),(434,433,'Tommy Yapari','','0000-00-00',0,'','','Egg Distributor',0,'081803089999','',''),(435,434,'Budi Santoso','','0000-00-00',0,'','','Wiraswasta',0,'0818328585','',''),(436,435,'Arnold Nathanael Suthandaru','','0000-00-00',0,'','','Wirasawasta',0,'08165443750','',''),(437,436,'Benediktus Arifin','','0000-00-00',0,'','','',0,'0812311699','',''),(438,437,'Christian Adiwinata','','0000-00-00',0,'','','',0,'081330502080','',''),(439,438,'Tio Hian Bing','','0000-00-00',0,'','','Wiraswasta',0,'08123457000','',''),(440,439,'Jo Lukas Wihelmus','','0000-00-00',0,'','','Karyawan',0,'085231059999','',''),(441,440,'Elmard Franciscus Thomasoey','','0000-00-00',0,'','','Wiraswasta',0,'081330642222','',''),(442,441,'Huang Dong Hua','','0000-00-00',0,'','','',0,'08123538075','',''),(443,442,'Aron Hariyono','','0000-00-00',0,'','','',0,'085931130000','',''),(444,443,'Ivan Wiradikara','','0000-00-00',0,'','','',0,'085851813835','',''),(445,444,'Prayuda','','0000-00-00',0,'','','',0,'081330622788','',''),(446,445,'Cheng Ru Chen','','0000-00-00',0,'','','Karyawan',0,'08123040478','',''),(447,446,'Kwee Chrisdy Sutanto','','0000-00-00',0,'','','',0,'087854615999','',''),(448,447,'Solaiman Wilmana Tanjung','','0000-00-00',0,'','','Hamba Tuhan',0,'','',''),(449,448,'Yusak Wijaya','','0000-00-00',0,'','','',0,'085282369888','',''),(450,449,'Benediktus Arifin','','0000-00-00',0,'','','Dokter',0,'','',''),(451,450,'Wely Susanto','','0000-00-00',0,'','','',0,'081227729000','',''),(452,451,'Luvit Njoto Kusuma Prawirodiardjo','','0000-00-00',0,'','','',0,'08123572896','',''),(453,452,'Andre Martinus Wistorohardjo','','0000-00-00',0,'','','',0,'0818510003','',''),(454,453,'Tony Yongnardi','','0000-00-00',0,'','','',0,'081357676734','',''),(455,454,'Daniel Chang Tio','','0000-00-00',0,'','','',0,'081330716553','',''),(456,455,'Harlianto','','0000-00-00',0,'','','',0,'08123985258','',''),(457,456,'Orlando Ong','','0000-00-00',0,'','','',0,'0817109899','',''),(458,457,'Jerry Ruslim','','0000-00-00',0,'','','',0,'085850530444','',''),(459,458,'Andry Chandra','','0000-00-00',0,'','','',0,'08123523619','',''),(460,459,'Soegianto Agus','','0000-00-00',0,'','','',0,'08165438998','',''),(461,460,'Orlando Ong','','0000-00-00',0,'','','',0,'0817109899','',''),(462,461,'Lwa, Hendra Laksmono','','0000-00-00',0,'','','',0,'70758703','',''),(463,462,'Fredy','','0000-00-00',0,'','','',0,'083830830766','',''),(464,463,'Astan Kas Rudijanto Effendy','','0000-00-00',0,'','','',0,'08155003221','',''),(465,464,'Alberth Soegijopranoto Takim','','0000-00-00',0,'','','',0,'083856957588','',''),(466,465,'Henry Suwignjo','','0000-00-00',0,'','','',0,'085732585674','',''),(467,466,'Halim Tumbelaka','','0000-00-00',0,'','','',0,'085851272227','',''),(468,467,'William Seputro','','0000-00-00',0,'','','',0,'087853186999','',''),(469,468,'Johnny Liangkey','','0000-00-00',0,'','','',0,'0811305129','',''),(470,469,'Ronny Tjandra','','0000-00-00',0,'','','',0,'0818328996','',''),(471,470,'Djajanto Irawan','','0000-00-00',0,'','','',0,'081515537777','',''),(472,471,'Zeng Qingsong','','0000-00-00',0,'','','',0,'08563131316','',''),(473,472,'Jacob Pamudji Widjaja','','0000-00-00',0,'','','',0,'','',''),(474,473,'Max Ivan Ho','','0000-00-00',0,'','','',0,'081332022666','',''),(475,474,'Antonius Lesmana','','0000-00-00',0,'','','',0,'087854268111','',''),(476,475,'Jos Sudihartono Tjandra','','0000-00-00',0,'','','',0,'081938666629','',''),(477,476,'Sie, Rudi Tanto','','0000-00-00',0,'','','',0,'08123233622','',''),(478,477,'Hengky Kurniawan','','0000-00-00',0,'','','',0,'081330596949','',''),(479,478,'Gunawan Gautama','','0000-00-00',0,'','','',0,'0811336500','',''),(480,479,'Agustinus Tanujaya','','0000-00-00',0,'','','',0,'0816521711','',''),(481,480,'Eddy Wantoro','','0000-00-00',0,'','','',0,'085852207798','',''),(482,481,'Budi Santoso','','0000-00-00',0,'','','',0,'0811347188','',''),(483,482,'Alexander Kanesa','','0000-00-00',0,'','','',0,'0818309202','',''),(484,483,'Tonny Wongsowinoto','','0000-00-00',0,'','','',0,'0817320027','',''),(485,484,'William Ferdinand Korompis','','0000-00-00',0,'','','',0,'08123575159','',''),(486,485,'Wely Susanto','','0000-00-00',0,'','','',0,'08155053993','',''),(487,486,'Willi','','0000-00-00',0,'','','',0,'91162864','',''),(488,487,'Artha','','0000-00-00',0,'','','',0,'0818321166','',''),(489,488,'Ivan Wibowo','','0000-00-00',0,'','','',0,'70048701','',''),(490,489,'Sonny Christanto','','0000-00-00',0,'','','',0,'70308299','',''),(491,490,'Soegianto Hidajat','','0000-00-00',0,'','','',0,'70951173','',''),(492,491,'Budi Hartono Alie','','0000-00-00',0,'','','',0,'089675801213','',''),(493,492,'Roey Soempiet','','0000-00-00',0,'','','',0,'08123247601','',''),(494,493,'Azis Henry','','0000-00-00',0,'','','',0,'71035555','',''),(495,494,'Jauw Rendy Yuwono','','0000-00-00',0,'','','',0,'081331009978','',''),(496,495,'Reza Gunawan','','0000-00-00',0,'','','',0,'','',''),(497,496,'Julius Gunawan','','0000-00-00',0,'','','',0,'081357167740','',''),(498,497,'Agus Fungsisugi','','0000-00-00',0,'','','',0,'70533276','',''),(499,498,'Ferry Sumarno','','0000-00-00',0,'','','',0,'08175027450','',''),(500,499,'Erwin Chandra Tang','','0000-00-00',0,'','','',0,'081331961001','',''),(501,500,'Freddy Thie','','0000-00-00',0,'','','',0,'081357226181','',''),(502,501,'Webisono,S.T','','0000-00-00',0,'','','',0,'08179337200','',''),(503,502,'Sonny Christanto Halim','','0000-00-00',0,'','','',0,'0816509888','',''),(504,503,'Gunadi Irwan','','0000-00-00',0,'','','',0,'088217122353','',''),(505,504,'Rendjono Yudoputro','','0000-00-00',0,'','','',0,'081234565918','',''),(506,505,'Boy Tanair','','0000-00-00',0,'','','',0,'08782666026','',''),(509,508,'','','0000-00-00',0,'','','',0,'','',''),(510,509,'Oei Ronny Wijaya','','0000-00-00',0,'','','',0,'0818339819','',''),(511,510,'Abednego Mulyono','','0000-00-00',0,'','','',0,'081703399364','',''),(512,511,'Surya Dinata Ali Harsanto','','0000-00-00',0,'','','',0,'081703880883','',''),(513,512,'Santosa Wijaya','','0000-00-00',0,'','','',0,'0811309005','',''),(514,513,'Honggo Boedijono','','0000-00-00',0,'','','',0,'08123022575','',''),(515,514,'Ferry Hendra Suganda','','0000-00-00',0,'','','',0,'08113308141','',''),(516,515,'Antony Poenomo','','0000-00-00',0,'','','',0,'081332003829','',''),(517,516,'Jefry Silfanus','','0000-00-00',0,'','','',0,'0818511819','',''),(518,517,'Marten Liem','','0000-00-00',0,'','','',0,'0818589323','',''),(519,518,'Widjanarko Kho','','0000-00-00',0,'','','',0,'08553739999','',''),(520,519,'David Tejakusuma, The','','0000-00-00',0,'','','',0,'0811335521','',''),(521,520,'Sandy Budi Hartono','','0000-00-00',0,'','','',0,'081259472508','',''),(522,521,'Mochtar Heru Wibowo','','0000-00-00',0,'','','',0,'082195333888','',''),(523,522,'Andy Adinugroho','','0000-00-00',0,'','','',0,'0818581299','',''),(524,523,'Welhelmus H. Amy Dengi','','0000-00-00',0,'','','',0,'081947714045','',''),(525,524,'Wiyono Pangestoe','','0000-00-00',0,'','','',0,'0811336088','',''),(526,525,'Go Hartono Tedjoprawiro Gunawan','','0000-00-00',0,'','','',0,'03177044337','',''),(527,526,'Maximilian Rumoei','','0000-00-00',0,'','','',0,'081330675800','',''),(528,527,'Joeng Dian Cendoyo','','0000-00-00',0,'','','',0,'085648118118','',''),(529,528,'Henry Tanaja','','0000-00-00',0,'','','',0,'0816521211','',''),(530,529,'Chan Iwan Chandoko','','0000-00-00',0,'','','',0,'03170652151','',''),(531,530,'Eka Budi Prasetya','','0000-00-00',0,'','','',0,'0817335288','',''),(533,532,'Johanis Musa','','0000-00-00',0,'','','',0,'082139808988','',''),(534,533,'Isaac Tjoan Loey','','0000-00-00',0,'','','',0,'03177111218','',''),(535,534,'Wendra Halim','','0000-00-00',0,'','','',0,'081803005798','',''),(536,535,'Tjahjana Budiman','','0000-00-00',0,'','','',0,'081553006611','',''),(537,536,'Rudi Handojo','','0000-00-00',0,'','','',0,'0811310073','',''),(538,537,'Agustinus Iwan Tjahjono','','0000-00-00',0,'','','',0,'08563024889','',''),(539,538,'Ong Andris Thomas','','0000-00-00',0,'','','',0,'03170627543','',''),(540,539,'Gunarjo Tanurijanto','','0000-00-00',0,'','','',0,'0811316322','',''),(541,540,'Gerson Lim','','0000-00-00',0,'','','',0,'0811310951','',''),(542,541,'Tung Anggoro Wondo','','0000-00-00',0,'','','',0,'087854998555','',''),(543,542,'Tony','','0000-00-00',0,'','','',0,'081330749238','',''),(544,543,'Go Kwuo Kwong','','0000-00-00',0,'','','',0,'08121615741','',''),(545,544,'Raineir Kristanto','','0000-00-00',0,'','','',0,'08123008788','',''),(546,545,'Hariyono Tejokusumo','','0000-00-00',0,'','','',0,'0852300056111','',''),(547,546,'Efendi','','0000-00-00',0,'','','',0,'08123598020','',''),(548,547,'Sadrach Soewargo Wibowo','','0000-00-00',0,'','','',0,'081615113555','',''),(549,548,'Michael Ang','','0000-00-00',0,'','','',0,'0811317170','',''),(550,549,'Meidel Marsanto Ponga','','0000-00-00',0,'','','',0,'081346633176','',''),(551,550,'Christian Thomas Kurt Kyriss','','0000-00-00',0,'','','',0,'081232222684','',''),(552,551,'Rudy Boesono','','0000-00-00',0,'','','',0,'0818314687','',''),(553,552,'Sendy Rexana Lie','','0000-00-00',0,'','','',0,'081556688166','',''),(554,553,'Tse Hoi Ping','','0000-00-00',0,'','','',0,'083831581999','',''),(555,554,'Roey Soempiet','','0000-00-00',0,'','','',0,'081330218453','',''),(556,555,'Patar Samuel Parningotan Sianipar','','0000-00-00',0,'','','',0,'081331501878','',''),(557,556,'Johanes Reza Harianto','','0000-00-00',0,'','','',0,'0818372591','',''),(558,557,'Oen David','','0000-00-00',0,'','','',0,'085931375800','',''),(559,558,'Ho Ay Kwok','','0000-00-00',0,'','','',0,'087853278889','',''),(560,559,'Sanny','','0000-00-00',0,'','','',0,'0818304756','',''),(561,560,'Freddy Thie','','0000-00-00',0,'','','',0,'081357226181','',''),(562,561,'Iwan Limpo','','0000-00-00',0,'','','',0,'085381383806','',''),(563,562,'Cinta Budiman','','0000-00-00',0,'','','',0,'081234560580','',''),(564,563,'Budi Nugraha','','0000-00-00',0,'','','',0,'081233775900','',''),(565,564,'Johannes Judianto','','0000-00-00',0,'','','',0,'0811596881','',''),(566,565,'Agus Fungsisugi','','0000-00-00',0,'','','',0,'03170533276','',''),(567,566,'Steven','','0000-00-00',0,'','','',0,'0811375837','',''),(568,567,'Bobby','','0000-00-00',0,'','','',0,'0811337708','',''),(569,568,'Bambang Hartono','','0000-00-00',0,'','','',0,'0811372233','',''),(570,569,'Surya Dinata Ali Harsanto','','0000-00-00',0,'','','',0,'0811372233','',''),(571,570,'Johnny Liangkey','','0000-00-00',0,'','','',0,'0817598818','',''),(572,571,'Andreas Tandiono','','0000-00-00',0,'','','',0,'08123288481','',''),(573,572,'Thomas Wibisono Hadiwidjojo','','0000-00-00',0,'','','',0,'0317328051','',''),(574,573,'Lim Kuindra','','0000-00-00',0,'','','',0,'085850473555','',''),(575,574,'Ferry Sumarno','','0000-00-00',0,'','','',0,'082143600275','',''),(576,575,'Chrismadhi Santoso','','0000-00-00',0,'','','',0,'083856225557','',''),(577,576,'Budi Hartono','','0000-00-00',0,'','','',0,'03170997507','',''),(578,577,'Tandra Gunawan','','0000-00-00',0,'','','',0,'0818181834','',''),(579,578,'Alvin Tjahyadi','','0000-00-00',0,'','','',0,'081332269111','',''),(580,579,'Chandra Kirama','','0000-00-00',0,'','','',0,'081357283000','',''),(581,580,'Suryo Pramono Sutrisno Putro','','0000-00-00',0,'','','',0,'081553260260','',''),(582,581,'Tjioe Cokro Soegianto','','0000-00-00',0,'','','',0,'081357378688','',''),(583,582,'Sugiono Wijoyo','','0000-00-00',0,'','','',0,'08553006886','',''),(584,583,'Angola Anggraini','','0000-00-00',0,'','','',0,'08123530591','',''),(585,584,'Ajie Jaya Jatikusuma','','0000-00-00',0,'','','',0,'08123030093','',''),(586,585,'Djajanto Irawan','','0000-00-00',0,'','','',0,'081515537777','',''),(587,586,'Ronald Wibawa Sanjaya','','0000-00-00',0,'','','',0,'0811335016','',''),(588,587,'Lim Kuindra','','0000-00-00',0,'','','',0,'081357859238','',''),(589,588,'Irwan','','0000-00-00',0,'','','',0,'081230575758','',''),(590,589,'DRS. Sabar Nababan, MM','','0000-00-00',0,'','','',0,'081379390111','',''),(591,590,'Eddy Wantoro','','0000-00-00',0,'','','',0,'08585207798','',''),(592,591,'','','0000-00-00',0,'','','',0,'','',''),(593,592,'Zheng Lin','','0000-00-00',0,'','','',0,'085851050002','',''),(594,593,'Abidin Chandra','','0000-00-00',0,'','','',0,'08123001639','',''),(595,594,'Guntur Widarto','','0000-00-00',0,'','','',0,'0811332812','',''),(596,595,'Soegijanto','','0000-00-00',0,'','','',0,'60768585','',''),(597,596,'Antony PoernomoShumanly','','0000-00-00',0,'','','',0,'','',''),(598,597,'Go Kwuo Kwang','','0000-00-00',0,'','','',0,'08121615741','',''),(599,598,'Hogantara Wigitono','','0000-00-00',0,'','','',0,'0818596901','',''),(600,599,'Wang Yin','','0000-00-00',0,'','','',0,'08563023969','',''),(601,600,'Lee Avin Wicaksono','','0000-00-00',0,'','','',0,'08123012433','',''),(602,601,'Halomoan','','0000-00-00',0,'','','',0,'087851243177','',''),(603,602,'Yacop Mantalik','','0000-00-00',0,'','','',0,'081331199000','',''),(604,603,'John Gunawan','','0000-00-00',0,'','','',0,'70482094','',''),(605,604,'Rudy Boesono','','0000-00-00',0,'','','',0,'08113643668','',''),(606,605,'','','0000-00-00',0,'','','',0,'','',''),(607,606,'Ir. Yudi Wibowo,S.H, M.H','','0000-00-00',0,'','','',0,'0818588703','',''),(608,607,'Hartanto Chandra','','0000-00-00',0,'','','',0,'081938002807','',''),(609,608,'Tjing Sheng Kurniadi','','0000-00-00',0,'','','',0,'081231888015','',''),(610,609,'Gunawan Gautama','','0000-00-00',0,'','','',0,'0811336500','',''),(611,610,'Lie Wie Sian','','0000-00-00',0,'','','',0,'70900727','',''),(612,611,'Heru Supramono','','0000-00-00',0,'','','',0,'08123518988','',''),(613,612,'Roony Tanoyo','','0000-00-00',0,'','','',0,'0818303930','',''),(614,613,'Nixon Limanseto','','0000-00-00',0,'','','',0,'08883046142','',''),(615,614,'Marwali','','0000-00-00',0,'','','',0,'0818594681','',''),(616,615,'Sutikno Bidijanto','','0000-00-00',0,'','','',0,'0818516789','',''),(617,616,'Yosef Herodian','','0000-00-00',0,'','','',0,'0815520884','',''),(618,617,'Andryanto Suhartono','','0000-00-00',0,'','','',0,'0817379900','',''),(619,618,'Arman Thomas','','0000-00-00',0,'','','',0,'081332332788','',''),(620,619,'','','0000-00-00',0,'','','',0,'0816504321','',''),(621,620,'Rudy Sudjarwo','','0000-00-00',0,'','','',0,'082199955575','',''),(622,621,'Yohanes Haryadi Siemon','','0000-00-00',0,'','','',0,'081332588888','',''),(623,622,'Go Theofilus Benyamin','','0000-00-00',0,'','','',0,'0817309422','',''),(624,623,'Wijaya GOENAWAN','','0000-00-00',0,'','','',0,'0818577335','',''),(625,624,'Ronny Wijaya Oei','','0000-00-00',0,'','','',0,'0818339819','',''),(626,625,'Johannes Julianto SEGER','','0000-00-00',0,'','','',0,'0811336952','',''),(627,626,'Amin','','0000-00-00',0,'','','',0,'081384785556','',''),(628,627,'Hartono Chu','','0000-00-00',0,'','','',0,'082139062888','',''),(629,628,'Ivan Wibowo','','0000-00-00',0,'','','',0,'70761871','',''),(630,629,'Sidharta Sugondo','','0000-00-00',0,'','','',0,'70317837','',''),(631,630,'Jeffry Wijaya','','0000-00-00',0,'','','',0,'0818500838','',''),(632,631,'Robert Samaoen','','0000-00-00',0,'','','',0,'0811320070','',''),(633,632,'Guntur Widarto','','0000-00-00',0,'','','',0,'0811332812','',''),(634,633,'Erwin Handoko','','0000-00-00',0,'','','',0,'081358111118','',''),(635,634,'Michael Christianus Halimsaputera','','0000-00-00',0,'','','',0,'','',''),(636,635,'Sunkono','','0000-00-00',0,'','','',0,'08113635367','',''),(637,636,'Lauw Sang Ganda','','0000-00-00',0,'','','',0,'83000600','',''),(638,637,'LIE Andry Setyadarma','','0000-00-00',0,'','','',0,'78088444','',''),(639,638,'Sutikno Budianto','','0000-00-00',0,'','','',0,'0818516789','',''),(640,639,'David Soetarso','','0000-00-00',0,'','','',0,'0811318923','',''),(641,640,'Maxmillian Rumoei','','0000-00-00',0,'','','',0,'081330675800','',''),(642,641,'Watari Tanoto','','0000-00-00',0,'','','',0,'085810146981','',''),(643,642,'GO Yongky Yoewono','','0000-00-00',0,'','','',0,'0818306655','',''),(644,643,'TJOEI Ajie Jaya Jati Kusuma','','0000-00-00',0,'','','',0,'08123030093','',''),(645,644,'Fandy Halim','','0000-00-00',0,'','','',0,'70592464','',''),(646,645,'Pieter Jouwhanes','','0000-00-00',0,'','','',0,'08165436722','',''),(647,646,'Tjio Chandra Kirama','','0000-00-00',0,'','','',0,'081357283000','',''),(648,647,'Marlon Natanael Kurniawan','','0000-00-00',0,'','','',0,'08172312773','',''),(649,648,'Gunawan','','0000-00-00',0,'','','',0,'9205559','',''),(650,649,'Cahaya','','0000-00-00',0,'','','',0,'70812341','',''),(651,650,'Yohanes','','0000-00-00',0,'','','',0,'72434389','',''),(652,651,'Hengky ADI PRAMOKO','','0000-00-00',0,'','','',0,'','',''),(653,652,'LAUW Andreas Hendrajaya','','0000-00-00',0,'','','',0,'08175255907','',''),(654,653,'Agung Nugroho','','0000-00-00',0,'','','',0,'08155059988','',''),(655,654,'Yosef Herodian','','0000-00-00',0,'','','',0,'08155208847','',''),(656,655,'HO Ay Kwok','','0000-00-00',0,'','','',0,'087853278889','',''),(657,656,'Kurniawan TAN','','0000-00-00',0,'','','',0,'08123020850','',''),(658,657,'Bambang Hartono NJOTO KURNIAWAN','','0000-00-00',0,'','','',0,'0811341122','',''),(659,658,'Antonius Lesmana','','0000-00-00',0,'','','',0,'081515220038','',''),(660,659,'Karlim','','0000-00-00',0,'','','',0,'08123009113','',''),(661,660,'Kusnan Susanto FAIDI','','0000-00-00',0,'','','',0,'','',''),(662,661,'Sendy Rexana Lie','','0000-00-00',0,'','','',0,'70227778','',''),(663,662,'Lion Djajono','','0000-00-00',0,'','','',0,'087851510368','',''),(664,663,'Hartono Pekanto','','0000-00-00',0,'','','',0,'081333111177','',''),(665,664,'Gatot Sutanto','','0000-00-00',0,'','','',0,'081839800','',''),(666,665,'Hari Wiryawan Hidayat','','0000-00-00',0,'','','',0,'081330352939','',''),(667,666,'Pieter Jouwhanes','','0000-00-00',0,'','','',0,'08165436722','',''),(668,667,'Tejo Cahyono','','0000-00-00',0,'','','',0,'08123310793','',''),(669,668,'Ivan Ho','','0000-00-00',0,'','','',0,'0818371856','',''),(670,669,'GO Yongky Yoewono','','0000-00-00',0,'','','',0,'0818306655','',''),(671,670,'','','0000-00-00',0,'','','',0,'','',''),(672,671,'Kusnadi Chandra','','0000-00-00',0,'','','',0,'081331608585','',''),(673,672,'GO Theofilus Benyamin','','0000-00-00',0,'','','',0,'0817309422','',''),(674,673,'Sonny Limbowo','','0000-00-00',0,'','','',0,'70796805','',''),(675,674,'Budi Sanyoto','','0000-00-00',0,'','','',0,'081330391228','',''),(676,675,'TJIANG SHENG Kurniadi','','0000-00-00',0,'','','',0,'081332666177','',''),(677,676,'Roy Gonzales SUTANTO','','0000-00-00',0,'','','',0,'0818503214','',''),(678,677,'Patar Samuel Parningotan Sianipar','','0000-00-00',0,'','','',0,'081331581477','',''),(679,678,'Marino SUTEDJO','','0000-00-00',0,'','','',0,'0811308849','',''),(680,679,'Elidad Tjokro','','0000-00-00',0,'','','',0,'08123536161','',''),(681,680,'Azis Henry','','0000-00-00',0,'','','',0,'72798197','',''),(682,681,'Mulyadi Wongso','','0000-00-00',0,'','','',0,'0811332963','',''),(683,682,'Efendi','','0000-00-00',0,'','','',0,'71018100','',''),(684,683,'Johan Pangkey','','0000-00-00',0,'','','',0,'08113409632','',''),(685,684,'Eddy Citro Fong','','0000-00-00',0,'','','',0,'085232000978','',''),(686,685,'Andrianto Suhartono','','0000-00-00',0,'','','',0,'0817379900','',''),(687,686,'Rudy Prayogo','','0000-00-00',0,'','','',0,'','',''),(688,687,'Gerson Lim','','0000-00-00',0,'','','',0,'0811310951','',''),(689,688,'Hariono Soetantio','','0000-00-00',0,'','','',0,'0811310828','',''),(690,689,'Roy Yapri','','0000-00-00',0,'','','',0,'0811305129','',''),(691,690,'Gatot Setijobudi (Alm)','','0000-00-00',0,'','','',0,'','',''),(692,691,'','','0000-00-00',0,'','','',0,'','',''),(693,692,'Julius Gunawan Lee','','0000-00-00',0,'','','',0,'081330742592','',''),(694,693,'Lauw Hwee Jong','','0000-00-00',0,'','','',0,'0811336087','',''),(695,694,'Welly Liyanto','','0000-00-00',0,'','','',0,'081357626302','',''),(696,695,'Renjani Tanujaya','','0000-00-00',0,'','','',0,'0811377777','',''),(697,696,'Soetjipto Santoso','','0000-00-00',0,'','','',0,'0817326094','',''),(698,697,'Hendry Ongkowidjojo','','0000-00-00',0,'','','',0,'081330399133','',''),(699,698,'Iwan Muktiali','','0000-00-00',0,'','','',0,'08155156002','',''),(700,699,'Kusnan Susanto','','0000-00-00',0,'','','',0,'','',''),(701,700,'Cahaya','','0000-00-00',0,'','','',0,'70812341','',''),(702,701,'Kurniawan Tan','','0000-00-00',0,'','','',0,'08123020850','',''),(703,702,'Irwan Santoso','','0000-00-00',0,'','','',0,'08155141028','',''),(704,703,'Herman Salim','','0000-00-00',0,'','','',0,'0811379578','',''),(705,704,'Willi','','0000-00-00',0,'','','',0,'91162864','',''),(706,705,'Budi Santoso Tjandra','','0000-00-00',0,'','','',0,'0811347188','',''),(707,706,'Sandy Sulistiono','','0000-00-00',0,'','','',0,'0817211177','',''),(708,707,'Gunarjo Tanurijanto','','0000-00-00',0,'','','',0,'0811316322','',''),(709,708,'Yeoh Chye Beng','','0000-00-00',0,'','','',0,'0816512939','',''),(710,709,'Fredy Soesanto','','0000-00-00',0,'','','',0,'086529019','',''),(711,710,'Goenadi Gondowardojo','','0000-00-00',0,'','','',0,'08123026001','',''),(712,711,'Kho Tjie Liong','','0000-00-00',0,'','','',0,'08113410601','',''),(713,712,'Hendrik Purnama','','0000-00-00',0,'','','',0,'08123112387','',''),(714,713,'Michael Christianus Halim S','','0000-00-00',0,'','','',0,'081308905','',''),(715,714,'Indra Soejanto','','0000-00-00',0,'','','',0,'71011665','',''),(716,715,'Yongky Yoewono','','0000-00-00',0,'','','',0,'0818306655','',''),(717,716,'Johsan Pangkey','','0000-00-00',0,'','','',0,'08123078908','',''),(718,717,'Johsan Pangkey','','0000-00-00',0,'','','',0,'08123078908','',''),(719,718,'Senijong','','0000-00-00',0,'','','',0,'0818376608','',''),(720,719,'Yohanes Haryadi Siemon','','0000-00-00',0,'','','',0,'081332588888','',''),(721,720,'Sengkok','','0000-00-00',0,'','','',0,'70426900','',''),(722,721,'Hermanto','','0000-00-00',0,'','','',0,'70631000','',''),(723,722,'Tjiang Eddy','','0000-00-00',0,'','','',0,'08165448760','',''),(724,723,'NG Tatang Widjaja','','0000-00-00',0,'','','',0,'0811341773','',''),(725,724,'Jeffry Wijaya','','0000-00-00',0,'','','',0,'0818500838','',''),(726,725,'Warren Surang Sutandar','','0000-00-00',0,'','','',0,'0811330117','',''),(727,726,'Daniel Chang','','0000-00-00',0,'','','',0,'08123004878','',''),(728,727,'Robert Peter Aarnoudse','','0000-00-00',0,'','','',0,'08175053000','',''),(729,728,'Saiful Anam','','0000-00-00',0,'','','',0,'08123233633','',''),(730,729,'Lumanto Wijaya','','0000-00-00',0,'','','',0,'71011818','',''),(731,730,'Suryadi Kurniawan','','0000-00-00',0,'','','',0,'08121652000','',''),(732,731,'Johannes Julianto','','0000-00-00',0,'','','',0,'0811336952','',''),(733,732,'Izak Herman Eliaser Sahulata','','0000-00-00',0,'','','',0,'','',''),(734,733,'Lukman','','0000-00-00',0,'','','',0,'081514019075','','');
/*!40000 ALTER TABLE `aka_siswa_ayah` ENABLE KEYS */;

#
# Structure for table "aka_siswa_grup"
#

DROP TABLE IF EXISTS `aka_siswa_grup`;
CREATE TABLE `aka_siswa_grup` (
  `replid` int(10) unsigned NOT NULL AUTO_INCREMENT,
  `siswa` int(10) unsigned NOT NULL,
  `grup` int(10) unsigned NOT NULL,
  PRIMARY KEY (`replid`)
) ENGINE=MyISAM DEFAULT CHARSET=latin1;

#
# Data for table "aka_siswa_grup"
#

/*!40000 ALTER TABLE `aka_siswa_grup` DISABLE KEYS */;
/*!40000 ALTER TABLE `aka_siswa_grup` ENABLE KEYS */;

#
# Structure for table "aka_siswa_guru"
#

DROP TABLE IF EXISTS `aka_siswa_guru`;
CREATE TABLE `aka_siswa_guru` (
  `replid` int(10) unsigned NOT NULL AUTO_INCREMENT,
  `siswa` int(10) unsigned NOT NULL,
  `guru` int(10) unsigned NOT NULL,
  PRIMARY KEY (`replid`)
) ENGINE=MyISAM DEFAULT CHARSET=latin1;

#
# Data for table "aka_siswa_guru"
#

/*!40000 ALTER TABLE `aka_siswa_guru` DISABLE KEYS */;
/*!40000 ALTER TABLE `aka_siswa_guru` ENABLE KEYS */;

#
# Structure for table "aka_siswa_ibu"
#

DROP TABLE IF EXISTS `aka_siswa_ibu`;
CREATE TABLE `aka_siswa_ibu` (
  `replid` int(10) unsigned NOT NULL AUTO_INCREMENT,
  `siswa` int(10) unsigned NOT NULL,
  `nama` varchar(100) NOT NULL,
  `tmplahir` varchar(50) NOT NULL,
  `tgllahir` date NOT NULL,
  `agama` int(10) unsigned NOT NULL DEFAULT '0',
  `warga` varchar(50) NOT NULL,
  `pendidikan` varchar(50) NOT NULL,
  `pekerjaan` varchar(50) NOT NULL,
  `penghasilan` decimal(10,0) NOT NULL DEFAULT '0',
  `telpon` varchar(20) NOT NULL,
  `pinbb` varchar(20) NOT NULL,
  `email` varchar(100) NOT NULL,
  PRIMARY KEY (`replid`)
) ENGINE=MyISAM AUTO_INCREMENT=736 DEFAULT CHARSET=latin1;

#
# Data for table "aka_siswa_ibu"
#

/*!40000 ALTER TABLE `aka_siswa_ibu` DISABLE KEYS */;
INSERT INTO `aka_siswa_ibu` VALUES (1,1,'','','0000-00-00',0,'','','',0,'','',''),(2,2,'','','0000-00-00',0,'','','',0,'','',''),(4,4,'','','0000-00-00',0,'','','',0,'','',''),(5,5,'','','0000-00-00',0,'','','',0,'','',''),(7,7,'','','0000-00-00',0,'','','',0,'','',''),(11,10,'','','0000-00-00',0,'','','',0,'','',''),(14,13,'','','0000-00-00',0,'','','',0,'','',''),(15,14,'Astried Aprilia','','0000-00-00',0,'Indonesia','','',0,'085645437208','',''),(16,15,'Anita Alamsjah','','0000-00-00',0,'Indonesia','','',0,'083856083916','',''),(17,16,'Moona Wintoro','','0000-00-00',0,'Indonesia','','',0,'08563478824','',''),(18,17,'Chynthia','','0000-00-00',0,'Indonesia','','',0,'03170704437','',''),(19,18,'Susana','','0000-00-00',0,'Indonesia','','',0,'085706331688','',''),(20,19,'Elshin Imelda','','0000-00-00',0,'','','',0,'085731316399','',''),(21,20,'Yuliana Dermawan Kang','','0000-00-00',0,'','','',0,'08123567125','',''),(22,21,'Susana','Kediri','1981-03-28',0,'Indonesia','','Apoteker',0,'085706331688','',''),(23,22,'Santi Rahayu','','0000-00-00',0,'','','',0,'','',''),(24,23,'Silviana Alim','','0000-00-00',0,'','','',0,'','',''),(25,24,'Shanty Kurniawaty','','0000-00-00',0,'','','',0,'','',''),(26,25,'Annie Susatya','','0000-00-00',0,'','','',0,'0816511200','',''),(27,26,'Sylvi','','0000-00-00',0,'','','',0,'','',''),(29,28,'Leli Yuliani','','0000-00-00',0,'','','',0,'081330682001','',''),(30,29,'Christina','','0000-00-00',0,'','','',0,'081222665757','',''),(31,30,'Aily','','0000-00-00',0,'','','',0,'08973813132','',''),(32,31,'Veronica L','','0000-00-00',0,'','','',0,'','',''),(33,32,'Yeny Kosalea','','0000-00-00',0,'','','',0,'08883200715','',''),(34,33,'Nova Renita E','','0000-00-00',0,'','','',0,'','',''),(35,34,'Ria Paulin','','0000-00-00',0,'','','',0,'081553305585','',''),(36,35,'Yunita Kwee','','0000-00-00',0,'','','',0,'','',''),(37,36,'Linawati Tanoyo','','0000-00-00',0,'','','',0,'','',''),(38,37,'Yenni Kurniawan H','','0000-00-00',0,'','','',0,'','',''),(39,38,'Yossy Ana S','','0000-00-00',0,'','','',0,'08783003919','',''),(40,39,'Djawi Cecilia','','0000-00-00',0,'','','',0,'08561198898','',''),(41,40,'Caecilia Anastasia','','0000-00-00',0,'','','',0,'','',''),(42,41,'Desy Susanti','','0000-00-00',0,'','','',0,'0818515305','',''),(43,42,'Ellywati Tanjung','','0000-00-00',0,'','','',0,'08123021424','',''),(44,43,'Anneke F. Ramlan Wilianto','','0000-00-00',0,'','','',0,'08563350089','',''),(46,45,'','','0000-00-00',0,'','','',0,'','',''),(47,46,'Fonie H. Margono','','0000-00-00',0,'','','',0,'','',''),(48,47,'Josianti Multisari I.','','0000-00-00',0,'','','',0,'087852294530','',''),(49,48,'Imelda Sugito','','0000-00-00',0,'','','',0,'087852294530','',''),(50,49,'Siany Linaksita','','0000-00-00',0,'','','',0,'','',''),(51,50,'Lindyawati','','0000-00-00',0,'','','',0,'087852294530','',''),(52,51,'Irine Jaya Atmaja','','0000-00-00',0,'','','',0,'081234811795','',''),(53,52,'Gori Indrawati','','0000-00-00',0,'','','',0,'','',''),(54,53,'Shirley Sukowati','','0000-00-00',0,'','','',0,'0818330725','',''),(56,55,'Megawati Suharto P.','','0000-00-00',0,'','','',0,'082233302955','',''),(57,56,'Ellen Sugianto','','0000-00-00',0,'','','',0,'','',''),(58,57,'Fenny','','0000-00-00',0,'','','',0,'0817398998','',''),(59,58,'Lindawati','','0000-00-00',0,'','','',0,'081216506357','',''),(60,59,'Lita Agus','','0000-00-00',0,'','','',0,'','',''),(61,60,'Liniawati','','0000-00-00',0,'','','',0,'','',''),(62,61,'Linawati Tanoyo','','0000-00-00',0,'','','',0,'','',''),(63,62,'Petra Dewi','','0000-00-00',0,'','','',0,'','',''),(64,63,'Martha Hedi Triana','','0000-00-00',0,'','','',0,'','',''),(65,64,'Indriany','','0000-00-00',0,'','','',0,'70618483','',''),(67,66,'Liliana Fransisca','','0000-00-00',0,'','','',0,'087854615999','',''),(68,67,'Leliana Fajar','','0000-00-00',0,'','','',0,'087854615999','',''),(69,68,'Wenny','','0000-00-00',0,'','','',0,'081245672888','',''),(70,69,'Lince Pieter','','0000-00-00',0,'','','',0,'081332919151','',''),(71,70,'Yusa Jeandelti','','0000-00-00',0,'','','',0,'','',''),(72,71,'Noviani','','0000-00-00',0,'','','',0,'','',''),(73,72,'Linda Airlina','','0000-00-00',0,'','','',0,'','',''),(74,73,'Inge Lukito','','0000-00-00',0,'','','',0,'','',''),(75,74,'Merlin','','0000-00-00',0,'','','',0,'','',''),(76,75,'Indahwati','','0000-00-00',0,'','','',0,'','',''),(77,76,'Gori Indrawati','','0000-00-00',0,'','','',0,'','',''),(78,77,'Siane Prilita','','0000-00-00',0,'','','',0,'','',''),(79,78,'Epifany Budihardjo','','0000-00-00',0,'','','',0,'087852618884','',''),(80,79,'Juini','','0000-00-00',0,'','','',0,'','',''),(81,80,'Retno Susmiharti','','0000-00-00',0,'','','',0,'0811360999','',''),(82,81,'Lim Agnes','','0000-00-00',0,'','','',0,'','',''),(83,82,'Nunuk Watiningsih','','0000-00-00',0,'','','',0,'087856575758','',''),(84,83,'Christien L','','0000-00-00',0,'','','',0,'','',''),(85,84,'Tjin-Tjin','','0000-00-00',0,'','','',0,'','',''),(86,85,'Moona Wintoro','Surabaya','1983-11-08',0,'Indonesia','','Ibu Rumah Tangga',0,'08563478824','',''),(87,86,'Meliani','','0000-00-00',0,'','','',0,'709919099','',''),(88,87,'Lani','','0000-00-00',0,'','','',0,'91127223','',''),(89,88,'','','0000-00-00',0,'','','',0,'','',''),(90,89,'Lesly','','0000-00-00',0,'','','',0,'','',''),(91,90,'Shelly','','0000-00-00',0,'','','',0,'081233775900','',''),(92,91,'Jelly','','0000-00-00',0,'','','',0,'082139808988','',''),(93,92,'Kwince','','0000-00-00',0,'','','',0,'71227601','',''),(94,93,'Jenny','','0000-00-00',0,'','','',0,'081331718181','',''),(95,94,'Rose','','2008-07-14',0,'','','',0,'081330532568','',''),(96,95,'Vonny','','0000-00-00',0,'','','',0,'081227728000','',''),(97,96,'Martinah','','0000-00-00',0,'','','',0,'081357179005','',''),(98,97,'Anik','','0000-00-00',0,'','','',0,'087727272761','',''),(99,98,'Silvya','','0000-00-00',0,'','','',0,'081217893893','',''),(100,99,'Yuvita','','0000-00-00',0,'','','',0,'087854998555','',''),(101,100,'Rita','','0000-00-00',0,'','','',0,'085931375800','',''),(102,101,'','','0000-00-00',0,'','','',0,'','',''),(103,102,'Indahwati Sidharta','','0000-00-00',0,'','','',0,'08123181788','',''),(104,103,'Lily Limoseputro','','0000-00-00',0,'','','',0,'','',''),(105,104,'Wiwik Rusiana','','0000-00-00',0,'','','',0,'','',''),(107,106,'Lita Agus','','0000-00-00',0,'','','',0,'','',''),(108,107,'Lanny Indrawati','','0000-00-00',0,'','','',0,'','',''),(109,108,'Ratna Bayu Anggraeni','','0000-00-00',0,'','','',0,'','',''),(110,109,'Martha Hedi Triana Tanang','','0000-00-00',0,'','','',0,'08883000162','',''),(111,110,'Yeny Kosalea','','0000-00-00',0,'','','',0,'08883200715','',''),(112,111,'Ernawati','','0000-00-00',0,'','','',0,'083857642333','',''),(113,112,'Sherly Wijaya','','0000-00-00',0,'','','',0,'','',''),(114,113,'Rita Citra Rini','','0000-00-00',0,'','','',0,'','',''),(115,114,'Rohani','','0000-00-00',0,'','','',0,'0811312823','',''),(116,115,'Anneke F. Ramlan Wilianto','','0000-00-00',0,'','','',0,'70366755','',''),(117,116,'Fonie H. Margono','','0000-00-00',0,'','','',0,'','',''),(118,117,'Ana','','0000-00-00',0,'','','',0,'08123026595','',''),(119,118,'Inggrid Cynthiawati','','0000-00-00',0,'','','',0,'','',''),(120,119,'Indriany','','0000-00-00',0,'','','',0,'70575260','',''),(121,120,'Irine Jaya Atmaja','','0000-00-00',0,'','','',0,'081234811795','',''),(122,121,'Siane Prilita','','0000-00-00',0,'','','',0,'70808500','',''),(123,122,'Rita Citra Rini','','0000-00-00',0,'','','',0,'','',''),(124,123,'Like Eclesiana S','','0000-00-00',0,'','','',0,'','',''),(125,124,'Putu Indra Juliani M','','0000-00-00',0,'','','',0,'08123526369','',''),(126,125,'Lili Indrayani Thomas','','0000-00-00',0,'','','',0,'','',''),(127,126,'Anita','','0000-00-00',0,'','','',0,'08165409694','',''),(128,127,'Tanty Faridah','','0000-00-00',0,'','','',0,'08155111083','',''),(129,128,'Trisiana Lahinda','','0000-00-00',0,'','','',0,'71457415','',''),(130,129,'Susilawaty','','0000-00-00',0,'','','',0,'70157779','',''),(131,130,'Evi Wijaya','','0000-00-00',0,'','','',0,'08123002212','',''),(132,131,'Nurwati','','0000-00-00',0,'','','',0,'0811335031','',''),(133,132,'Maria Irene','','0000-00-00',0,'','','',0,'','',''),(134,133,'Wenny Sutanto','','0000-00-00',0,'','','',0,'081245672888','',''),(135,134,'Christien L','','0000-00-00',0,'','','',0,'','',''),(136,135,'Nurwati','','0000-00-00',0,'','','',0,'0811335031','',''),(137,136,'Ernawati','','0000-00-00',0,'','','',0,'0817321199','',''),(138,137,'Lita Agus','','0000-00-00',0,'','','',0,'','',''),(139,138,'Susilawaty','','0000-00-00',0,'','','',0,'087851660887','',''),(140,139,'Rohani','','0000-00-00',0,'','','',0,'0811312823','',''),(141,140,'Surya Gunawati','','0000-00-00',0,'','','',0,'0818326536','',''),(142,141,'Ohrin Widjajati','','0000-00-00',0,'','','',0,'08883198788','',''),(143,142,'Erike Lee','','0000-00-00',0,'','','',0,'','',''),(144,143,'Lim Agnes','','0000-00-00',0,'','','',0,'08563383555','',''),(145,144,'Sherly Wijaya','','0000-00-00',0,'','','',0,'0811373388','',''),(146,145,'Lim Agnes','','0000-00-00',0,'','','',0,'','',''),(147,146,'Ang Nita','','0000-00-00',0,'','','',0,'081357999666','',''),(148,147,'Linawati','','0000-00-00',0,'','','',0,'70527747','',''),(149,148,'Elvina.S','','0000-00-00',0,'','','',0,'08165428536','',''),(150,149,'Mein.S','','0000-00-00',0,'','','',0,'085233211999','',''),(151,150,'Imelda','','0000-00-00',0,'','','',0,'083849000211','',''),(152,151,'Elly Tedjo','','0000-00-00',0,'','','',0,'0818314687','',''),(153,152,'Mona','','0000-00-00',0,'','','',0,'0818592267','',''),(154,153,'Slauw Fwi Agus','','0000-00-00',0,'','','',0,'0816510495','',''),(155,154,'Susantinah','','0000-00-00',0,'','','',0,'0811314952','',''),(156,155,'Santi Yuliana','','0000-00-00',0,'','','',0,'081332112212','',''),(157,156,'Irna Juliany','','0000-00-00',0,'','','',0,'08165435288','',''),(158,157,'Heidy D','','0000-00-00',0,'','','',0,'0811312000','',''),(159,158,'Jeanny','','0000-00-00',0,'','','',0,'08165410234','',''),(160,159,'','','0000-00-00',0,'','','',0,'','',''),(161,160,'Felicia H','','0000-00-00',0,'','','',0,'08123006688','',''),(162,161,'Rini Yulia','','0000-00-00',0,'','','',0,'082231393471','',''),(163,162,'Ratnawati H','','0000-00-00',0,'','','',0,'08123456709','',''),(164,163,'Go Lee Tin','','0000-00-00',0,'','','',0,'08123000299','',''),(165,164,'Go Lee Tin','','0000-00-00',0,'','','',0,'70047005','',''),(166,165,'Liem Mariani','','0000-00-00',0,'','','',0,'0811371663','',''),(167,166,'Caroline T','','0000-00-00',0,'','','',0,'081330678168','',''),(168,167,'Ham Tenny','','0000-00-00',0,'','','',0,'081553008052','',''),(169,168,'Caroline T','','0000-00-00',0,'','','',0,'08155227258','',''),(170,169,'Elly Octaviani','','0000-00-00',0,'','','',0,'087857797882','',''),(171,170,'Dita D','','0000-00-00',0,'','','',0,'087853870120','',''),(172,171,'Dewi A','','0000-00-00',0,'','','',0,'70900727','',''),(173,172,'Theong E','','0000-00-00',0,'','','',0,'08123007429','',''),(174,173,'Liberty Dimaclid','','0000-00-00',0,'','','',0,'082233989168','',''),(175,174,'Sriwati Chandra','','0000-00-00',0,'','','',0,'77111218','',''),(176,175,'Viv. S','','0000-00-00',0,'','','',0,'0811379578','',''),(177,176,'Lisa','','0000-00-00',0,'','','',0,'087851287890','',''),(178,177,'Jen Vanda','','0000-00-00',0,'','','',0,'0811320070','',''),(179,178,'Yuliana. G','','0000-00-00',0,'','','',0,'08121756867','',''),(180,179,'Tan Jeanne','','0000-00-00',0,'','','',0,'','',''),(181,180,'Johana','','0000-00-00',0,'','','',0,'08155141028','',''),(182,181,'Elisa Budiarti','','0000-00-00',0,'','','',0,'72330697','',''),(183,182,'Susy Dewi','','0000-00-00',0,'','','',0,'03181984321','',''),(184,183,'Ruth Ningsih','','0000-00-00',0,'','','',0,'08123536447','',''),(185,184,'','','0000-00-00',0,'','','',0,'','',''),(186,185,'Liana.K','','0000-00-00',0,'','','',0,'08155083559','',''),(187,186,'Hermina Soetjipto','','0000-00-00',0,'','','',0,'08123005397','',''),(188,187,'Cecilia A','','0000-00-00',0,'','','',0,'','',''),(189,188,'Like Eclesiana S','','0000-00-00',0,'','','',0,'91011610','',''),(190,189,'Ong Hwee San','','0000-00-00',0,'','','',0,'','',''),(191,190,'Endang H','','0000-00-00',0,'','','',0,'','',''),(192,191,'Yeny Kosalea','','0000-00-00',0,'','','',0,'08883200715','',''),(193,192,'Esther Widjaja','','0000-00-00',0,'','','',0,'','',''),(194,193,'Tjiang Lavina','','0000-00-00',0,'','','',0,'','',''),(195,194,'Martha Hedi T','','0000-00-00',0,'','','',0,'08883000162','',''),(196,195,'Linda','','0000-00-00',0,'','','',0,'','',''),(197,196,'Lanny Indrawati','','0000-00-00',0,'','','',0,'','',''),(198,197,'Daisy Djajanegara','','0000-00-00',0,'','','',0,'8712368','',''),(199,198,'Lely Anita','','0000-00-00',0,'','','',0,'71266471','',''),(200,199,'Maya Amelia T','','0000-00-00',0,'','','',0,'71029096','',''),(201,200,'Indahwati Sidharta','','0000-00-00',0,'','','',0,'08123181788','',''),(202,201,'Inggrid Cynthiayanti','','0000-00-00',0,'','','',0,'8707980','',''),(203,202,'Nurwati','','0000-00-00',0,'','','',0,'70183169','',''),(204,203,'Ratnasari Nenggala','','0000-00-00',0,'','','',0,'5932186','',''),(205,204,'Nanik','','0000-00-00',0,'','','',0,'08814300427','',''),(206,205,'Melia Budiman','','0000-00-00',0,'','','',0,'0811379741','',''),(207,206,'Olivia Widyastuti','','0000-00-00',0,'','','',0,'70982630','',''),(208,207,'Irene Christy','','0000-00-00',0,'','','',0,'083831188888','',''),(209,208,'Jenny Oktavia','','0000-00-00',0,'','','',0,'081330367128','',''),(210,209,'Oktavia E','','0000-00-00',0,'','','',0,'081234051985','',''),(211,210,'Deny Bumiwati','','0000-00-00',0,'','','',0,'03170028800','',''),(212,211,'Lanny Mawarti','','0000-00-00',0,'','','',0,'0818301228','',''),(215,214,'Njo Ai Ling','','0000-00-00',0,'','','',0,'082139568687','',''),(216,215,'Njo Elvi','','0000-00-00',0,'','','',0,'70997899','',''),(217,216,'Ika Yunita','','0000-00-00',0,'','','',0,'08125172222','',''),(218,217,'Susi Irawati','','0000-00-00',0,'','','',0,'08165405658','',''),(219,218,'Thessa Lonica','','0000-00-00',0,'','','',0,'70300874','',''),(220,219,'Surjanti Wati','','0000-00-00',0,'','','',0,'0811343386','',''),(221,220,'Puspita Dewi','','0000-00-00',0,'','','',0,'0811336358','',''),(222,221,'Vonny Kamdari','','0000-00-00',0,'','','',0,'08165458699','',''),(223,222,'Tan Melissa','','0000-00-00',0,'','','',0,'087851766889','',''),(224,223,'Yenny Muliany Legimin','','0000-00-00',0,'','','',0,'0818395833','',''),(225,224,'Tan Djoen Ing','','0000-00-00',0,'','','',0,'0818523734','',''),(226,225,'Sherly Djiady','','0000-00-00',0,'','','',0,'08161138888','',''),(227,226,'Silvya Suherman','','0000-00-00',0,'','','',0,'08161138888','',''),(228,227,'Merry Frans','','0000-00-00',0,'','','',0,'081809000907','',''),(229,228,'Susantini','','0000-00-00',0,'','','',0,'08121656820','',''),(230,229,'Joe Soe San','','0000-00-00',0,'','','',0,'0818339620','',''),(231,230,'Suzana Dewi','','0000-00-00',0,'','','',0,'0811333818','',''),(232,231,'Ruth Ningsih','','0000-00-00',0,'','','',0,'081235071000','',''),(233,232,'Elisabeth Tjioe','','0000-00-00',0,'','','',0,'08123130118','',''),(235,234,'Lita Sumarno','','0000-00-00',0,'','','',0,'0811328719','',''),(236,235,'Shirly S','','0000-00-00',0,'','','',0,'08583030309','',''),(237,236,'Yenny Gunawan','','0000-00-00',0,'','','',0,'70263611','',''),(238,237,'Sisca','','0000-00-00',0,'','','',0,'','',''),(239,238,'Lim Angnes','','0000-00-00',0,'','','',0,'','',''),(240,239,'Linda','','0000-00-00',0,'','','',0,'','',''),(242,241,'Yuliana Gunawan','','0000-00-00',0,'','','',0,'0811376994','',''),(243,242,'Henny Lao.T','','0000-00-00',0,'','','',0,'816509019','',''),(244,243,'Liao Chiung Yu','','0000-00-00',0,'','','',0,'081234076087','',''),(245,244,'Lie-Lie San','','0000-00-00',0,'','','',0,'','',''),(246,245,'Yuniarti Agnes','','0000-00-00',0,'','','',0,'03160570175','',''),(247,246,'Lily Indrawati','','0000-00-00',0,'','','',0,'08155088888','',''),(248,247,'Melinda Wijaya','','0000-00-00',0,'','','',0,'0811307093','',''),(249,248,'Megawati','','0000-00-00',0,'','','',0,'','',''),(250,249,'Patricia','','0000-00-00',0,'','','',0,'081615415439','',''),(251,250,'Erni Tjandra','','0000-00-00',0,'','','',0,'0811374379','',''),(252,251,'MV Ivonne','','0000-00-00',0,'','','',0,'087851515511','',''),(253,252,'Ev.Tarmina','','0000-00-00',0,'','','',0,'08165405725','',''),(254,253,'Alice Lindra','','0000-00-00',0,'','','',0,'081330678168','',''),(255,254,'Maria Susanti','','0000-00-00',0,'','','',0,'0811307273','',''),(256,255,'Funny Natasya','','0000-00-00',0,'','','',0,'08121330000','',''),(257,256,'Mirah','','0000-00-00',0,'','','',0,'0818324335','',''),(258,257,'Khe Merry','','0000-00-00',0,'','','',0,'081332012012','',''),(259,258,'Patricia Surjani','','0000-00-00',0,'','','08123020331',0,'','',''),(260,259,'Fei Fei','','0000-00-00',0,'','','',0,'0818319788','',''),(261,260,'Selia Widjaja','','0000-00-00',0,'','','',0,'08123250116','',''),(262,261,'Erliza Lasty','','0000-00-00',0,'','','',0,'08123231345','',''),(263,262,'Sri Hayuni Basri','','0000-00-00',0,'','','',0,'0811326381','',''),(264,263,'Sofia Ekawati','','0000-00-00',0,'','','',0,'0818749295','',''),(265,264,'Silvi Sandari','','0000-00-00',0,'','','',0,'08123035091','',''),(266,265,'Indah Ninggsih','','0000-00-00',0,'','','',0,'0818333988','',''),(267,266,'Sinaryawati','','0000-00-00',0,'','','',0,'0811312321','',''),(268,267,'Widyawati, SE','','0000-00-00',0,'','','',0,'08133160607','',''),(269,268,'Luanny Anggapranata','','0000-00-00',0,'','','',0,'0816514074','',''),(270,269,'Daisy Djajanegara','','0000-00-00',0,'','','',0,'081332174377','',''),(271,270,'Hermina Sutjipto','','0000-00-00',0,'','','',0,'08123005397','',''),(272,271,'Indrawati','','0000-00-00',0,'','','',0,'77725888','',''),(273,272,'Elin Gunadi','','0000-00-00',0,'','','',0,'5923949','',''),(274,273,'Cecilia.A','','0000-00-00',0,'','','',0,'08123002833','',''),(275,274,'Yeny Kosalea','','0000-00-00',0,'','','',0,'08883200715','',''),(276,275,'Silvia Dewi','','0000-00-00',0,'','','',0,'087855004799','',''),(277,276,'Lely Anita','','0000-00-00',0,'','','',0,'71266471','',''),(278,277,'Gani Lilyani','','0000-00-00',0,'','','',0,'70596601','',''),(279,278,'Mona','','0000-00-00',0,'','','',0,'60953790','',''),(280,279,'','','0000-00-00',0,'','','',0,'','',''),(281,280,'Tjioe Giok Lioe','','0000-00-00',0,'','','',0,'0811309268','',''),(282,281,'Drg.Fenella','','0000-00-00',0,'','','',0,'08385566688','',''),(283,282,'Linawati Kumala','','0000-00-00',0,'','','',0,'7316202','',''),(284,283,'Linawati Kumala','','0000-00-00',0,'','','',0,'08123014568','',''),(285,284,'Tan Djoen Ing','','0000-00-00',0,'','','',0,'0818523734','',''),(286,285,'Rini Marita.S','','0000-00-00',0,'','','',0,'081553175268','',''),(287,286,'Sofia Ekawati','','0000-00-00',0,'','','',0,'0215854601','',''),(288,287,'Irena Amalia','','0000-00-00',0,'','','',0,'0811327851','',''),(289,288,'Lyfangda Widjaja','','0000-00-00',0,'','','',0,'0811334020','',''),(290,289,'Susy Indriati','','0000-00-00',0,'','','',0,'085850743999','',''),(291,290,'Merry Frans','','0000-00-00',0,'','','',0,'081809000907','',''),(292,291,'Shirly Suganda','','0000-00-00',0,'','','',0,'0811379996','',''),(293,292,'Julianne','','0000-00-00',0,'','','',0,'0818576988','',''),(294,293,'Khe Merry','','0000-00-00',0,'','','',0,'081332012012','',''),(295,294,'Liao Chiung Yu','','0000-00-00',0,'','','',0,'081234076087','',''),(296,295,'Sandra Halim','','0000-00-00',0,'','','',0,'77887789','',''),(297,296,'','','0000-00-00',0,'','','',0,'','',''),(298,297,'Yetty Hartanto','','0000-00-00',0,'','','',0,'08123585960','',''),(299,298,'Caroline Haryono','','0000-00-00',0,'','','',0,'0811336100','',''),(300,299,'Pang Sien Fang','','0000-00-00',0,'','','',0,'70339797','',''),(301,300,'','','0000-00-00',0,'','','',0,'','',''),(302,301,'Aju Trisna','','0000-00-00',0,'','','',0,'0816518151','',''),(303,302,'Puji Shiarfin','','0000-00-00',0,'','','',0,'','',''),(304,303,'Natasya Widjaja','','0000-00-00',0,'','','',0,'08113438888','',''),(305,304,'Yenny','','0000-00-00',0,'','','',0,'085233861308','',''),(367,366,'Ambar Metasari','','0000-00-00',0,'','','',0,'081993355413','',''),(372,371,'Herlina','','0000-00-00',0,'','','',0,'087853398417','',''),(373,372,'Debby Parwanto','','0000-00-00',0,'','','',0,'08123292980','',''),(374,373,'Vienna Wu','','0000-00-00',0,'','','',0,'081331058111','',''),(375,374,'Lidya Lewi Santoso','','0000-00-00',0,'','','',0,'0811340082','',''),(376,375,'Ineke Salim','','0000-00-00',0,'','','',0,'08123180059','',''),(377,376,'Enry','','0000-00-00',0,'','','',0,'0811309195','',''),(378,377,'Laurent Gunawan','','0000-00-00',0,'','','',0,'08175200788','',''),(379,378,'Selvia Anggraini','','0000-00-00',0,'','','',0,'0819806689','',''),(380,379,'Ervin','','0000-00-00',0,'','','',0,'08113520903','',''),(381,380,'Leny Damayanti Hartono','','0000-00-00',0,'','','',0,'08123043631','',''),(382,381,'Selvy Fantoro','','0000-00-00',0,'','','',0,'081330045153','',''),(383,382,'Vilan Oktafia','','0000-00-00',0,'','','',0,'0818326779','',''),(384,383,'Tan Djoen Ing','','0000-00-00',0,'','','',0,'0818523734','',''),(385,384,'Ester Yuliana','','0000-00-00',0,'','','',0,'0811300429','',''),(386,385,'Elly Herawati','','0000-00-00',0,'','','',0,'083854508886','',''),(387,386,'Elizabeth Theogianto','','0000-00-00',0,'','','',0,'0816500653','',''),(388,387,'Nancy Lemanso','','0000-00-00',0,'','','',0,'','',''),(389,388,'Go Ping Ching','','0000-00-00',0,'','','',0,'085850485999','',''),(390,389,'Yati','','0000-00-00',0,'','','',0,'08121216222','',''),(391,390,'Sherly Sudarso','','0000-00-00',0,'','','',0,'08152100812','',''),(392,391,'Linda Wijyogo','','0000-00-00',0,'','','',0,'0818522558','',''),(393,392,'Yuli Indriani','','0000-00-00',0,'','','',0,'70970918','',''),(394,393,'Imelda','','0000-00-00',0,'','','',0,'0818517103','',''),(395,394,'Renata Hilda Rifaie','','0000-00-00',0,'','','',0,'08123030378','',''),(396,395,'Sienny Sinta Dewi','','0000-00-00',0,'','','',0,'0811372556','',''),(397,396,'Yuliana Gunawan','','0000-00-00',0,'','','',0,'0811376994','',''),(398,397,'Shienny Octavia','','0000-00-00',0,'','','',0,'081234512549','',''),(399,398,'Angel Setiawan','','0000-00-00',0,'','','',0,'0811347154','',''),(400,399,'Erlin','','0000-00-00',0,'','','',0,'081515158808','',''),(401,400,'Ratna Juniwati','','0000-00-00',0,'','','',0,'08123541117','',''),(402,401,'Ekawati','','0000-00-00',0,'','','',0,'08123597900','',''),(403,402,'Trisyana Lukito','','0000-00-00',0,'','','',0,'0811341808','',''),(404,403,'Theresia Indrawati','','0000-00-00',0,'','','',0,'03191466667','',''),(409,408,'Nia Sakatika','','0000-00-00',0,'','','',0,'08123208178','',''),(410,409,'The Nita Indah Sari','','0000-00-00',0,'','','',0,'085850007814','',''),(411,410,'Iin Indiyani','','0000-00-00',0,'','','',0,'085850123001','',''),(412,411,'Herliana Lukman','','0000-00-00',0,'','','',0,'0811318094','',''),(413,412,'Atik Susiati','','0000-00-00',0,'','','',0,'','',''),(414,413,'Jelita Irawati','','0000-00-00',0,'','','',0,'0218193002','',''),(415,414,'Kristanti','','0000-00-00',0,'','','',0,'08123011808','',''),(416,415,'Irene Widjaja','','0000-00-00',0,'','','',0,'','',''),(417,416,'Yang Yahui','','0000-00-00',0,'','','',0,'','',''),(418,417,'Cecilia Anastasia','','0000-00-00',0,'','','',0,'','',''),(419,418,'Mira Wijayanti','','0000-00-00',0,'','','',0,'','',''),(420,419,'Jong Yisia','','0000-00-00',0,'','','',0,'082233302955','',''),(421,420,'Lusy Anggraeni','','0000-00-00',0,'','','',0,'0313536789','',''),(422,421,'Leliana Fajar','','0000-00-00',0,'','','',0,'081553210999','',''),(423,422,'Yusiana Limeina Halim','','0000-00-00',0,'','','',0,'083854355549','',''),(424,423,'Ervina Wong','','0000-00-00',0,'','','Karyawan',0,'082231029082','',''),(425,424,'Yuliana','','0000-00-00',0,'','','',0,'','',''),(426,425,'Ana','','0000-00-00',0,'Indonesia','','',0,'','',''),(427,426,'Vivi','','0000-00-00',0,'087852635689','','',0,'','',''),(428,427,'Petra Dewi','','0000-00-00',0,'','','',0,'','',''),(429,428,'Erlina Tjandra','','0000-00-00',0,'','','',0,'','',''),(430,429,'Bety','','0000-00-00',0,'','','',0,'','',''),(431,430,'Shirley Tantiono','','0000-00-00',0,'','','',0,'','',''),(432,431,'Yenni','','0000-00-00',0,'','','',0,'08123036238','',''),(433,432,'Rita Wati','','0000-00-00',0,'','','',0,'','',''),(434,433,'ina','','0000-00-00',0,'','','',0,'081236876980','',''),(435,434,'Siane Prilita','','0000-00-00',0,'','','',0,'','',''),(436,435,'Selvi Tjitarso','','0000-00-00',0,'','','',0,'','',''),(437,436,'Meilinda Efendy','','0000-00-00',0,'','','',0,'','',''),(438,437,'Desy Susanti','','0000-00-00',0,'','','',0,'0818515305','',''),(439,438,'Ellen Sugianto','','0000-00-00',0,'','','',0,'','',''),(440,439,'Susilawaty','','0000-00-00',0,'','','',0,'','',''),(441,440,'Indahwati Halim','','0000-00-00',0,'','','',0,'','',''),(442,441,'Mira Wijayanti','','0000-00-00',0,'','','',0,'','',''),(443,442,'mDessy Christina Hariono','','0000-00-00',0,'','','',0,'8661867','',''),(444,443,'Erlina Tjandra','','0000-00-00',0,'','','',0,'','',''),(445,444,'Retno Susmiharti','','0000-00-00',0,'','','',0,'0811360999','',''),(446,445,'Jenny Hartono','','0000-00-00',0,'','','',0,'','',''),(447,446,'Liliana Fransisca Wahyuni','','0000-00-00',0,'','','',0,'','',''),(448,447,'Erni','','0000-00-00',0,'','','',0,'','',''),(449,448,'Jois Esther','','0000-00-00',0,'','','',0,'','',''),(450,449,'Meilinda Efendy','','0000-00-00',0,'','','',0,'','',''),(451,450,'Vonny Darsono','','0000-00-00',0,'','','',0,'081227728000','',''),(452,451,'Chynthia','','0000-00-00',0,'','','',0,'081331810283','',''),(453,452,'Fera Juwita Sulistyo','','0000-00-00',0,'','','',0,'0818591033','',''),(454,453,'Elshin Imelda','','0000-00-00',0,'','','',0,'085731316399','',''),(455,454,'Njo Ai Ling','','0000-00-00',0,'','','',0,'0818337525','',''),(456,455,'Silvya Suherman','','0000-00-00',0,'','','',0,'081217893893','',''),(457,456,'Elvin Yustine Tanada','','0000-00-00',0,'','','',0,'','',''),(458,457,'Feiliana Ho','','0000-00-00',0,'','','',0,'081331088822','',''),(459,458,'Jessica Jordanius','','0000-00-00',0,'','','',0,'083830171122','',''),(460,459,'Ennie Njoto','','0000-00-00',0,'','','',0,'08123529110','',''),(461,460,'Elvin Yustine Tanada','','0000-00-00',0,'','','',0,'','',''),(462,461,'Iwan Linggawati Soedimo','','0000-00-00',0,'','','',0,'34588432','',''),(463,462,'Ailany Harsono','','0000-00-00',0,'','','',0,'','',''),(464,463,'Juliana YP','','0000-00-00',0,'','','',0,'0816537000','',''),(465,464,'Sianne Phwa','','0000-00-00',0,'','','',0,'08123027797','',''),(466,465,'Ervin Arianti Hardiman','','0000-00-00',0,'','','',0,'0818751332','',''),(467,466,'Olivia Margaretha','','0000-00-00',0,'','','',0,'08165403555','',''),(468,467,'Christian Thenata','','0000-00-00',0,'','','',0,'0811316918','',''),(469,468,'Tan May Ling','','0000-00-00',0,'','','',0,'0818510668','',''),(470,469,'Ilona Kartika Wijaya','','0000-00-00',0,'','','',0,'0818504548','',''),(471,470,'Fanny Gondo','','0000-00-00',0,'','','',0,'081230887777','',''),(472,471,'Mira Meirina','','0000-00-00',0,'','','',0,'08113642188','',''),(473,472,'Maria Octavia Sunur','','0000-00-00',0,'','','',0,'08553000518','',''),(474,473,'Santi Dermawan','','0000-00-00',0,'','','',0,'08165474609','',''),(475,474,'Zhang Lei','','0000-00-00',0,'','','',0,'087823965353','',''),(476,475,'Kurnia Widyastuty','','0000-00-00',0,'','','',0,'0811312802','',''),(477,476,'Ineke','','0000-00-00',0,'','','',0,'08155127772','',''),(478,477,'Lie Lily','','0000-00-00',0,'','','',0,'081808628727','',''),(479,478,'Lielyana','','0000-00-00',0,'','','',0,'08113636500','',''),(480,479,'Yuniliawati','','0000-00-00',0,'','','',0,'0811309081','',''),(481,480,'Linda','','0000-00-00',0,'','','',0,'0811319121','',''),(482,481,'Tanty Indrawati','','0000-00-00',0,'','','',0,'0811344165','',''),(483,482,'Tanty Dyana','','0000-00-00',0,'','','',0,'0818307675','',''),(484,483,'Linda Mariana','','0000-00-00',0,'','','',0,'0816521782','',''),(485,484,'Indah Mayasari','','0000-00-00',0,'','','',0,'081234569078','',''),(486,485,'Vonny Darsono','','0000-00-00',0,'','','',0,'08155183993','',''),(487,486,'Lucyadevi','','0000-00-00',0,'','','',0,'91144123','',''),(488,487,'Nilawati','','0000-00-00',0,'','','',0,'0818301734','',''),(489,488,'Mikewati Kory','','0000-00-00',0,'','','',0,'','',''),(490,489,'Ernawati Soenjoto','','0000-00-00',0,'','','',0,'0816535318','',''),(491,490,'Shierly Lionita','','0000-00-00',0,'','','',0,'70773658','',''),(492,491,'Inge Andryanto Tjoeng','','0000-00-00',0,'','','',0,'0811333076','',''),(493,492,'Kwince Sudany','','0000-00-00',0,'','','',0,'081330218453','',''),(494,493,'Ineke Hendrawati','','0000-00-00',0,'','','',0,'','',''),(495,494,'Vera Sumargo','','0000-00-00',0,'','','',0,'081330618786','',''),(496,495,'Waly Santoso','','0000-00-00',0,'','','',0,'0811849684','',''),(497,496,'Po Ling Lindajati','','0000-00-00',0,'','','',0,'081330742592','',''),(498,497,'Mariana','','0000-00-00',0,'','','',0,'0818583055','',''),(499,498,'Ester Agustinawati','','0000-00-00',0,'','','',0,'0811343449','',''),(500,499,'Tjioe Elias Jayanti','','0000-00-00',0,'','','',0,'082128003888','',''),(501,500,'','','0000-00-00',0,'','','',0,'','',''),(502,501,'Widyawati Widarto,S.E','','0000-00-00',0,'','','',0,'081331606057','',''),(503,502,'Irene Christy Sugiarto','','0000-00-00',0,'','','',0,'','',''),(504,503,'Njo Elvi','','0000-00-00',0,'','','',0,'70997899','',''),(505,504,'Jenny Wirokesumo','','0000-00-00',0,'','','',0,'087852269999','',''),(506,505,'Fanny Lily','','0000-00-00',0,'','','',0,'081332928862','',''),(509,508,'One Remmayanti,S.S','','0000-00-00',0,'','','',0,'088217040072','',''),(510,509,'Phe Caroline Yulia','','0000-00-00',0,'','','',0,'0811379918','',''),(511,510,'Elmeisari Winata','','0000-00-00',0,'','','',0,'70612935','',''),(512,511,'Aprillia Andriani','','0000-00-00',0,'','','',0,'08175282683','',''),(513,512,'Leny Chandra','','0000-00-00',0,'','','',0,'0818399396','',''),(514,513,'Patricia Surjani Handoyosaputro','','0000-00-00',0,'','','',0,'08123020331','',''),(515,514,'Fani Natalia','','0000-00-00',0,'','','',0,'0811373848','',''),(516,515,'Shumanly Melinda Jayadi','','0000-00-00',0,'','','',0,'','',''),(517,516,'Michelle Yoke Quardona Sundara','','0000-00-00',0,'','','',0,'0818500809','',''),(518,517,'Sumiwati','','0000-00-00',0,'','','',0,'','',''),(519,518,'Yuliana Salim','','0000-00-00',0,'','','',0,'08162999','',''),(520,519,'Sophia Brigitte Haryono, Kie','','0000-00-00',0,'','','',0,'081553236888','',''),(521,520,'Sofy Narulita','','0000-00-00',0,'','','',0,'081252843079','',''),(522,521,'Vivit Magaret Sanjoto','','0000-00-00',0,'','','',0,'0317313124','',''),(523,522,'Pinifarina','','0000-00-00',0,'','','',0,'0811311299','',''),(524,523,'Ambar Metasari','','0000-00-00',0,'','','',0,'081993355413','',''),(525,524,'Magdalena','','0000-00-00',0,'','','',0,'0811319688','',''),(526,525,'Josephine Rasjid Gandha','','0000-00-00',0,'','','',0,'087853279060','',''),(527,526,'Herlina Thisnawati','','0000-00-00',0,'','','',0,'082143564750','',''),(528,527,'Anik Sustinah','','0000-00-00',0,'','','',0,'08224446739','',''),(529,528,'Jenny Hartanto','','0000-00-00',0,'','','',0,'081331718181','',''),(530,529,'Lince Rosalita','','0000-00-00',0,'','','',0,'085850315222','',''),(531,530,'Laniana','','0000-00-00',0,'','','',0,'087851661260','',''),(533,532,'Jelly Tanoto','','0000-00-00',0,'','','',0,'03170708818','',''),(534,533,'Sriwati Chandra','','0000-00-00',0,'','','',0,'0816520900','',''),(535,534,'Munigawati Wijaya','','0000-00-00',0,'','','',0,'0817325868','',''),(536,535,'Emil Ryanna Widjaja','','0000-00-00',0,'','','',0,'0811372292','',''),(537,536,'Laura Tantomo','','0000-00-00',0,'','','',0,'08123276130','',''),(538,537,'Martinah','','0000-00-00',0,'','','',0,'085755068888','',''),(539,538,'Liem Yuliana','','0000-00-00',0,'','','',0,'08123503117','',''),(540,539,'Pinny Mustikawati','','0000-00-00',0,'','','',0,'0811310809','',''),(541,540,'Lyfangda Widjaja','','0000-00-00',0,'','','',0,'0811334020','',''),(542,541,'Yuvita Siswanto','','0000-00-00',0,'','','',0,'08165440352','',''),(543,542,'Ko Ester Yuliana','','0000-00-00',0,'','','',0,'0811300429','',''),(544,543,'Oey Erlina Kurniawati','','0000-00-00',0,'','','',0,'081357555168','',''),(545,544,'Santy','','0000-00-00',0,'','','',0,'0818339014','',''),(546,545,'Windy Tjan','','0000-00-00',0,'','','',0,'081331359000','',''),(547,546,'Herlina Tanujaya','','0000-00-00',0,'','','',0,'03171018100','',''),(548,547,'Lisa Wardhani','','0000-00-00',0,'','','',0,'087851287890','',''),(549,548,'Rostanti Kodrat','','0000-00-00',0,'','','',0,'081330532568','',''),(550,549,'Herdi Kabaena','','0000-00-00',0,'','','',0,'08133137506','',''),(551,550,'Jessy Natalia Gunawan','','0000-00-00',0,'','','',0,'081330497196','',''),(552,551,'Elly Tedjo','','0000-00-00',0,'','','',0,'08113643668','',''),(553,552,'Shierly Soeharsono','','0000-00-00',0,'','','',0,'081556688266','',''),(554,553,'Ivy','','0000-00-00',0,'','','',0,'085257957288','',''),(555,554,'Kwince Sudarly','','0000-00-00',0,'','','',0,'08123247601','',''),(556,555,'Uly Dame Ambarita','','0000-00-00',0,'','','',0,'081331581477','',''),(557,556,'Lesly Tanizar','','0000-00-00',0,'','','',0,'08123000288','',''),(558,557,'Sze To Tje In','','0000-00-00',0,'','','',0,'0818393323','',''),(559,558,'Lilies Tianus','','0000-00-00',0,'','','',0,'0811320069','',''),(560,559,'Early Susan','','0000-00-00',0,'','','',0,'08123545845','',''),(561,560,'Ernawati','','0000-00-00',0,'','','',0,'08113547820','',''),(562,561,'Jap Putri Yuliana Ingrid','','0000-00-00',0,'','','',0,'085336771901','',''),(563,562,'Lina Wati','','0000-00-00',0,'','','',0,'081234560580','',''),(564,563,'Shelley Gunawan','','0000-00-00',0,'','','',0,'0818306652','',''),(565,564,'Lily Fujiwati','','0000-00-00',0,'','','',0,'082131882688','',''),(566,565,'Mariana Kasrun','','0000-00-00',0,'','','',0,'0818583055','',''),(567,566,'Cyntiawati','','0000-00-00',0,'','','',0,'0811348353','',''),(568,567,'Anita Chandra','','0000-00-00',0,'','','',0,'','',''),(569,568,'Sianne Soehartono','','0000-00-00',0,'','','',0,'0811341122','',''),(570,569,'Aprillia Andriani','','0000-00-00',0,'','','',0,'0811341122','',''),(571,570,'Tan May Ling','','0000-00-00',0,'','','',0,'082138880888','',''),(572,571,'Evi Trisnawati','','0000-00-00',0,'','','',0,'085230388088','',''),(573,572,'Indah Iskandar Gunawan','','0000-00-00',0,'','','',0,'','',''),(574,573,'Fanny Rahardja','','0000-00-00',0,'','','',0,'081357859238','',''),(575,574,'Ester Agustinawati','','0000-00-00',0,'','','',0,'0811343449','',''),(576,575,'Syenti Dewi','','0000-00-00',0,'','','',0,'083856225558','',''),(577,576,'Inge Andryanto','','0000-00-00',0,'','','',0,'089675801213','',''),(578,577,'Eileen Setiono','','0000-00-00',0,'','','',0,'08179877888','',''),(579,578,'Novie Wulansari','','0000-00-00',0,'','','',0,'70350023','',''),(580,579,'Alisni','','0000-00-00',0,'','','',0,'081357083000','',''),(581,580,'Meylinda','','0000-00-00',0,'','','',0,'081332809999','',''),(582,581,'Yulliana','','0000-00-00',0,'','','',0,'0811372988','',''),(583,582,'Prany Riniwati','','0000-00-00',0,'','','',0,'08123263173','',''),(584,583,'Indrawati Kangmartono','','0000-00-00',0,'','','',0,'08123515838','',''),(585,584,'Maria Indahwati K.','','0000-00-00',0,'','','',0,'','',''),(586,585,'Fanny Gondo','','0000-00-00',0,'','','',0,'081230887777','',''),(587,586,'Lenny Savira','','0000-00-00',0,'','','',0,'08123538575','',''),(588,587,'Kong Fanny Rahardja','','0000-00-00',0,'','','',0,'085850473555','',''),(589,588,'Yuni Hartati Kurnia','','0000-00-00',0,'','','',0,'082139018482','',''),(590,589,'Dameria Frisella S,SH,M.Hum','','0000-00-00',0,'','','',0,'08123078623','',''),(591,590,'Linda','','0000-00-00',0,'','','',0,'0811319121','',''),(592,591,'Erlin','','0000-00-00',0,'','','',0,'0811325024','',''),(593,592,'He Ling Fang','','0000-00-00',0,'','','',0,'081615218608','',''),(594,593,'Meilyta','','0000-00-00',0,'','','',0,'0811308664','',''),(595,594,'Tio Irene Tjandra','','0000-00-00',0,'','','',0,'70903201','',''),(596,595,'Nini Alijhonlay','','0000-00-00',0,'','','',0,'081331278585','',''),(597,596,'Meliana Jayadi','','0000-00-00',0,'','','',0,'081332003829','',''),(598,597,'Erlina Kurniawati','','0000-00-00',0,'','','',0,'71037085','',''),(599,598,'Dewi Kartika','','0000-00-00',0,'','','',0,'','',''),(600,599,'Lin Yun','','0000-00-00',0,'','','',0,'','',''),(601,600,'Ingrid Angdy','','0000-00-00',0,'','','',0,'0811308256','',''),(602,601,'Yulita Sumatri','','0000-00-00',0,'','','',0,'08123533905','',''),(603,602,'Laurent Gunawan','','0000-00-00',0,'','','',0,'33586289','',''),(604,603,'Yetty Hartanto','','0000-00-00',0,'','','',0,'0812358960','',''),(605,604,'elly Tedjo','','0000-00-00',0,'','','',0,'0818314687','',''),(606,605,'Sandradevi Tedjokusumo','','0000-00-00',0,'','','',0,'91000775','',''),(607,606,'Widyanti','','0000-00-00',0,'','','',0,'08113422308','',''),(608,607,'Felicia Hadiwibowo','','0000-00-00',0,'','','',0,'08123006688','',''),(609,608,'Sandra Sudjianto','','0000-00-00',0,'','','',0,'','',''),(610,609,'Lielyana Tjakra','','0000-00-00',0,'','','',0,'081332636500','',''),(611,610,'Dewi Anggrajeni','','0000-00-00',0,'','','',0,'','',''),(612,611,'Mike Tandjaya','','0000-00-00',0,'','','',0,'0812351988','',''),(613,612,'Early Anggraeni','','0000-00-00',0,'','','',0,'70917272','',''),(614,613,'Wenny Tanderiel','','0000-00-00',0,'','','',0,'08883134343','',''),(615,614,'Lilik Andarwati S','','0000-00-00',0,'','','',0,'0817328189','',''),(616,615,'Ratnasiwi','','0000-00-00',0,'','','',0,'08123142838','',''),(617,616,'Liauw Catur Wulan S.','','0000-00-00',0,'','','',0,'','',''),(618,617,'Finie Irawati Prayogo','','0000-00-00',0,'','','',0,'0811309900','',''),(619,618,'Lily Angdi','','0000-00-00',0,'','','',0,'08123461819','',''),(620,619,'Susy Dewi','','0000-00-00',0,'','','',0,'','',''),(621,620,'Vonny Kamdari','','0000-00-00',0,'','','',0,'08165458699','',''),(622,621,'Natasya Widjaja','','0000-00-00',0,'','','',0,'08113438888','',''),(623,622,'Melita Felicia Limantoro','','0000-00-00',0,'','','',0,'0817309411','',''),(624,623,'Debora Indrawati NJOTO','','0000-00-00',0,'','','',0,'081357675777','',''),(625,624,'Caroline Yulia Phe','','0000-00-00',0,'','','',0,'0811379918','',''),(626,625,'Suzana Dewi WIDJAJA','','0000-00-00',0,'','','',0,'0811333818','',''),(627,626,'Yati','','0000-00-00',0,'','','',0,'08121216222','',''),(628,627,'Santi Yuliana Widjaja','','0000-00-00',0,'','','',0,'081332112212','',''),(629,628,'Mikewati Kory','','0000-00-00',0,'','','',0,'70048701','',''),(630,629,'Hungnywati','','0000-00-00',0,'','','',0,'70613812','',''),(631,630,'Go Lee Tin','','0000-00-00',0,'','','',0,'08123000299','',''),(632,631,'Jein Vanda','','0000-00-00',0,'','','',0,'0816210658','',''),(633,632,'Tio Irene Tjandra','','0000-00-00',0,'','','',0,'0811311224','',''),(634,633,'Kristanti','','0000-00-00',0,'','','',0,'08123011808','',''),(635,634,'Aju Trisna Tjakra','','0000-00-00',0,'','','',0,'','',''),(636,635,'Anik Tanjong','','0000-00-00',0,'','','',0,'0811329395','',''),(637,636,'085755300600','','0000-00-00',0,'','','',0,'','',''),(638,637,'OEI Yanti','','0000-00-00',0,'','','',0,'08123520430','',''),(639,638,'Ratnasiwi','','0000-00-00',0,'','','',0,'08123142838','',''),(640,639,'Melisa Santoso','','0000-00-00',0,'','','',0,'0811349595','',''),(641,640,'Herlina Trisnawaty','','0000-00-00',0,'','','',0,'081216932089','',''),(642,641,'Hou Amy Tanoto','','0000-00-00',0,'','','',0,'08165428795','',''),(643,642,'LAUW Caroline Lauda','','0000-00-00',0,'','','',0,'081330508970','',''),(644,643,'Maria Indahwati KOSASIH','','0000-00-00',0,'','','',0,'08123012355','',''),(645,644,'Lita Sumarno','','0000-00-00',0,'','','',0,'0811328719','',''),(646,645,'Melia Wijaya','','0000-00-00',0,'','','',0,'08155105168','',''),(647,646,'Alisni','','0000-00-00',0,'','','',0,'081357083000','',''),(648,647,'Shirly Maria Yuniwati','','0000-00-00',0,'','','',0,'087846506888','',''),(649,648,'Tinawati Winarto','','0000-00-00',0,'','','',0,'081330223939','',''),(650,649,'Effie WIKANTA','','0000-00-00',0,'','','',0,'08155296789','',''),(651,650,'Juni Harjati','','0000-00-00',0,'','','',0,'70960788','',''),(652,651,'Jenny Susanto','','0000-00-00',0,'','','',0,'','',''),(653,652,'LIE Herliana Lukman','','0000-00-00',0,'','','',0,'0811318094','',''),(654,653,'Cecilia SOEDIBYO','','0000-00-00',0,'','','',0,'0816518424','',''),(655,654,'L. Catur Wulan S.','','0000-00-00',0,'','','',0,'','',''),(656,655,'HAUW Lilies Tianus','','0000-00-00',0,'','','',0,'0811320069','',''),(657,656,'Jauw Jessica','','0000-00-00',0,'','','',0,'0811310850','',''),(658,657,'LO Sianne Soehartono','','0000-00-00',0,'','','',0,'0811372233','',''),(659,658,'Lenny Lolo','','0000-00-00',0,'','','',0,'087823965353','',''),(660,659,'KENG Indati','','0000-00-00',0,'','','',0,'08165402057','',''),(661,660,'Sunarti','','0000-00-00',0,'','','',0,'0816524200','',''),(662,661,'Shierly Soeharsono','','0000-00-00',0,'','','',0,'70887888','',''),(663,662,'Anggraini Linggodigdo','','0000-00-00',0,'','','',0,'0818300368','',''),(664,663,'Ariyanti Kusuma Dewi','','0000-00-00',0,'','','',0,'085230305555','',''),(665,664,'Yenny Gunawan','','0000-00-00',0,'','','',0,'','',''),(666,665,'Thoeng Evina','','0000-00-00',0,'','','',0,'08123007429','',''),(667,666,'Melia Wijaya','','0000-00-00',0,'','','',0,'08155105168','',''),(668,667,'Vita Lianto','','0000-00-00',0,'','','',0,'0811342893','',''),(669,668,'Santi Dermawan Natalia','','0000-00-00',0,'','','',0,'08165414609','',''),(670,669,'LAUW Caroline Lauda','','0000-00-00',0,'','','',0,'081330508970','',''),(671,670,'Megawati Gunawan','','0000-00-00',0,'','','',0,'0818337048','',''),(672,671,'Linda Tanuwidjaja','','0000-00-00',0,'','','',0,'081330328686','',''),(673,672,'LIM Melita Felicia Limantoro','','0000-00-00',0,'','','',0,'0817309422','',''),(674,673,'Thessalonica','','0000-00-00',0,'','','',0,'70300874','',''),(675,674,'Ratna Juniwati','','0000-00-00',0,'','','',0,'08123541117','',''),(676,675,'Sandra Sudjianto','','0000-00-00',0,'','','',0,'081331333165','',''),(677,676,'Meria Wati WIRONO','','0000-00-00',0,'','','',0,'0811317737','',''),(678,677,'Uly Dame Ria Ambarita','','0000-00-00',0,'','','',0,'081331501878','',''),(679,678,'Carolline WIDJAJA','','0000-00-00',0,'','','',0,'0811308850','',''),(680,679,'Rini Yulia Winta','','0000-00-00',0,'','','',0,'083856403180','',''),(681,680,'Ineke Hendrawati','','0000-00-00',0,'','','',0,'71035555','',''),(682,681,'Susanti','','0000-00-00',0,'','','',0,'08155022723','',''),(683,682,'Herlina Tanujaya','','0000-00-00',0,'','','',0,'08123598020','',''),(684,683,'Irene Amalia','','0000-00-00',0,'','','',0,'0811327851','',''),(685,684,'Lanny Tan','','0000-00-00',0,'','','',0,'08123224787','',''),(686,685,'Finie Irawati Prayogo','','0000-00-00',0,'','','',0,'0811309900','',''),(687,686,'Deny Bumiwati','','0000-00-00',0,'','','',0,'','',''),(688,687,'Lyfangda Widjaja','','0000-00-00',0,'','','',0,'0811334020','',''),(689,688,'Indawati Tjipto','','0000-00-00',0,'','','',0,'0811310818','',''),(690,689,'Tan May Ling','','0000-00-00',0,'','','',0,'0818510668','',''),(691,690,'Lanita Christina','','0000-00-00',0,'','','',0,'08123022335','',''),(692,691,'Tan Melissa FT','','0000-00-00',0,'','','',0,'08165409467','',''),(693,692,'Po Ling Lindajati','','0000-00-00',0,'','','',0,'','',''),(694,693,'Evawati Koesnadi','','0000-00-00',0,'','','',0,'','',''),(695,694,'Debora Terang Miniang','','0000-00-00',0,'','','',0,'081332055002','',''),(696,695,'Sherly Djiady Djie','','0000-00-00',0,'','','',0,'08161138888','',''),(697,696,'Joe Soe San','','0000-00-00',0,'','','',0,'0818339620','',''),(698,697,'Shirley Liz Megawati Tantry Mutualam','','0000-00-00',0,'','','',0,'081230555100','',''),(699,698,'Elly Gunawan7530 678','','0000-00-00',0,'','','',0,'08165420277','',''),(700,699,'Enny Sunarti','','0000-00-00',0,'','','',0,'0816521200','',''),(701,700,'Effie Wikanto','','0000-00-00',0,'','','',0,'70450707','',''),(702,701,'Jauw Jessica','','0000-00-00',0,'','','',0,'0811310850','',''),(703,702,'Yohana Sihen Bundong','','0000-00-00',0,'','','',0,'08123215073','',''),(704,703,'Vivi Soehartin','','0000-00-00',0,'','','',0,'08123530298','',''),(705,704,'Lucyadevi','','0000-00-00',0,'','','',0,'91144123','',''),(706,705,'Tanty Indrawati','','0000-00-00',0,'','','',0,'0811344165','',''),(707,706,'Irene Widjaja','','0000-00-00',0,'','','',0,'0817368333','',''),(708,707,'Pinny Mustikawati','','0000-00-00',0,'','','',0,'0811310809','',''),(709,708,'Lily Suzanna','','0000-00-00',0,'','','',0,'','',''),(710,709,'Henny Lao Tambuwun','','0000-00-00',0,'','','',0,'70699019','',''),(711,710,'Fancy Boedisetiolani','','0000-00-00',0,'','','',0,'0811378881','',''),(712,711,'Liem Lenny Widiawati','','0000-00-00',0,'','','',0,'0811376877','',''),(713,712,'Evi Agustin Suwandi','','0000-00-00',0,'','','',0,'08123243227','',''),(714,713,'Aju Trisna Tjakra','','0000-00-00',0,'','','',0,'0816518151','',''),(715,714,'Sianne Dharmanto Siandy','','0000-00-00',0,'','','',0,'08123507070','',''),(716,715,'Caroline Lauda','','0000-00-00',0,'','','',0,'081330508970','',''),(717,716,'Tan Djoen Ing (Ingrid)','','0000-00-00',0,'','','',0,'0818523734','',''),(718,717,'Tan Djoen Ing (Ingrid)','','0000-00-00',0,'','','',0,'0818523734','',''),(719,718,'MV. Ivonne','','0000-00-00',0,'','','',0,'70997343','',''),(720,719,'Natasya Widjaja','','0000-00-00',0,'','','',0,'08113438888','',''),(721,720,'Yenny Muliany','','0000-00-00',0,'','','',0,'0818395833','',''),(722,721,'Jenny Sulastri Njotorahardjo','','0000-00-00',0,'','','',0,'0811307737','',''),(723,722,'Patricia Gondo Utomo','','0000-00-00',0,'','','',0,'081615415439','',''),(724,723,'Trisyana Lukito','','0000-00-00',0,'','','',0,'0811341808','',''),(725,724,'Go Lee Tin','','0000-00-00',0,'','','',0,'08123000299','',''),(726,725,'Rika Susiani','','0000-00-00',0,'','','',0,'081330680088','',''),(727,726,'Njo Ai Ling','','0000-00-00',0,'','','',0,'08123017701','',''),(728,727,'Ignes Chrisgotami','','0000-00-00',0,'','','',0,'08165431839','',''),(729,728,'Lie San San','','0000-00-00',0,'','','',0,'08165446328','',''),(730,729,'Elisabeth','','0000-00-00',0,'','','',0,'08123130118','',''),(731,730,'Minarni Wartiningsih','','0000-00-00',0,'','','',0,'08123205900','',''),(732,731,'Suzana Dewi Widjaja','','0000-00-00',0,'','','',0,'0811333818','',''),(733,732,'Evy Lindayana','','0000-00-00',0,'','','',0,'','',''),(734,733,'Shieny','','0000-00-00',0,'','','',0,'08121230099','','');
/*!40000 ALTER TABLE `aka_siswa_ibu` ENABLE KEYS */;

#
# Structure for table "aka_siswa_kelas"
#

DROP TABLE IF EXISTS `aka_siswa_kelas`;
CREATE TABLE `aka_siswa_kelas` (
  `replid` int(10) unsigned NOT NULL AUTO_INCREMENT,
  `siswa` int(10) unsigned NOT NULL,
  `kelas` int(10) unsigned NOT NULL,
  PRIMARY KEY (`replid`)
) ENGINE=MyISAM AUTO_INCREMENT=411 DEFAULT CHARSET=latin1;

#
# Data for table "aka_siswa_kelas"
#

/*!40000 ALTER TABLE `aka_siswa_kelas` DISABLE KEYS */;
INSERT INTO `aka_siswa_kelas` VALUES (1,1,1),(2,2,1),(3,4,1),(4,5,2),(5,7,2),(6,1,41),(8,4,41),(10,5,41),(11,7,41),(12,2,101),(18,2,41),(19,186,60),(20,187,60),(21,188,60),(22,189,60),(23,190,60),(24,191,60),(25,192,60),(26,193,60),(27,194,60),(28,195,60),(29,196,60),(43,146,33),(44,147,33),(45,148,33),(46,149,33),(47,150,33),(48,151,33),(49,152,33),(50,153,33),(51,154,33),(52,155,33),(53,156,33),(54,157,33),(55,158,33),(56,159,33),(57,160,33),(58,161,33),(59,162,33),(60,163,33),(61,164,33),(62,165,33),(63,166,34),(64,168,34),(65,167,34),(66,169,34),(67,170,34),(68,171,34),(69,172,34),(70,173,34),(71,174,34),(72,175,34),(73,176,34),(74,177,34),(75,179,34),(76,180,34),(77,183,34),(78,184,34),(79,185,34),(80,204,37),(81,205,37),(82,206,37),(83,207,37),(84,208,37),(85,209,37),(86,210,37),(87,211,37),(88,215,37),(89,220,37),(90,214,37),(91,216,37),(92,217,37),(93,218,37),(94,219,37),(95,221,38),(96,222,38),(97,223,38),(98,224,38),(99,225,38),(100,226,38),(101,227,38),(102,228,38),(103,229,38),(104,230,38),(105,231,38),(106,232,38),(107,236,38),(108,234,38),(109,235,38),(110,197,62),(111,198,62),(112,199,62),(113,200,62),(114,201,62),(115,202,62),(116,203,62),(117,237,62),(118,238,62),(119,239,62),(121,269,46),(123,98,13),(124,314,13),(125,316,13),(126,317,13),(127,318,13),(128,321,13),(129,322,13),(130,323,13),(131,324,13),(132,325,13),(133,305,13),(134,306,13),(135,95,13),(136,86,13),(137,308,13),(138,309,13),(139,310,13),(140,101,13),(142,313,13),(143,315,13),(144,319,13),(145,320,13),(146,344,14),(147,326,14),(148,328,14),(149,329,14),(150,330,14),(151,331,14),(152,332,14),(153,333,14),(154,334,14),(155,335,14),(156,337,14),(157,338,14),(158,339,14),(159,340,14),(160,341,14),(161,342,14),(162,343,14),(163,327,14),(164,345,15),(165,346,15),(166,347,15),(167,348,15),(168,349,15),(169,350,15),(170,351,15),(171,352,15),(172,353,15),(173,354,15),(174,355,15),(175,356,15),(176,357,15),(177,358,15),(178,359,15),(179,360,15),(180,361,15),(181,97,15),(182,363,15),(183,364,15),(184,365,15),(185,366,17),(186,371,17),(187,373,17),(188,374,17),(189,377,17),(190,470,23),(191,467,23),(192,465,23),(193,462,23),(194,459,23),(195,469,23),(196,468,23),(197,464,23),(198,461,23),(199,466,23),(200,463,23),(201,458,23),(202,457,23),(203,488,22),(204,484,22),(205,483,22),(206,475,22),(207,480,22),(208,479,22),(209,487,22),(210,486,22),(211,482,22),(212,481,22),(213,478,22),(214,473,22),(215,485,22),(216,474,22),(217,476,22),(218,472,22),(219,471,22),(220,477,22),(245,684,89),(246,683,89),(247,685,89),(248,686,89),(249,687,89),(250,691,89),(251,695,89),(252,696,89),(253,699,89),(254,700,89),(255,688,89),(256,689,89),(257,690,89),(258,692,89),(259,693,89),(260,698,89),(261,701,89),(262,702,89),(263,703,89),(264,704,89),(265,694,89),(266,697,89),(267,706,89),(268,707,89),(269,709,90),(270,710,90),(271,714,90),(272,715,90),(273,716,90),(274,719,90),(275,720,90),(276,721,90),(277,724,90),(278,725,90),(279,730,90),(280,728,90),(281,708,90),(282,711,90),(283,713,90),(284,718,90),(285,726,90),(286,731,90),(287,732,90),(288,729,90),(289,723,90),(290,722,90),(291,712,90),(292,733,90),(293,727,90),(294,598,86),(295,597,86),(296,595,86),(297,594,86),(298,592,86),(299,590,86),(300,589,86),(301,587,86),(302,586,86),(303,585,86),(304,584,86),(305,583,86),(306,582,86),(307,581,86),(308,593,86),(309,579,86),(310,578,86),(311,580,86),(312,591,86),(313,588,86),(314,596,86),(315,622,85),(316,621,85),(317,620,85),(318,619,85),(319,616,85),(320,615,85),(321,614,85),(322,613,85),(323,612,85),(324,610,85),(325,609,85),(326,608,85),(327,604,85),(328,603,85),(329,602,85),(330,601,85),(331,606,85),(332,605,85),(333,618,85),(334,617,85),(335,611,85),(336,607,85),(337,600,85),(338,599,85),(339,676,83),(340,680,83),(341,629,83),(342,628,83),(343,626,83),(344,624,83),(345,672,83),(346,681,83),(347,682,83),(348,623,83),(349,673,83),(350,674,83),(351,675,83),(352,677,83),(353,678,83),(354,679,83),(355,627,83),(356,625,83),(357,657,82),(358,661,82),(359,663,82),(360,664,82),(361,667,82),(362,655,82),(363,659,82),(364,670,82),(365,671,82),(366,653,82),(367,656,82),(368,660,82),(369,662,82),(370,654,82),(371,658,82),(372,665,82),(373,666,82),(374,668,82),(375,669,82),(376,635,81),(377,636,81),(378,637,81),(379,638,81),(380,639,81),(381,640,81),(382,641,81),(383,642,81),(384,643,81),(385,644,81),(386,645,81),(387,646,81),(388,647,81),(389,648,81),(390,649,81),(391,650,81),(392,651,81),(393,652,81),(394,460,23),(395,630,23),(396,631,23),(397,632,23),(398,633,23),(399,634,23),(400,495,21),(401,494,21),(402,499,21),(403,489,21),(404,490,21),(405,491,21),(406,521,19),(407,520,19),(408,518,19),(409,513,19),(410,519,19);
/*!40000 ALTER TABLE `aka_siswa_kelas` ENABLE KEYS */;

#
# Structure for table "aka_siswa_keluarga"
#

DROP TABLE IF EXISTS `aka_siswa_keluarga`;
CREATE TABLE `aka_siswa_keluarga` (
  `replid` int(10) unsigned NOT NULL AUTO_INCREMENT,
  `siswa` int(10) unsigned NOT NULL,
  `kakek-nama` varchar(100) NOT NULL,
  `kakek-tgllahir` date NOT NULL,
  `nenek-nama` varchar(100) NOT NULL,
  `nenek-tgllahir` date NOT NULL,
  `tglnikah` date NOT NULL,
  PRIMARY KEY (`replid`)
) ENGINE=MyISAM AUTO_INCREMENT=736 DEFAULT CHARSET=latin1;

#
# Data for table "aka_siswa_keluarga"
#

/*!40000 ALTER TABLE `aka_siswa_keluarga` DISABLE KEYS */;
INSERT INTO `aka_siswa_keluarga` VALUES (1,1,'','0000-00-00','','0000-00-00','0000-00-00'),(2,2,'','0000-00-00','','0000-00-00','0000-00-00'),(4,4,'','0000-00-00','','0000-00-00','0000-00-00'),(5,5,'','0000-00-00','','0000-00-00','0000-00-00'),(7,7,'','0000-00-00','','0000-00-00','0000-00-00'),(11,10,'','0000-00-00','','0000-00-00','0000-00-00'),(14,13,'','0000-00-00','','0000-00-00','0000-00-00'),(15,14,'','0000-00-00','','0000-00-00','0000-00-00'),(16,15,'','0000-00-00','','0000-00-00','0000-00-00'),(17,16,'','0000-00-00','','0000-00-00','0000-00-00'),(18,17,'','0000-00-00','','0000-00-00','0000-00-00'),(19,18,'','0000-00-00','','0000-00-00','0000-00-00'),(20,19,'','0000-00-00','','0000-00-00','0000-00-00'),(21,20,'','0000-00-00','','0000-00-00','0000-00-00'),(22,21,'','0000-00-00','','0000-00-00','0000-00-00'),(23,22,'','0000-00-00','','0000-00-00','0000-00-00'),(24,23,'','0000-00-00','','0000-00-00','0000-00-00'),(25,24,'','0000-00-00','','0000-00-00','0000-00-00'),(26,25,'','0000-00-00','','0000-00-00','0000-00-00'),(27,26,'','0000-00-00','','0000-00-00','0000-00-00'),(29,28,'','0000-00-00','','0000-00-00','0000-00-00'),(30,29,'','0000-00-00','','0000-00-00','0000-00-00'),(31,30,'','0000-00-00','','0000-00-00','0000-00-00'),(32,31,'','0000-00-00','','0000-00-00','0000-00-00'),(33,32,'','0000-00-00','','0000-00-00','0000-00-00'),(34,33,'','0000-00-00','','0000-00-00','0000-00-00'),(35,34,'','0000-00-00','','0000-00-00','0000-00-00'),(36,35,'','0000-00-00','','0000-00-00','0000-00-00'),(37,36,'','0000-00-00','','0000-00-00','0000-00-00'),(38,37,'','0000-00-00','','0000-00-00','0000-00-00'),(39,38,'','0000-00-00','','0000-00-00','0000-00-00'),(40,39,'','0000-00-00','','0000-00-00','0000-00-00'),(41,40,'','0000-00-00','','0000-00-00','0000-00-00'),(42,41,'','0000-00-00','','0000-00-00','0000-00-00'),(43,42,'','0000-00-00','','0000-00-00','0000-00-00'),(44,43,'','0000-00-00','','0000-00-00','0000-00-00'),(46,45,'','0000-00-00','','0000-00-00','0000-00-00'),(47,46,'','0000-00-00','','0000-00-00','0000-00-00'),(48,47,'','0000-00-00','','0000-00-00','0000-00-00'),(49,48,'','0000-00-00','','0000-00-00','0000-00-00'),(50,49,'','0000-00-00','','0000-00-00','0000-00-00'),(51,50,'','0000-00-00','','0000-00-00','0000-00-00'),(52,51,'','0000-00-00','','0000-00-00','0000-00-00'),(53,52,'','0000-00-00','','0000-00-00','0000-00-00'),(54,53,'','0000-00-00','','0000-00-00','0000-00-00'),(56,55,'','0000-00-00','','0000-00-00','0000-00-00'),(57,56,'','0000-00-00','','0000-00-00','0000-00-00'),(58,57,'','0000-00-00','','0000-00-00','0000-00-00'),(59,58,'','0000-00-00','','0000-00-00','0000-00-00'),(60,59,'','0000-00-00','','0000-00-00','0000-00-00'),(61,60,'','0000-00-00','','0000-00-00','0000-00-00'),(62,61,'','0000-00-00','','0000-00-00','0000-00-00'),(63,62,'','0000-00-00','','0000-00-00','0000-00-00'),(64,63,'','0000-00-00','','0000-00-00','0000-00-00'),(65,64,'','0000-00-00','','0000-00-00','0000-00-00'),(67,66,'','0000-00-00','','0000-00-00','0000-00-00'),(68,67,'','0000-00-00','','0000-00-00','0000-00-00'),(69,68,'','0000-00-00','','0000-00-00','0000-00-00'),(70,69,'','0000-00-00','','0000-00-00','0000-00-00'),(71,70,'','0000-00-00','','0000-00-00','0000-00-00'),(72,71,'','0000-00-00','','0000-00-00','0000-00-00'),(73,72,'','0000-00-00','','0000-00-00','0000-00-00'),(74,73,'','0000-00-00','','0000-00-00','0000-00-00'),(75,74,'','0000-00-00','','0000-00-00','0000-00-00'),(76,75,'','0000-00-00','','0000-00-00','0000-00-00'),(77,76,'','0000-00-00','','0000-00-00','0000-00-00'),(78,77,'','0000-00-00','','0000-00-00','0000-00-00'),(79,78,'','0000-00-00','','0000-00-00','0000-00-00'),(80,79,'','0000-00-00','','0000-00-00','0000-00-00'),(81,80,'','0000-00-00','','0000-00-00','0000-00-00'),(82,81,'','0000-00-00','','0000-00-00','0000-00-00'),(83,82,'','0000-00-00','','0000-00-00','0000-00-00'),(84,83,'','0000-00-00','','0000-00-00','0000-00-00'),(85,84,'','0000-00-00','','0000-00-00','0000-00-00'),(86,85,'','0000-00-00','','0000-00-00','0000-00-00'),(87,86,'','0000-00-00','','0000-00-00','0000-00-00'),(88,87,'','0000-00-00','','0000-00-00','0000-00-00'),(89,88,'','0000-00-00','','0000-00-00','0000-00-00'),(90,89,'','0000-00-00','','0000-00-00','0000-00-00'),(91,90,'','0000-00-00','','0000-00-00','0000-00-00'),(92,91,'','0000-00-00','','0000-00-00','0000-00-00'),(93,92,'','0000-00-00','','0000-00-00','0000-00-00'),(94,93,'','0000-00-00','','0000-00-00','0000-00-00'),(95,94,'','0000-00-00','','0000-00-00','0000-00-00'),(96,95,'','0000-00-00','','0000-00-00','0000-00-00'),(97,96,'','0000-00-00','','0000-00-00','0000-00-00'),(98,97,'','0000-00-00','','0000-00-00','0000-00-00'),(99,98,'','0000-00-00','','0000-00-00','0000-00-00'),(100,99,'','0000-00-00','','0000-00-00','0000-00-00'),(101,100,'','0000-00-00','','0000-00-00','0000-00-00'),(102,101,'','0000-00-00','','0000-00-00','0000-00-00'),(103,102,'','0000-00-00','','0000-00-00','0000-00-00'),(104,103,'','0000-00-00','','0000-00-00','0000-00-00'),(105,104,'','0000-00-00','','0000-00-00','0000-00-00'),(107,106,'','0000-00-00','','0000-00-00','0000-00-00'),(108,107,'','0000-00-00','','0000-00-00','0000-00-00'),(109,108,'','0000-00-00','','0000-00-00','0000-00-00'),(110,109,'','0000-00-00','','0000-00-00','0000-00-00'),(111,110,'','0000-00-00','','0000-00-00','0000-00-00'),(112,111,'','0000-00-00','','0000-00-00','0000-00-00'),(113,112,'','0000-00-00','','0000-00-00','0000-00-00'),(114,113,'','0000-00-00','','0000-00-00','0000-00-00'),(115,114,'','0000-00-00','','0000-00-00','0000-00-00'),(116,115,'','0000-00-00','','0000-00-00','0000-00-00'),(117,116,'','0000-00-00','','0000-00-00','0000-00-00'),(118,117,'','0000-00-00','','0000-00-00','0000-00-00'),(119,118,'','0000-00-00','','0000-00-00','0000-00-00'),(120,119,'','0000-00-00','','0000-00-00','0000-00-00'),(121,120,'','0000-00-00','','0000-00-00','0000-00-00'),(122,121,'','0000-00-00','','0000-00-00','0000-00-00'),(123,122,'','0000-00-00','','0000-00-00','0000-00-00'),(124,123,'','0000-00-00','','0000-00-00','0000-00-00'),(125,124,'','0000-00-00','','0000-00-00','0000-00-00'),(126,125,'','0000-00-00','','0000-00-00','0000-00-00'),(127,126,'','0000-00-00','','0000-00-00','0000-00-00'),(128,127,'','0000-00-00','','0000-00-00','0000-00-00'),(129,128,'','0000-00-00','','0000-00-00','0000-00-00'),(130,129,'','0000-00-00','','0000-00-00','0000-00-00'),(131,130,'','0000-00-00','','0000-00-00','0000-00-00'),(132,131,'','0000-00-00','','0000-00-00','0000-00-00'),(133,132,'','0000-00-00','','0000-00-00','0000-00-00'),(134,133,'','0000-00-00','','0000-00-00','0000-00-00'),(135,134,'','0000-00-00','','0000-00-00','0000-00-00'),(136,135,'','0000-00-00','','0000-00-00','0000-00-00'),(137,136,'','0000-00-00','','0000-00-00','0000-00-00'),(138,137,'','0000-00-00','','0000-00-00','0000-00-00'),(139,138,'','0000-00-00','','0000-00-00','0000-00-00'),(140,139,'','0000-00-00','','0000-00-00','0000-00-00'),(141,140,'','0000-00-00','','0000-00-00','0000-00-00'),(142,141,'','0000-00-00','','0000-00-00','0000-00-00'),(143,142,'','0000-00-00','','0000-00-00','0000-00-00'),(144,143,'','0000-00-00','','0000-00-00','0000-00-00'),(145,144,'','0000-00-00','','0000-00-00','0000-00-00'),(146,145,'','0000-00-00','','0000-00-00','0000-00-00'),(147,146,'','0000-00-00','','0000-00-00','0000-00-00'),(148,147,'','0000-00-00','','0000-00-00','0000-00-00'),(149,148,'','0000-00-00','','0000-00-00','0000-00-00'),(150,149,'','0000-00-00','','0000-00-00','0000-00-00'),(151,150,'','0000-00-00','','0000-00-00','0000-00-00'),(152,151,'','0000-00-00','','0000-00-00','0000-00-00'),(153,152,'','0000-00-00','','0000-00-00','0000-00-00'),(154,153,'','0000-00-00','','0000-00-00','0000-00-00'),(155,154,'','0000-00-00','','0000-00-00','0000-00-00'),(156,155,'','0000-00-00','','0000-00-00','0000-00-00'),(157,156,'','0000-00-00','','0000-00-00','0000-00-00'),(158,157,'','0000-00-00','','0000-00-00','0000-00-00'),(159,158,'','0000-00-00','','0000-00-00','0000-00-00'),(160,159,'','0000-00-00','','0000-00-00','0000-00-00'),(161,160,'','0000-00-00','','0000-00-00','0000-00-00'),(162,161,'','0000-00-00','','0000-00-00','0000-00-00'),(163,162,'','0000-00-00','','0000-00-00','0000-00-00'),(164,163,'','0000-00-00','','0000-00-00','0000-00-00'),(165,164,'','0000-00-00','','0000-00-00','0000-00-00'),(166,165,'','0000-00-00','','0000-00-00','0000-00-00'),(167,166,'','0000-00-00','','0000-00-00','0000-00-00'),(168,167,'','0000-00-00','','0000-00-00','0000-00-00'),(169,168,'','0000-00-00','','0000-00-00','0000-00-00'),(170,169,'','0000-00-00','','0000-00-00','0000-00-00'),(171,170,'','0000-00-00','','0000-00-00','0000-00-00'),(172,171,'','0000-00-00','','0000-00-00','0000-00-00'),(173,172,'','0000-00-00','','0000-00-00','0000-00-00'),(174,173,'','0000-00-00','','0000-00-00','0000-00-00'),(175,174,'','0000-00-00','','0000-00-00','0000-00-00'),(176,175,'','0000-00-00','','0000-00-00','0000-00-00'),(177,176,'','0000-00-00','','0000-00-00','0000-00-00'),(178,177,'','0000-00-00','','0000-00-00','0000-00-00'),(179,178,'','0000-00-00','','0000-00-00','0000-00-00'),(180,179,'','0000-00-00','','0000-00-00','0000-00-00'),(181,180,'','0000-00-00','','0000-00-00','0000-00-00'),(182,181,'','0000-00-00','','0000-00-00','0000-00-00'),(183,182,'','0000-00-00','','0000-00-00','0000-00-00'),(184,183,'','0000-00-00','','0000-00-00','0000-00-00'),(185,184,'','0000-00-00','','0000-00-00','0000-00-00'),(186,185,'','0000-00-00','','0000-00-00','0000-00-00'),(187,186,'','0000-00-00','','0000-00-00','0000-00-00'),(188,187,'','0000-00-00','','0000-00-00','0000-00-00'),(189,188,'','0000-00-00','','0000-00-00','0000-00-00'),(190,189,'','0000-00-00','','0000-00-00','0000-00-00'),(191,190,'','0000-00-00','','0000-00-00','0000-00-00'),(192,191,'','0000-00-00','','0000-00-00','0000-00-00'),(193,192,'','0000-00-00','','0000-00-00','0000-00-00'),(194,193,'','0000-00-00','','0000-00-00','0000-00-00'),(195,194,'','0000-00-00','','0000-00-00','0000-00-00'),(196,195,'','0000-00-00','','0000-00-00','0000-00-00'),(197,196,'','0000-00-00','','0000-00-00','0000-00-00'),(198,197,'','0000-00-00','','0000-00-00','0000-00-00'),(199,198,'','0000-00-00','','0000-00-00','0000-00-00'),(200,199,'','0000-00-00','','0000-00-00','0000-00-00'),(201,200,'','0000-00-00','','0000-00-00','0000-00-00'),(202,201,'','0000-00-00','','0000-00-00','0000-00-00'),(203,202,'','0000-00-00','','0000-00-00','0000-00-00'),(204,203,'','0000-00-00','','0000-00-00','0000-00-00'),(205,204,'','0000-00-00','','0000-00-00','0000-00-00'),(206,205,'','0000-00-00','','0000-00-00','0000-00-00'),(207,206,'','0000-00-00','','0000-00-00','0000-00-00'),(208,207,'','0000-00-00','','0000-00-00','0000-00-00'),(209,208,'','0000-00-00','','0000-00-00','0000-00-00'),(210,209,'','0000-00-00','','0000-00-00','0000-00-00'),(211,210,'','0000-00-00','','0000-00-00','0000-00-00'),(212,211,'','0000-00-00','','0000-00-00','0000-00-00'),(215,214,'','0000-00-00','','0000-00-00','0000-00-00'),(216,215,'','0000-00-00','','0000-00-00','0000-00-00'),(217,216,'','0000-00-00','','0000-00-00','0000-00-00'),(218,217,'','0000-00-00','','0000-00-00','0000-00-00'),(219,218,'','0000-00-00','','0000-00-00','0000-00-00'),(220,219,'','0000-00-00','','0000-00-00','0000-00-00'),(221,220,'','0000-00-00','','0000-00-00','0000-00-00'),(222,221,'','0000-00-00','','0000-00-00','0000-00-00'),(223,222,'','0000-00-00','','0000-00-00','0000-00-00'),(224,223,'','0000-00-00','','0000-00-00','0000-00-00'),(225,224,'','0000-00-00','','0000-00-00','0000-00-00'),(226,225,'','0000-00-00','','0000-00-00','0000-00-00'),(227,226,'','0000-00-00','','0000-00-00','0000-00-00'),(228,227,'','0000-00-00','','0000-00-00','0000-00-00'),(229,228,'','0000-00-00','','0000-00-00','0000-00-00'),(230,229,'','0000-00-00','','0000-00-00','0000-00-00'),(231,230,'','0000-00-00','','0000-00-00','0000-00-00'),(232,231,'','0000-00-00','','0000-00-00','0000-00-00'),(233,232,'','0000-00-00','','0000-00-00','0000-00-00'),(235,234,'','0000-00-00','','0000-00-00','0000-00-00'),(236,235,'','0000-00-00','','0000-00-00','0000-00-00'),(237,236,'','0000-00-00','','0000-00-00','0000-00-00'),(238,237,'','0000-00-00','','0000-00-00','0000-00-00'),(239,238,'','0000-00-00','','0000-00-00','0000-00-00'),(240,239,'','0000-00-00','','0000-00-00','0000-00-00'),(242,241,'','0000-00-00','','0000-00-00','0000-00-00'),(243,242,'','0000-00-00','','0000-00-00','0000-00-00'),(244,243,'','0000-00-00','','0000-00-00','0000-00-00'),(245,244,'','0000-00-00','','0000-00-00','0000-00-00'),(246,245,'','0000-00-00','','0000-00-00','0000-00-00'),(247,246,'','0000-00-00','','0000-00-00','0000-00-00'),(248,247,'','0000-00-00','','0000-00-00','0000-00-00'),(249,248,'','0000-00-00','','0000-00-00','0000-00-00'),(250,249,'','0000-00-00','','0000-00-00','0000-00-00'),(251,250,'','0000-00-00','','0000-00-00','0000-00-00'),(252,251,'','0000-00-00','','0000-00-00','0000-00-00'),(253,252,'','0000-00-00','','0000-00-00','0000-00-00'),(254,253,'','0000-00-00','','0000-00-00','0000-00-00'),(255,254,'','0000-00-00','','0000-00-00','0000-00-00'),(256,255,'','0000-00-00','','0000-00-00','0000-00-00'),(257,256,'','0000-00-00','','0000-00-00','0000-00-00'),(258,257,'','0000-00-00','','0000-00-00','0000-00-00'),(259,258,'','0000-00-00','','0000-00-00','0000-00-00'),(260,259,'','0000-00-00','','0000-00-00','0000-00-00'),(261,260,'','0000-00-00','','0000-00-00','0000-00-00'),(262,261,'','0000-00-00','','0000-00-00','0000-00-00'),(263,262,'','0000-00-00','','0000-00-00','0000-00-00'),(264,263,'','0000-00-00','','0000-00-00','0000-00-00'),(265,264,'','0000-00-00','','0000-00-00','0000-00-00'),(266,265,'','0000-00-00','','0000-00-00','0000-00-00'),(267,266,'','0000-00-00','','0000-00-00','0000-00-00'),(268,267,'','0000-00-00','','0000-00-00','0000-00-00'),(269,268,'','0000-00-00','','0000-00-00','0000-00-00'),(270,269,'','0000-00-00','','0000-00-00','0000-00-00'),(271,270,'','0000-00-00','','0000-00-00','0000-00-00'),(272,271,'','0000-00-00','','0000-00-00','0000-00-00'),(273,272,'','0000-00-00','','0000-00-00','0000-00-00'),(274,273,'','0000-00-00','','0000-00-00','0000-00-00'),(275,274,'','0000-00-00','','0000-00-00','0000-00-00'),(276,275,'','0000-00-00','','0000-00-00','0000-00-00'),(277,276,'','0000-00-00','','0000-00-00','0000-00-00'),(278,277,'','0000-00-00','','0000-00-00','0000-00-00'),(279,278,'','0000-00-00','','0000-00-00','0000-00-00'),(280,279,'','0000-00-00','','0000-00-00','0000-00-00'),(281,280,'','0000-00-00','','0000-00-00','0000-00-00'),(282,281,'','0000-00-00','','0000-00-00','0000-00-00'),(283,282,'','0000-00-00','','0000-00-00','0000-00-00'),(284,283,'','0000-00-00','','0000-00-00','0000-00-00'),(285,284,'','0000-00-00','','0000-00-00','0000-00-00'),(286,285,'','0000-00-00','','0000-00-00','0000-00-00'),(287,286,'','0000-00-00','','0000-00-00','0000-00-00'),(288,287,'','0000-00-00','','0000-00-00','0000-00-00'),(289,288,'','0000-00-00','','0000-00-00','0000-00-00'),(290,289,'','0000-00-00','','0000-00-00','0000-00-00'),(291,290,'','0000-00-00','','0000-00-00','0000-00-00'),(292,291,'','0000-00-00','','0000-00-00','0000-00-00'),(293,292,'','0000-00-00','','0000-00-00','0000-00-00'),(294,293,'','0000-00-00','','0000-00-00','0000-00-00'),(295,294,'','0000-00-00','','0000-00-00','0000-00-00'),(296,295,'','0000-00-00','','0000-00-00','0000-00-00'),(297,296,'','0000-00-00','','0000-00-00','0000-00-00'),(298,297,'','0000-00-00','','0000-00-00','0000-00-00'),(299,298,'','0000-00-00','','0000-00-00','0000-00-00'),(300,299,'','0000-00-00','','0000-00-00','0000-00-00'),(301,300,'','0000-00-00','','0000-00-00','0000-00-00'),(302,301,'','0000-00-00','','0000-00-00','0000-00-00'),(303,302,'','0000-00-00','','0000-00-00','0000-00-00'),(304,303,'','0000-00-00','','0000-00-00','0000-00-00'),(305,304,'','0000-00-00','','0000-00-00','0000-00-00'),(367,366,'','0000-00-00','','0000-00-00','0000-00-00'),(372,371,'','0000-00-00','','0000-00-00','0000-00-00'),(373,372,'','0000-00-00','','0000-00-00','0000-00-00'),(374,373,'','0000-00-00','','0000-00-00','0000-00-00'),(375,374,'','0000-00-00','','0000-00-00','0000-00-00'),(376,375,'','0000-00-00','','0000-00-00','0000-00-00'),(377,376,'','0000-00-00','','0000-00-00','0000-00-00'),(378,377,'','0000-00-00','','0000-00-00','0000-00-00'),(379,378,'','0000-00-00','','0000-00-00','0000-00-00'),(380,379,'','0000-00-00','','0000-00-00','0000-00-00'),(381,380,'','0000-00-00','','0000-00-00','0000-00-00'),(382,381,'','0000-00-00','','0000-00-00','0000-00-00'),(383,382,'','0000-00-00','','0000-00-00','0000-00-00'),(384,383,'','0000-00-00','','0000-00-00','0000-00-00'),(385,384,'','0000-00-00','','0000-00-00','0000-00-00'),(386,385,'','0000-00-00','','0000-00-00','0000-00-00'),(387,386,'','0000-00-00','','0000-00-00','0000-00-00'),(388,387,'','0000-00-00','','0000-00-00','0000-00-00'),(389,388,'','0000-00-00','','0000-00-00','0000-00-00'),(390,389,'','0000-00-00','','0000-00-00','0000-00-00'),(391,390,'','0000-00-00','','0000-00-00','0000-00-00'),(392,391,'','0000-00-00','','0000-00-00','0000-00-00'),(393,392,'','0000-00-00','','0000-00-00','0000-00-00'),(394,393,'','0000-00-00','','0000-00-00','0000-00-00'),(395,394,'','0000-00-00','','0000-00-00','0000-00-00'),(396,395,'','0000-00-00','','0000-00-00','0000-00-00'),(397,396,'','0000-00-00','','0000-00-00','0000-00-00'),(398,397,'','0000-00-00','','0000-00-00','0000-00-00'),(399,398,'','0000-00-00','','0000-00-00','0000-00-00'),(400,399,'','0000-00-00','','0000-00-00','0000-00-00'),(401,400,'','0000-00-00','','0000-00-00','0000-00-00'),(402,401,'','0000-00-00','','0000-00-00','0000-00-00'),(403,402,'','0000-00-00','','0000-00-00','0000-00-00'),(404,403,'','0000-00-00','','0000-00-00','0000-00-00'),(409,408,'','0000-00-00','','0000-00-00','0000-00-00'),(410,409,'','0000-00-00','','0000-00-00','0000-00-00'),(411,410,'','0000-00-00','','0000-00-00','0000-00-00'),(412,411,'','0000-00-00','','0000-00-00','0000-00-00'),(413,412,'','0000-00-00','','0000-00-00','0000-00-00'),(414,413,'','0000-00-00','','0000-00-00','0000-00-00'),(415,414,'','0000-00-00','','0000-00-00','0000-00-00'),(416,415,'','0000-00-00','','0000-00-00','0000-00-00'),(417,416,'','0000-00-00','','0000-00-00','0000-00-00'),(418,417,'','0000-00-00','','0000-00-00','0000-00-00'),(419,418,'','0000-00-00','','0000-00-00','0000-00-00'),(420,419,'','0000-00-00','','0000-00-00','0000-00-00'),(421,420,'','0000-00-00','','0000-00-00','0000-00-00'),(422,421,'','0000-00-00','','0000-00-00','0000-00-00'),(423,422,'','0000-00-00','','0000-00-00','0000-00-00'),(424,423,'','0000-00-00','','0000-00-00','0000-00-00'),(425,424,'','0000-00-00','','0000-00-00','0000-00-00'),(426,425,'','0000-00-00','','0000-00-00','0000-00-00'),(427,426,'','0000-00-00','','0000-00-00','0000-00-00'),(428,427,'','0000-00-00','','0000-00-00','0000-00-00'),(429,428,'','0000-00-00','','0000-00-00','0000-00-00'),(430,429,'','0000-00-00','','0000-00-00','0000-00-00'),(431,430,'','0000-00-00','','0000-00-00','0000-00-00'),(432,431,'','0000-00-00','','0000-00-00','0000-00-00'),(433,432,'','0000-00-00','','0000-00-00','0000-00-00'),(434,433,'','0000-00-00','','0000-00-00','0000-00-00'),(435,434,'','0000-00-00','','0000-00-00','0000-00-00'),(436,435,'','0000-00-00','','0000-00-00','0000-00-00'),(437,436,'','0000-00-00','','0000-00-00','0000-00-00'),(438,437,'','0000-00-00','','0000-00-00','0000-00-00'),(439,438,'','0000-00-00','','0000-00-00','0000-00-00'),(440,439,'','0000-00-00','','0000-00-00','0000-00-00'),(441,440,'','0000-00-00','','0000-00-00','0000-00-00'),(442,441,'','0000-00-00','','0000-00-00','0000-00-00'),(443,442,'','0000-00-00','','0000-00-00','0000-00-00'),(444,443,'','0000-00-00','','0000-00-00','0000-00-00'),(445,444,'','0000-00-00','','0000-00-00','0000-00-00'),(446,445,'','0000-00-00','','0000-00-00','0000-00-00'),(447,446,'','0000-00-00','','0000-00-00','0000-00-00'),(448,447,'','0000-00-00','','0000-00-00','0000-00-00'),(449,448,'','0000-00-00','','0000-00-00','0000-00-00'),(450,449,'','0000-00-00','','0000-00-00','0000-00-00'),(451,450,'','0000-00-00','','0000-00-00','0000-00-00'),(452,451,'','0000-00-00','','0000-00-00','0000-00-00'),(453,452,'','0000-00-00','','0000-00-00','0000-00-00'),(454,453,'','0000-00-00','','0000-00-00','0000-00-00'),(455,454,'','0000-00-00','','0000-00-00','0000-00-00'),(456,455,'','0000-00-00','','0000-00-00','0000-00-00'),(457,456,'','0000-00-00','','0000-00-00','0000-00-00'),(458,457,'','0000-00-00','','0000-00-00','0000-00-00'),(459,458,'','0000-00-00','','0000-00-00','0000-00-00'),(460,459,'','0000-00-00','','0000-00-00','0000-00-00'),(461,460,'','0000-00-00','','0000-00-00','0000-00-00'),(462,461,'','0000-00-00','','0000-00-00','0000-00-00'),(463,462,'','0000-00-00','','0000-00-00','0000-00-00'),(464,463,'','0000-00-00','','0000-00-00','0000-00-00'),(465,464,'','0000-00-00','','0000-00-00','0000-00-00'),(466,465,'','0000-00-00','','0000-00-00','0000-00-00'),(467,466,'','0000-00-00','','0000-00-00','0000-00-00'),(468,467,'','0000-00-00','','0000-00-00','0000-00-00'),(469,468,'','0000-00-00','','0000-00-00','0000-00-00'),(470,469,'','0000-00-00','','0000-00-00','0000-00-00'),(471,470,'','0000-00-00','','0000-00-00','0000-00-00'),(472,471,'','0000-00-00','','0000-00-00','0000-00-00'),(473,472,'','0000-00-00','','0000-00-00','0000-00-00'),(474,473,'','0000-00-00','','0000-00-00','0000-00-00'),(475,474,'','0000-00-00','','0000-00-00','0000-00-00'),(476,475,'','0000-00-00','','0000-00-00','0000-00-00'),(477,476,'','0000-00-00','','0000-00-00','0000-00-00'),(478,477,'','0000-00-00','','0000-00-00','0000-00-00'),(479,478,'','0000-00-00','','0000-00-00','0000-00-00'),(480,479,'','0000-00-00','','0000-00-00','0000-00-00'),(481,480,'','0000-00-00','','0000-00-00','0000-00-00'),(482,481,'','0000-00-00','','0000-00-00','0000-00-00'),(483,482,'','0000-00-00','','0000-00-00','0000-00-00'),(484,483,'','0000-00-00','','0000-00-00','0000-00-00'),(485,484,'','0000-00-00','','0000-00-00','0000-00-00'),(486,485,'','0000-00-00','','0000-00-00','0000-00-00'),(487,486,'','0000-00-00','','0000-00-00','0000-00-00'),(488,487,'','0000-00-00','','0000-00-00','0000-00-00'),(489,488,'','0000-00-00','','0000-00-00','0000-00-00'),(490,489,'','0000-00-00','','0000-00-00','0000-00-00'),(491,490,'','0000-00-00','','0000-00-00','0000-00-00'),(492,491,'','0000-00-00','','0000-00-00','0000-00-00'),(493,492,'','0000-00-00','','0000-00-00','0000-00-00'),(494,493,'','0000-00-00','','0000-00-00','0000-00-00'),(495,494,'','0000-00-00','','0000-00-00','0000-00-00'),(496,495,'','0000-00-00','','0000-00-00','0000-00-00'),(497,496,'','0000-00-00','','0000-00-00','0000-00-00'),(498,497,'','0000-00-00','','0000-00-00','0000-00-00'),(499,498,'','0000-00-00','','0000-00-00','0000-00-00'),(500,499,'','0000-00-00','','0000-00-00','0000-00-00'),(501,500,'','0000-00-00','','0000-00-00','0000-00-00'),(502,501,'','0000-00-00','','0000-00-00','0000-00-00'),(503,502,'','0000-00-00','','0000-00-00','0000-00-00'),(504,503,'','0000-00-00','','0000-00-00','0000-00-00'),(505,504,'','0000-00-00','','0000-00-00','0000-00-00'),(506,505,'','0000-00-00','','0000-00-00','0000-00-00'),(509,508,'','0000-00-00','','0000-00-00','0000-00-00'),(510,509,'','0000-00-00','','0000-00-00','0000-00-00'),(511,510,'','0000-00-00','','0000-00-00','0000-00-00'),(512,511,'','0000-00-00','','0000-00-00','0000-00-00'),(513,512,'','0000-00-00','','0000-00-00','0000-00-00'),(514,513,'','0000-00-00','','0000-00-00','0000-00-00'),(515,514,'','0000-00-00','','0000-00-00','0000-00-00'),(516,515,'','0000-00-00','','0000-00-00','0000-00-00'),(517,516,'','0000-00-00','','0000-00-00','0000-00-00'),(518,517,'','0000-00-00','','0000-00-00','0000-00-00'),(519,518,'','0000-00-00','','0000-00-00','0000-00-00'),(520,519,'','0000-00-00','','0000-00-00','0000-00-00'),(521,520,'','0000-00-00','','0000-00-00','0000-00-00'),(522,521,'','0000-00-00','','0000-00-00','0000-00-00'),(523,522,'','0000-00-00','','0000-00-00','0000-00-00'),(524,523,'','0000-00-00','','0000-00-00','0000-00-00'),(525,524,'','0000-00-00','','0000-00-00','0000-00-00'),(526,525,'','0000-00-00','','0000-00-00','0000-00-00'),(527,526,'','0000-00-00','','0000-00-00','0000-00-00'),(528,527,'','0000-00-00','','0000-00-00','0000-00-00'),(529,528,'','0000-00-00','','0000-00-00','0000-00-00'),(530,529,'','0000-00-00','','0000-00-00','0000-00-00'),(531,530,'','0000-00-00','','0000-00-00','0000-00-00'),(533,532,'','0000-00-00','','0000-00-00','0000-00-00'),(534,533,'','0000-00-00','','0000-00-00','0000-00-00'),(535,534,'','0000-00-00','','0000-00-00','0000-00-00'),(536,535,'','0000-00-00','','0000-00-00','0000-00-00'),(537,536,'','0000-00-00','','0000-00-00','0000-00-00'),(538,537,'','0000-00-00','','0000-00-00','0000-00-00'),(539,538,'','0000-00-00','','0000-00-00','0000-00-00'),(540,539,'','0000-00-00','','0000-00-00','0000-00-00'),(541,540,'','0000-00-00','','0000-00-00','0000-00-00'),(542,541,'','0000-00-00','','0000-00-00','0000-00-00'),(543,542,'','0000-00-00','','0000-00-00','0000-00-00'),(544,543,'','0000-00-00','','0000-00-00','0000-00-00'),(545,544,'','0000-00-00','','0000-00-00','0000-00-00'),(546,545,'','0000-00-00','','0000-00-00','0000-00-00'),(547,546,'','0000-00-00','','0000-00-00','0000-00-00'),(548,547,'','0000-00-00','','0000-00-00','0000-00-00'),(549,548,'','0000-00-00','','0000-00-00','0000-00-00'),(550,549,'','0000-00-00','','0000-00-00','0000-00-00'),(551,550,'','0000-00-00','','0000-00-00','0000-00-00'),(552,551,'','0000-00-00','','0000-00-00','0000-00-00'),(553,552,'','0000-00-00','','0000-00-00','0000-00-00'),(554,553,'','0000-00-00','','0000-00-00','0000-00-00'),(555,554,'','0000-00-00','','0000-00-00','0000-00-00'),(556,555,'','0000-00-00','','0000-00-00','0000-00-00'),(557,556,'','0000-00-00','','0000-00-00','0000-00-00'),(558,557,'','0000-00-00','','0000-00-00','0000-00-00'),(559,558,'','0000-00-00','','0000-00-00','0000-00-00'),(560,559,'','0000-00-00','','0000-00-00','0000-00-00'),(561,560,'','0000-00-00','','0000-00-00','0000-00-00'),(562,561,'','0000-00-00','','0000-00-00','0000-00-00'),(563,562,'','0000-00-00','','0000-00-00','0000-00-00'),(564,563,'','0000-00-00','','0000-00-00','0000-00-00'),(565,564,'','0000-00-00','','0000-00-00','0000-00-00'),(566,565,'','0000-00-00','','0000-00-00','0000-00-00'),(567,566,'','0000-00-00','','0000-00-00','0000-00-00'),(568,567,'','0000-00-00','','0000-00-00','0000-00-00'),(569,568,'','0000-00-00','','0000-00-00','0000-00-00'),(570,569,'','0000-00-00','','0000-00-00','0000-00-00'),(571,570,'','0000-00-00','','0000-00-00','0000-00-00'),(572,571,'','0000-00-00','','0000-00-00','0000-00-00'),(573,572,'','0000-00-00','','0000-00-00','0000-00-00'),(574,573,'','0000-00-00','','0000-00-00','0000-00-00'),(575,574,'','0000-00-00','','0000-00-00','0000-00-00'),(576,575,'','0000-00-00','','0000-00-00','0000-00-00'),(577,576,'','0000-00-00','','0000-00-00','0000-00-00'),(578,577,'','0000-00-00','','0000-00-00','0000-00-00'),(579,578,'','0000-00-00','','0000-00-00','0000-00-00'),(580,579,'','0000-00-00','','0000-00-00','0000-00-00'),(581,580,'','0000-00-00','','0000-00-00','0000-00-00'),(582,581,'','0000-00-00','','0000-00-00','0000-00-00'),(583,582,'','0000-00-00','','0000-00-00','0000-00-00'),(584,583,'','0000-00-00','','0000-00-00','0000-00-00'),(585,584,'','0000-00-00','','0000-00-00','0000-00-00'),(586,585,'','0000-00-00','','0000-00-00','0000-00-00'),(587,586,'','0000-00-00','','0000-00-00','0000-00-00'),(588,587,'','0000-00-00','','0000-00-00','0000-00-00'),(589,588,'','0000-00-00','','0000-00-00','0000-00-00'),(590,589,'','0000-00-00','','0000-00-00','0000-00-00'),(591,590,'','0000-00-00','','0000-00-00','0000-00-00'),(592,591,'','0000-00-00','','0000-00-00','0000-00-00'),(593,592,'','0000-00-00','','0000-00-00','0000-00-00'),(594,593,'','0000-00-00','','0000-00-00','0000-00-00'),(595,594,'','0000-00-00','','0000-00-00','0000-00-00'),(596,595,'','0000-00-00','','0000-00-00','0000-00-00'),(597,596,'','0000-00-00','','0000-00-00','0000-00-00'),(598,597,'','0000-00-00','','0000-00-00','0000-00-00'),(599,598,'','0000-00-00','','0000-00-00','0000-00-00'),(600,599,'','0000-00-00','','0000-00-00','0000-00-00'),(601,600,'','0000-00-00','','0000-00-00','0000-00-00'),(602,601,'','0000-00-00','','0000-00-00','0000-00-00'),(603,602,'','0000-00-00','','0000-00-00','0000-00-00'),(604,603,'','0000-00-00','','0000-00-00','0000-00-00'),(605,604,'','0000-00-00','','0000-00-00','0000-00-00'),(606,605,'','0000-00-00','','0000-00-00','0000-00-00'),(607,606,'','0000-00-00','','0000-00-00','0000-00-00'),(608,607,'','0000-00-00','','0000-00-00','0000-00-00'),(609,608,'','0000-00-00','','0000-00-00','0000-00-00'),(610,609,'','0000-00-00','','0000-00-00','0000-00-00'),(611,610,'','0000-00-00','','0000-00-00','0000-00-00'),(612,611,'','0000-00-00','','0000-00-00','0000-00-00'),(613,612,'','0000-00-00','','0000-00-00','0000-00-00'),(614,613,'','0000-00-00','','0000-00-00','0000-00-00'),(615,614,'','0000-00-00','','0000-00-00','0000-00-00'),(616,615,'','0000-00-00','','0000-00-00','0000-00-00'),(617,616,'','0000-00-00','','0000-00-00','0000-00-00'),(618,617,'','0000-00-00','','0000-00-00','0000-00-00'),(619,618,'','0000-00-00','','0000-00-00','0000-00-00'),(620,619,'','0000-00-00','','0000-00-00','0000-00-00'),(621,620,'','0000-00-00','','0000-00-00','0000-00-00'),(622,621,'','0000-00-00','','0000-00-00','0000-00-00'),(623,622,'','0000-00-00','','0000-00-00','0000-00-00'),(624,623,'','0000-00-00','','0000-00-00','0000-00-00'),(625,624,'','0000-00-00','','0000-00-00','0000-00-00'),(626,625,'','0000-00-00','','0000-00-00','0000-00-00'),(627,626,'','0000-00-00','','0000-00-00','0000-00-00'),(628,627,'','0000-00-00','','0000-00-00','0000-00-00'),(629,628,'','0000-00-00','','0000-00-00','0000-00-00'),(630,629,'','0000-00-00','','0000-00-00','0000-00-00'),(631,630,'','0000-00-00','','0000-00-00','0000-00-00'),(632,631,'','0000-00-00','','0000-00-00','0000-00-00'),(633,632,'','0000-00-00','','0000-00-00','0000-00-00'),(634,633,'','0000-00-00','','0000-00-00','0000-00-00'),(635,634,'','0000-00-00','','0000-00-00','0000-00-00'),(636,635,'','0000-00-00','','0000-00-00','0000-00-00'),(637,636,'','0000-00-00','','0000-00-00','0000-00-00'),(638,637,'','0000-00-00','','0000-00-00','0000-00-00'),(639,638,'','0000-00-00','','0000-00-00','0000-00-00'),(640,639,'','0000-00-00','','0000-00-00','0000-00-00'),(641,640,'','0000-00-00','','0000-00-00','0000-00-00'),(642,641,'','0000-00-00','','0000-00-00','0000-00-00'),(643,642,'','0000-00-00','','0000-00-00','0000-00-00'),(644,643,'','0000-00-00','','0000-00-00','0000-00-00'),(645,644,'','0000-00-00','','0000-00-00','0000-00-00'),(646,645,'','0000-00-00','','0000-00-00','0000-00-00'),(647,646,'','0000-00-00','','0000-00-00','0000-00-00'),(648,647,'','0000-00-00','','0000-00-00','0000-00-00'),(649,648,'','0000-00-00','','0000-00-00','0000-00-00'),(650,649,'','0000-00-00','','0000-00-00','0000-00-00'),(651,650,'','0000-00-00','','0000-00-00','0000-00-00'),(652,651,'','0000-00-00','','0000-00-00','0000-00-00'),(653,652,'','0000-00-00','','0000-00-00','0000-00-00'),(654,653,'','0000-00-00','','0000-00-00','0000-00-00'),(655,654,'','0000-00-00','','0000-00-00','0000-00-00'),(656,655,'','0000-00-00','','0000-00-00','0000-00-00'),(657,656,'','0000-00-00','','0000-00-00','0000-00-00'),(658,657,'','0000-00-00','','0000-00-00','0000-00-00'),(659,658,'','0000-00-00','','0000-00-00','0000-00-00'),(660,659,'','0000-00-00','','0000-00-00','0000-00-00'),(661,660,'','0000-00-00','','0000-00-00','0000-00-00'),(662,661,'','0000-00-00','','0000-00-00','0000-00-00'),(663,662,'','0000-00-00','','0000-00-00','0000-00-00'),(664,663,'','0000-00-00','','0000-00-00','0000-00-00'),(665,664,'','0000-00-00','','0000-00-00','0000-00-00'),(666,665,'','0000-00-00','','0000-00-00','0000-00-00'),(667,666,'','0000-00-00','','0000-00-00','0000-00-00'),(668,667,'','0000-00-00','','0000-00-00','0000-00-00'),(669,668,'','0000-00-00','','0000-00-00','0000-00-00'),(670,669,'','0000-00-00','','0000-00-00','0000-00-00'),(671,670,'','0000-00-00','','0000-00-00','0000-00-00'),(672,671,'','0000-00-00','','0000-00-00','0000-00-00'),(673,672,'','0000-00-00','','0000-00-00','0000-00-00'),(674,673,'','0000-00-00','','0000-00-00','0000-00-00'),(675,674,'','0000-00-00','','0000-00-00','0000-00-00'),(676,675,'','0000-00-00','','0000-00-00','0000-00-00'),(677,676,'','0000-00-00','','0000-00-00','0000-00-00'),(678,677,'','0000-00-00','','0000-00-00','0000-00-00'),(679,678,'','0000-00-00','','0000-00-00','0000-00-00'),(680,679,'','0000-00-00','','0000-00-00','0000-00-00'),(681,680,'','0000-00-00','','0000-00-00','0000-00-00'),(682,681,'','0000-00-00','','0000-00-00','0000-00-00'),(683,682,'','0000-00-00','','0000-00-00','0000-00-00'),(684,683,'','0000-00-00','','0000-00-00','0000-00-00'),(685,684,'','0000-00-00','','0000-00-00','0000-00-00'),(686,685,'','0000-00-00','','0000-00-00','0000-00-00'),(687,686,'','0000-00-00','','0000-00-00','0000-00-00'),(688,687,'','0000-00-00','','0000-00-00','0000-00-00'),(689,688,'','0000-00-00','','0000-00-00','0000-00-00'),(690,689,'','0000-00-00','','0000-00-00','0000-00-00'),(691,690,'','0000-00-00','','0000-00-00','0000-00-00'),(692,691,'','0000-00-00','','0000-00-00','0000-00-00'),(693,692,'','0000-00-00','','0000-00-00','0000-00-00'),(694,693,'','0000-00-00','','0000-00-00','0000-00-00'),(695,694,'','0000-00-00','','0000-00-00','0000-00-00'),(696,695,'','0000-00-00','','0000-00-00','0000-00-00'),(697,696,'','0000-00-00','','0000-00-00','0000-00-00'),(698,697,'','0000-00-00','','0000-00-00','0000-00-00'),(699,698,'','0000-00-00','','0000-00-00','0000-00-00'),(700,699,'','0000-00-00','','0000-00-00','0000-00-00'),(701,700,'','0000-00-00','','0000-00-00','0000-00-00'),(702,701,'','0000-00-00','','0000-00-00','0000-00-00'),(703,702,'','0000-00-00','','0000-00-00','0000-00-00'),(704,703,'','0000-00-00','','0000-00-00','0000-00-00'),(705,704,'','0000-00-00','','0000-00-00','0000-00-00'),(706,705,'','0000-00-00','','0000-00-00','0000-00-00'),(707,706,'','0000-00-00','','0000-00-00','0000-00-00'),(708,707,'','0000-00-00','','0000-00-00','0000-00-00'),(709,708,'','0000-00-00','','0000-00-00','0000-00-00'),(710,709,'','0000-00-00','','0000-00-00','0000-00-00'),(711,710,'','0000-00-00','','0000-00-00','0000-00-00'),(712,711,'','0000-00-00','','0000-00-00','0000-00-00'),(713,712,'','0000-00-00','','0000-00-00','0000-00-00'),(714,713,'','0000-00-00','','0000-00-00','0000-00-00'),(715,714,'','0000-00-00','','0000-00-00','0000-00-00'),(716,715,'','0000-00-00','','0000-00-00','0000-00-00'),(717,716,'','0000-00-00','','0000-00-00','0000-00-00'),(718,717,'','0000-00-00','','0000-00-00','0000-00-00'),(719,718,'','0000-00-00','','0000-00-00','0000-00-00'),(720,719,'','0000-00-00','','0000-00-00','0000-00-00'),(721,720,'','0000-00-00','','0000-00-00','0000-00-00'),(722,721,'','0000-00-00','','0000-00-00','0000-00-00'),(723,722,'','0000-00-00','','0000-00-00','0000-00-00'),(724,723,'','0000-00-00','','0000-00-00','0000-00-00'),(725,724,'','0000-00-00','','0000-00-00','0000-00-00'),(726,725,'','0000-00-00','','0000-00-00','0000-00-00'),(727,726,'','0000-00-00','','0000-00-00','0000-00-00'),(728,727,'','0000-00-00','','0000-00-00','0000-00-00'),(729,728,'','0000-00-00','','0000-00-00','0000-00-00'),(730,729,'','0000-00-00','','0000-00-00','0000-00-00'),(731,730,'','0000-00-00','','0000-00-00','0000-00-00'),(732,731,'','0000-00-00','','0000-00-00','0000-00-00'),(733,732,'','0000-00-00','','0000-00-00','0000-00-00'),(734,733,'','0000-00-00','','0000-00-00','0000-00-00');
/*!40000 ALTER TABLE `aka_siswa_keluarga` ENABLE KEYS */;

#
# Structure for table "aka_siswa_kontakdarurat"
#

DROP TABLE IF EXISTS `aka_siswa_kontakdarurat`;
CREATE TABLE `aka_siswa_kontakdarurat` (
  `replid` int(10) unsigned NOT NULL AUTO_INCREMENT,
  `siswa` int(10) unsigned NOT NULL,
  `nama` varchar(100) NOT NULL,
  `hubungan` varchar(30) NOT NULL,
  `telpon` varchar(50) NOT NULL,
  PRIMARY KEY (`replid`)
) ENGINE=MyISAM AUTO_INCREMENT=736 DEFAULT CHARSET=latin1;

#
# Data for table "aka_siswa_kontakdarurat"
#

/*!40000 ALTER TABLE `aka_siswa_kontakdarurat` DISABLE KEYS */;
INSERT INTO `aka_siswa_kontakdarurat` VALUES (1,1,'','',''),(2,2,'','',''),(4,4,'','',''),(5,5,'','',''),(7,7,'','',''),(11,10,'','',''),(14,13,'','',''),(15,14,'','',''),(16,15,'','',''),(17,16,'','',''),(18,17,'','',''),(19,18,'','',''),(20,19,'','',''),(21,20,'','',''),(22,21,'','',''),(23,22,'','',''),(24,23,'','',''),(25,24,'','',''),(26,25,'','',''),(27,26,'','',''),(29,28,'','',''),(30,29,'','',''),(31,30,'','',''),(32,31,'','',''),(33,32,'','',''),(34,33,'','',''),(35,34,'','',''),(36,35,'','',''),(37,36,'','',''),(38,37,'','',''),(39,38,'','',''),(40,39,'','',''),(41,40,'','',''),(42,41,'','',''),(43,42,'','',''),(44,43,'','',''),(46,45,'Yuniati','Nenek','0811331409'),(47,46,'','',''),(48,47,'','',''),(49,48,'','',''),(50,49,'','',''),(51,50,'','',''),(52,51,'','',''),(53,52,'','',''),(54,53,'','',''),(56,55,'','',''),(57,56,'','',''),(58,57,'','',''),(59,58,'','',''),(60,59,'','',''),(61,60,'','',''),(62,61,'','',''),(63,62,'','',''),(64,63,'','',''),(65,64,'','',''),(67,66,'','',''),(68,67,'','',''),(69,68,'','',''),(70,69,'','',''),(71,70,'','',''),(72,71,'','',''),(73,72,'','',''),(74,73,'','',''),(75,74,'','',''),(76,75,'','',''),(77,76,'','',''),(78,77,'','',''),(79,78,'','',''),(80,79,'','',''),(81,80,'','',''),(82,81,'','',''),(83,82,'','',''),(84,83,'','',''),(85,84,'','',''),(86,85,'','',''),(87,86,'','',''),(88,87,'','',''),(89,88,'','',''),(90,89,'','',''),(91,90,'','',''),(92,91,'','',''),(93,92,'','',''),(94,93,'','',''),(95,94,'','',''),(96,95,'','',''),(97,96,'','',''),(98,97,'','',''),(99,98,'','',''),(100,99,'','',''),(101,100,'','',''),(102,101,'','',''),(103,102,'','',''),(104,103,'','',''),(105,104,'','',''),(107,106,'','',''),(108,107,'','',''),(109,108,'','',''),(110,109,'','',''),(111,110,'','',''),(112,111,'','',''),(113,112,'','',''),(114,113,'','',''),(115,114,'','',''),(116,115,'','',''),(117,116,'','',''),(118,117,'','',''),(119,118,'','',''),(120,119,'','',''),(121,120,'','',''),(122,121,'','',''),(123,122,'','',''),(124,123,'','',''),(125,124,'','',''),(126,125,'','',''),(127,126,'','',''),(128,127,'','',''),(129,128,'','',''),(130,129,'','',''),(131,130,'','',''),(132,131,'','',''),(133,132,'','',''),(134,133,'','',''),(135,134,'','',''),(136,135,'','',''),(137,136,'','',''),(138,137,'','',''),(139,138,'','',''),(140,139,'','',''),(141,140,'','',''),(142,141,'','',''),(143,142,'','',''),(144,143,'','',''),(145,144,'','',''),(146,145,'','',''),(147,146,'','',''),(148,147,'','',''),(149,148,'','',''),(150,149,'','',''),(151,150,'','',''),(152,151,'','',''),(153,152,'','',''),(154,153,'','',''),(155,154,'','',''),(156,155,'','',''),(157,156,'','',''),(158,157,'','',''),(159,158,'','',''),(160,159,'','',''),(161,160,'','',''),(162,161,'','',''),(163,162,'','',''),(164,163,'','',''),(165,164,'','',''),(166,165,'','',''),(167,166,'','',''),(168,167,'','',''),(169,168,'','',''),(170,169,'','',''),(171,170,'','',''),(172,171,'','',''),(173,172,'','',''),(174,173,'','',''),(175,174,'','',''),(176,175,'','',''),(177,176,'','',''),(178,177,'','',''),(179,178,'','',''),(180,179,'','',''),(181,180,'','',''),(182,181,'','',''),(183,182,'','',''),(184,183,'','',''),(185,184,'','',''),(186,185,'','',''),(187,186,'','',''),(188,187,'','',''),(189,188,'','',''),(190,189,'','',''),(191,190,'','',''),(192,191,'','',''),(193,192,'','',''),(194,193,'','',''),(195,194,'','',''),(196,195,'','',''),(197,196,'','',''),(198,197,'','',''),(199,198,'','',''),(200,199,'','',''),(201,200,'','',''),(202,201,'','',''),(203,202,'','',''),(204,203,'','',''),(205,204,'','',''),(206,205,'','',''),(207,206,'','',''),(208,207,'','',''),(209,208,'','',''),(210,209,'','',''),(211,210,'','',''),(212,211,'','',''),(215,214,'','',''),(216,215,'','',''),(217,216,'','',''),(218,217,'','',''),(219,218,'','',''),(220,219,'','',''),(221,220,'','',''),(222,221,'','',''),(223,222,'','',''),(224,223,'','',''),(225,224,'','',''),(226,225,'','',''),(227,226,'','',''),(228,227,'','',''),(229,228,'','',''),(230,229,'','',''),(231,230,'','',''),(232,231,'','',''),(233,232,'','',''),(235,234,'','',''),(236,235,'','',''),(237,236,'','',''),(238,237,'','',''),(239,238,'','',''),(240,239,'','',''),(242,241,'','',''),(243,242,'','',''),(244,243,'','',''),(245,244,'','',''),(246,245,'','',''),(247,246,'','',''),(248,247,'','',''),(249,248,'','',''),(250,249,'','',''),(251,250,'','',''),(252,251,'','',''),(253,252,'','',''),(254,253,'','',''),(255,254,'','',''),(256,255,'','',''),(257,256,'','',''),(258,257,'','',''),(259,258,'','',''),(260,259,'','',''),(261,260,'','',''),(262,261,'','',''),(263,262,'','',''),(264,263,'','',''),(265,264,'','',''),(266,265,'','',''),(267,266,'','',''),(268,267,'','',''),(269,268,'','',''),(270,269,'','',''),(271,270,'','',''),(272,271,'','',''),(273,272,'','',''),(274,273,'','',''),(275,274,'','',''),(276,275,'','',''),(277,276,'','',''),(278,277,'','',''),(279,278,'','',''),(280,279,'','',''),(281,280,'','',''),(282,281,'','',''),(283,282,'','',''),(284,283,'','',''),(285,284,'','',''),(286,285,'','',''),(287,286,'','',''),(288,287,'','',''),(289,288,'','',''),(290,289,'','',''),(291,290,'','',''),(292,291,'','',''),(293,292,'','',''),(294,293,'','',''),(295,294,'','',''),(296,295,'','',''),(297,296,'','',''),(298,297,'','',''),(299,298,'','',''),(300,299,'','',''),(301,300,'','',''),(302,301,'','',''),(303,302,'','',''),(304,303,'','',''),(305,304,'','',''),(367,366,'','',''),(372,371,'','',''),(373,372,'','',''),(374,373,'','',''),(375,374,'','',''),(376,375,'','',''),(377,376,'','',''),(378,377,'','',''),(379,378,'','',''),(380,379,'','',''),(381,380,'','',''),(382,381,'','',''),(383,382,'','',''),(384,383,'','',''),(385,384,'','',''),(386,385,'','',''),(387,386,'','',''),(388,387,'','',''),(389,388,'','',''),(390,389,'','',''),(391,390,'','',''),(392,391,'','',''),(393,392,'','',''),(394,393,'','',''),(395,394,'','',''),(396,395,'','',''),(397,396,'','',''),(398,397,'','',''),(399,398,'','',''),(400,399,'','',''),(401,400,'','',''),(402,401,'','',''),(403,402,'','',''),(404,403,'','',''),(409,408,'','',''),(410,409,'','',''),(411,410,'','',''),(412,411,'','',''),(413,412,'','',''),(414,413,'','',''),(415,414,'','',''),(416,415,'','',''),(417,416,'','',''),(418,417,'','',''),(419,418,'','',''),(420,419,'','',''),(421,420,'','',''),(422,421,'','',''),(423,422,'','',''),(424,423,'','',''),(425,424,'','',''),(426,425,'','',''),(427,426,'','',''),(428,427,'','',''),(429,428,'','',''),(430,429,'','',''),(431,430,'','',''),(432,431,'','',''),(433,432,'','',''),(434,433,'','',''),(435,434,'','',''),(436,435,'','',''),(437,436,'','',''),(438,437,'','',''),(439,438,'','',''),(440,439,'','',''),(441,440,'','',''),(442,441,'','',''),(443,442,'','',''),(444,443,'','',''),(445,444,'','',''),(446,445,'','',''),(447,446,'','',''),(448,447,'','',''),(449,448,'','',''),(450,449,'','',''),(451,450,'','',''),(452,451,'','',''),(453,452,'','',''),(454,453,'','',''),(455,454,'','',''),(456,455,'','',''),(457,456,'','',''),(458,457,'','',''),(459,458,'','',''),(460,459,'','',''),(461,460,'','',''),(462,461,'','',''),(463,462,'','',''),(464,463,'','',''),(465,464,'','',''),(466,465,'','',''),(467,466,'','',''),(468,467,'','',''),(469,468,'','',''),(470,469,'','',''),(471,470,'','',''),(472,471,'','',''),(473,472,'','',''),(474,473,'','',''),(475,474,'','',''),(476,475,'','',''),(477,476,'','',''),(478,477,'','',''),(479,478,'','',''),(480,479,'','',''),(481,480,'','',''),(482,481,'','',''),(483,482,'','',''),(484,483,'','',''),(485,484,'','',''),(486,485,'','',''),(487,486,'','',''),(488,487,'','',''),(489,488,'','',''),(490,489,'','',''),(491,490,'','',''),(492,491,'','',''),(493,492,'','',''),(494,493,'','',''),(495,494,'','',''),(496,495,'','',''),(497,496,'','',''),(498,497,'','',''),(499,498,'','',''),(500,499,'','',''),(501,500,'','',''),(502,501,'','',''),(503,502,'','',''),(504,503,'','',''),(505,504,'','',''),(506,505,'','',''),(509,508,'','',''),(510,509,'','',''),(511,510,'','',''),(512,511,'','',''),(513,512,'','',''),(514,513,'','',''),(515,514,'','',''),(516,515,'','',''),(517,516,'','',''),(518,517,'','',''),(519,518,'','',''),(520,519,'','',''),(521,520,'','',''),(522,521,'','',''),(523,522,'','',''),(524,523,'','',''),(525,524,'','',''),(526,525,'','',''),(527,526,'','',''),(528,527,'','',''),(529,528,'','',''),(530,529,'','',''),(531,530,'','',''),(533,532,'','',''),(534,533,'','',''),(535,534,'','',''),(536,535,'','',''),(537,536,'','',''),(538,537,'','',''),(539,538,'','',''),(540,539,'','',''),(541,540,'','',''),(542,541,'','',''),(543,542,'','',''),(544,543,'','',''),(545,544,'','',''),(546,545,'','',''),(547,546,'','',''),(548,547,'','',''),(549,548,'','',''),(550,549,'','',''),(551,550,'','',''),(552,551,'','',''),(553,552,'','',''),(554,553,'','',''),(555,554,'','',''),(556,555,'','',''),(557,556,'','',''),(558,557,'','',''),(559,558,'','',''),(560,559,'','',''),(561,560,'','',''),(562,561,'','',''),(563,562,'','',''),(564,563,'','',''),(565,564,'','',''),(566,565,'','',''),(567,566,'','',''),(568,567,'','',''),(569,568,'','',''),(570,569,'','',''),(571,570,'','',''),(572,571,'','',''),(573,572,'','',''),(574,573,'','',''),(575,574,'','',''),(576,575,'','',''),(577,576,'','',''),(578,577,'','',''),(579,578,'','',''),(580,579,'','',''),(581,580,'','',''),(582,581,'','',''),(583,582,'','',''),(584,583,'','',''),(585,584,'','',''),(586,585,'','',''),(587,586,'','',''),(588,587,'','',''),(589,588,'','',''),(590,589,'','',''),(591,590,'','',''),(592,591,'','',''),(593,592,'','',''),(594,593,'','',''),(595,594,'','',''),(596,595,'','',''),(597,596,'','',''),(598,597,'','',''),(599,598,'','',''),(600,599,'','',''),(601,600,'','',''),(602,601,'','',''),(603,602,'','',''),(604,603,'','',''),(605,604,'','',''),(606,605,'','',''),(607,606,'','',''),(608,607,'','',''),(609,608,'','',''),(610,609,'','',''),(611,610,'','',''),(612,611,'','',''),(613,612,'','',''),(614,613,'','',''),(615,614,'','',''),(616,615,'','',''),(617,616,'','',''),(618,617,'','',''),(619,618,'','',''),(620,619,'','',''),(621,620,'','',''),(622,621,'','',''),(623,622,'','',''),(624,623,'','',''),(625,624,'','',''),(626,625,'','',''),(627,626,'','',''),(628,627,'','',''),(629,628,'','',''),(630,629,'','',''),(631,630,'','',''),(632,631,'','',''),(633,632,'','',''),(634,633,'','',''),(635,634,'','',''),(636,635,'','',''),(637,636,'','',''),(638,637,'','',''),(639,638,'','',''),(640,639,'','',''),(641,640,'','',''),(642,641,'','',''),(643,642,'','',''),(644,643,'','',''),(645,644,'','',''),(646,645,'','',''),(647,646,'','',''),(648,647,'','',''),(649,648,'','',''),(650,649,'','',''),(651,650,'','',''),(652,651,'','',''),(653,652,'','',''),(654,653,'','',''),(655,654,'','',''),(656,655,'','',''),(657,656,'','',''),(658,657,'','',''),(659,658,'','',''),(660,659,'','',''),(661,660,'','',''),(662,661,'','',''),(663,662,'','',''),(664,663,'','',''),(665,664,'','',''),(666,665,'','',''),(667,666,'','',''),(668,667,'','',''),(669,668,'','',''),(670,669,'','',''),(671,670,'','',''),(672,671,'','',''),(673,672,'','',''),(674,673,'','',''),(675,674,'','',''),(676,675,'','',''),(677,676,'','',''),(678,677,'','',''),(679,678,'','',''),(680,679,'','',''),(681,680,'','',''),(682,681,'','',''),(683,682,'','',''),(684,683,'','',''),(685,684,'','',''),(686,685,'','',''),(687,686,'','',''),(688,687,'','',''),(689,688,'','',''),(690,689,'','',''),(691,690,'','',''),(692,691,'','',''),(693,692,'','',''),(694,693,'','',''),(695,694,'','',''),(696,695,'','',''),(697,696,'','',''),(698,697,'','',''),(699,698,'','',''),(700,699,'','',''),(701,700,'','',''),(702,701,'','',''),(703,702,'','',''),(704,703,'','',''),(705,704,'','',''),(706,705,'','',''),(707,706,'','',''),(708,707,'','',''),(709,708,'','',''),(710,709,'','',''),(711,710,'','',''),(712,711,'','',''),(713,712,'','',''),(714,713,'','',''),(715,714,'','',''),(716,715,'','',''),(717,716,'','',''),(718,717,'','',''),(719,718,'','',''),(720,719,'','',''),(721,720,'','',''),(722,721,'','',''),(723,722,'','',''),(724,723,'','',''),(725,724,'','',''),(726,725,'','',''),(727,726,'','',''),(728,727,'','',''),(729,728,'','',''),(730,729,'','',''),(731,730,'','',''),(732,731,'','',''),(733,732,'','',''),(734,733,'','','');
/*!40000 ALTER TABLE `aka_siswa_kontakdarurat` ENABLE KEYS */;

#
# Structure for table "aka_siswa_saudara"
#

DROP TABLE IF EXISTS `aka_siswa_saudara`;
CREATE TABLE `aka_siswa_saudara` (
  `replid` int(10) unsigned NOT NULL AUTO_INCREMENT,
  `siswa` int(10) unsigned NOT NULL,
  `nama` varchar(100) NOT NULL,
  `tgllahir` date NOT NULL,
  `sekolah` varchar(50) NOT NULL,
  PRIMARY KEY (`replid`)
) ENGINE=MyISAM AUTO_INCREMENT=736 DEFAULT CHARSET=latin1;

#
# Data for table "aka_siswa_saudara"
#

/*!40000 ALTER TABLE `aka_siswa_saudara` DISABLE KEYS */;
INSERT INTO `aka_siswa_saudara` VALUES (1,1,'','0000-00-00',''),(2,2,'','0000-00-00',''),(4,4,'','0000-00-00',''),(5,5,'','0000-00-00',''),(7,7,'','0000-00-00',''),(11,10,'','0000-00-00',''),(14,13,'','0000-00-00',''),(15,14,'','0000-00-00',''),(16,15,'','0000-00-00',''),(17,16,'','0000-00-00',''),(18,17,'','0000-00-00',''),(19,18,'','0000-00-00',''),(20,19,'','0000-00-00',''),(21,20,'','0000-00-00',''),(22,21,'','0000-00-00',''),(23,22,'','0000-00-00',''),(24,23,'','0000-00-00',''),(25,24,'','0000-00-00',''),(26,25,'','0000-00-00',''),(27,26,'','0000-00-00',''),(29,28,'','0000-00-00',''),(30,29,'','0000-00-00',''),(31,30,'','0000-00-00',''),(32,31,'','0000-00-00',''),(33,32,'','0000-00-00',''),(34,33,'','0000-00-00',''),(35,34,'','0000-00-00',''),(36,35,'','0000-00-00',''),(37,36,'','0000-00-00',''),(38,37,'','0000-00-00',''),(39,38,'','0000-00-00',''),(40,39,'','0000-00-00',''),(41,40,'','0000-00-00',''),(42,41,'','0000-00-00',''),(43,42,'','0000-00-00',''),(44,43,'','0000-00-00',''),(46,45,'','0000-00-00',''),(47,46,'','0000-00-00',''),(48,47,'','0000-00-00',''),(49,48,'','0000-00-00',''),(50,49,'','0000-00-00',''),(51,50,'','0000-00-00',''),(52,51,'','0000-00-00',''),(53,52,'','0000-00-00',''),(54,53,'','0000-00-00',''),(56,55,'','0000-00-00',''),(57,56,'','0000-00-00',''),(58,57,'','0000-00-00',''),(59,58,'','0000-00-00',''),(60,59,'','0000-00-00',''),(61,60,'','0000-00-00',''),(62,61,'','0000-00-00',''),(63,62,'','0000-00-00',''),(64,63,'','0000-00-00',''),(65,64,'','0000-00-00',''),(67,66,'','0000-00-00',''),(68,67,'','0000-00-00',''),(69,68,'','0000-00-00',''),(70,69,'','0000-00-00',''),(71,70,'','0000-00-00',''),(72,71,'','0000-00-00',''),(73,72,'','0000-00-00',''),(74,73,'','0000-00-00',''),(75,74,'','0000-00-00',''),(76,75,'','0000-00-00',''),(77,76,'','0000-00-00',''),(78,77,'','0000-00-00',''),(79,78,'','0000-00-00',''),(80,79,'','0000-00-00',''),(81,80,'','0000-00-00',''),(82,81,'','0000-00-00',''),(83,82,'','0000-00-00',''),(84,83,'','0000-00-00',''),(85,84,'','0000-00-00',''),(86,85,'','0000-00-00',''),(87,86,'','0000-00-00',''),(88,87,'','0000-00-00',''),(89,88,'','0000-00-00',''),(90,89,'','0000-00-00',''),(91,90,'','0000-00-00',''),(92,91,'','0000-00-00',''),(93,92,'Regina Soempiet','2006-06-12','Elyon International Christian School'),(94,93,'','0000-00-00',''),(95,94,'','0000-00-00',''),(96,95,'Davide William Susanto','2006-12-01','Elyon International Christian School'),(97,96,'','0000-00-00',''),(98,97,'','0000-00-00',''),(99,98,'','0000-00-00',''),(100,99,'','0000-00-00',''),(101,100,'','0000-00-00',''),(102,101,'','0000-00-00',''),(103,102,'','0000-00-00',''),(104,103,'','0000-00-00',''),(105,104,'','0000-00-00',''),(107,106,'','0000-00-00',''),(108,107,'','0000-00-00',''),(109,108,'','0000-00-00',''),(110,109,'','0000-00-00',''),(111,110,'','0000-00-00',''),(112,111,'','0000-00-00',''),(113,112,'','0000-00-00',''),(114,113,'','0000-00-00',''),(115,114,'','0000-00-00',''),(116,115,'','0000-00-00',''),(117,116,'','0000-00-00',''),(118,117,'','0000-00-00',''),(119,118,'','0000-00-00',''),(120,119,'','0000-00-00',''),(121,120,'','0000-00-00',''),(122,121,'','0000-00-00',''),(123,122,'','0000-00-00',''),(124,123,'','0000-00-00',''),(125,124,'','0000-00-00',''),(126,125,'','0000-00-00',''),(127,126,'','0000-00-00',''),(128,127,'','0000-00-00',''),(129,128,'','0000-00-00',''),(130,129,'','0000-00-00',''),(131,130,'','0000-00-00',''),(132,131,'','0000-00-00',''),(133,132,'','0000-00-00',''),(134,133,'','0000-00-00',''),(135,134,'','0000-00-00',''),(136,135,'','0000-00-00',''),(137,136,'','0000-00-00',''),(138,137,'','0000-00-00',''),(139,138,'','0000-00-00',''),(140,139,'','0000-00-00',''),(141,140,'','0000-00-00',''),(142,141,'','0000-00-00',''),(143,142,'','0000-00-00',''),(144,143,'','0000-00-00',''),(145,144,'','0000-00-00',''),(146,145,'','0000-00-00',''),(147,146,'','0000-00-00',''),(148,147,'','0000-00-00',''),(149,148,'','0000-00-00',''),(150,149,'','0000-00-00',''),(151,150,'','0000-00-00',''),(152,151,'','0000-00-00',''),(153,152,'','0000-00-00',''),(154,153,'','0000-00-00',''),(155,154,'','0000-00-00',''),(156,155,'','0000-00-00',''),(157,156,'','0000-00-00',''),(158,157,'','0000-00-00',''),(159,158,'','0000-00-00',''),(160,159,'','0000-00-00',''),(161,160,'','0000-00-00',''),(162,161,'','0000-00-00',''),(163,162,'','0000-00-00',''),(164,163,'','0000-00-00',''),(165,164,'','0000-00-00',''),(166,165,'','0000-00-00',''),(167,166,'','0000-00-00',''),(168,167,'','0000-00-00',''),(169,168,'','0000-00-00',''),(170,169,'','0000-00-00',''),(171,170,'','0000-00-00',''),(172,171,'','0000-00-00',''),(173,172,'','0000-00-00',''),(174,173,'','0000-00-00',''),(175,174,'','0000-00-00',''),(176,175,'','0000-00-00',''),(177,176,'','0000-00-00',''),(178,177,'','0000-00-00',''),(179,178,'','0000-00-00',''),(180,179,'','0000-00-00',''),(181,180,'','0000-00-00',''),(182,181,'','0000-00-00',''),(183,182,'','0000-00-00',''),(184,183,'','0000-00-00',''),(185,184,'','0000-00-00',''),(186,185,'','0000-00-00',''),(187,186,'','0000-00-00',''),(188,187,'','0000-00-00',''),(189,188,'','0000-00-00',''),(190,189,'','0000-00-00',''),(191,190,'','0000-00-00',''),(192,191,'','0000-00-00',''),(193,192,'','0000-00-00',''),(194,193,'','0000-00-00',''),(195,194,'','0000-00-00',''),(196,195,'','0000-00-00',''),(197,196,'','0000-00-00',''),(198,197,'','0000-00-00',''),(199,198,'','0000-00-00',''),(200,199,'','0000-00-00',''),(201,200,'','0000-00-00',''),(202,201,'','0000-00-00',''),(203,202,'','0000-00-00',''),(204,203,'','0000-00-00',''),(205,204,'','0000-00-00',''),(206,205,'','0000-00-00',''),(207,206,'','0000-00-00',''),(208,207,'','0000-00-00',''),(209,208,'','0000-00-00',''),(210,209,'','0000-00-00',''),(211,210,'','0000-00-00',''),(212,211,'','0000-00-00',''),(215,214,'','0000-00-00',''),(216,215,'','0000-00-00',''),(217,216,'','0000-00-00',''),(218,217,'','0000-00-00',''),(219,218,'','0000-00-00',''),(220,219,'','0000-00-00',''),(221,220,'','0000-00-00',''),(222,221,'','0000-00-00',''),(223,222,'','0000-00-00',''),(224,223,'','0000-00-00',''),(225,224,'','0000-00-00',''),(226,225,'','0000-00-00',''),(227,226,'','0000-00-00',''),(228,227,'','0000-00-00',''),(229,228,'','0000-00-00',''),(230,229,'','0000-00-00',''),(231,230,'','0000-00-00',''),(232,231,'','0000-00-00',''),(233,232,'','0000-00-00',''),(235,234,'','0000-00-00',''),(236,235,'','0000-00-00',''),(237,236,'','0000-00-00',''),(238,237,'','0000-00-00',''),(239,238,'','0000-00-00',''),(240,239,'','0000-00-00',''),(242,241,'','0000-00-00',''),(243,242,'','0000-00-00',''),(244,243,'','0000-00-00',''),(245,244,'','0000-00-00',''),(246,245,'','0000-00-00',''),(247,246,'','0000-00-00',''),(248,247,'','0000-00-00',''),(249,248,'','0000-00-00',''),(250,249,'','0000-00-00',''),(251,250,'','0000-00-00',''),(252,251,'','0000-00-00',''),(253,252,'','0000-00-00',''),(254,253,'','0000-00-00',''),(255,254,'','0000-00-00',''),(256,255,'','0000-00-00',''),(257,256,'','0000-00-00',''),(258,257,'','0000-00-00',''),(259,258,'','0000-00-00',''),(260,259,'','0000-00-00',''),(261,260,'','0000-00-00',''),(262,261,'','0000-00-00',''),(263,262,'','0000-00-00',''),(264,263,'','0000-00-00',''),(265,264,'','0000-00-00',''),(266,265,'','0000-00-00',''),(267,266,'','0000-00-00',''),(268,267,'','0000-00-00',''),(269,268,'','0000-00-00',''),(270,269,'','0000-00-00',''),(271,270,'','0000-00-00',''),(272,271,'','0000-00-00',''),(273,272,'','0000-00-00',''),(274,273,'','0000-00-00',''),(275,274,'','0000-00-00',''),(276,275,'','0000-00-00',''),(277,276,'','0000-00-00',''),(278,277,'','0000-00-00',''),(279,278,'','0000-00-00',''),(280,279,'','0000-00-00',''),(281,280,'','0000-00-00',''),(282,281,'','0000-00-00',''),(283,282,'','0000-00-00',''),(284,283,'','0000-00-00',''),(285,284,'','0000-00-00',''),(286,285,'','0000-00-00',''),(287,286,'','0000-00-00',''),(288,287,'','0000-00-00',''),(289,288,'','0000-00-00',''),(290,289,'','0000-00-00',''),(291,290,'','0000-00-00',''),(292,291,'','0000-00-00',''),(293,292,'','0000-00-00',''),(294,293,'','0000-00-00',''),(295,294,'','0000-00-00',''),(296,295,'','0000-00-00',''),(297,296,'','0000-00-00',''),(298,297,'','0000-00-00',''),(299,298,'','0000-00-00',''),(300,299,'','0000-00-00',''),(301,300,'','0000-00-00',''),(302,301,'','0000-00-00',''),(303,302,'','0000-00-00',''),(304,303,'','0000-00-00',''),(305,304,'','0000-00-00',''),(367,366,'','0000-00-00',''),(372,371,'','0000-00-00',''),(373,372,'','0000-00-00',''),(374,373,'','0000-00-00',''),(375,374,'','0000-00-00',''),(376,375,'','0000-00-00',''),(377,376,'','0000-00-00',''),(378,377,'','0000-00-00',''),(379,378,'','0000-00-00',''),(380,379,'','0000-00-00',''),(381,380,'','0000-00-00',''),(382,381,'','0000-00-00',''),(383,382,'','0000-00-00',''),(384,383,'','0000-00-00',''),(385,384,'','0000-00-00',''),(386,385,'','0000-00-00',''),(387,386,'','0000-00-00',''),(388,387,'','0000-00-00',''),(389,388,'','0000-00-00',''),(390,389,'','0000-00-00',''),(391,390,'','0000-00-00',''),(392,391,'','0000-00-00',''),(393,392,'','0000-00-00',''),(394,393,'','0000-00-00',''),(395,394,'','0000-00-00',''),(396,395,'','0000-00-00',''),(397,396,'','0000-00-00',''),(398,397,'','0000-00-00',''),(399,398,'','0000-00-00',''),(400,399,'','0000-00-00',''),(401,400,'','0000-00-00',''),(402,401,'','0000-00-00',''),(403,402,'','0000-00-00',''),(404,403,'','0000-00-00',''),(409,408,'','0000-00-00',''),(410,409,'','0000-00-00',''),(411,410,'','0000-00-00',''),(412,411,'','0000-00-00',''),(413,412,'','0000-00-00',''),(414,413,'','0000-00-00',''),(415,414,'','0000-00-00',''),(416,415,'','0000-00-00',''),(417,416,'','0000-00-00',''),(418,417,'','0000-00-00',''),(419,418,'','0000-00-00',''),(420,419,'','0000-00-00',''),(421,420,'','0000-00-00',''),(422,421,'','0000-00-00',''),(423,422,'','0000-00-00',''),(424,423,'','0000-00-00',''),(425,424,'','0000-00-00',''),(426,425,'','0000-00-00',''),(427,426,'','0000-00-00',''),(428,427,'','0000-00-00',''),(429,428,'','0000-00-00',''),(430,429,'','0000-00-00',''),(431,430,'','0000-00-00',''),(432,431,'','0000-00-00',''),(433,432,'','0000-00-00',''),(434,433,'','0000-00-00',''),(435,434,'','0000-00-00',''),(436,435,'','0000-00-00',''),(437,436,'','0000-00-00',''),(438,437,'','0000-00-00',''),(439,438,'','0000-00-00',''),(440,439,'','0000-00-00',''),(441,440,'','0000-00-00',''),(442,441,'','0000-00-00',''),(443,442,'','0000-00-00',''),(444,443,'','0000-00-00',''),(445,444,'','0000-00-00',''),(446,445,'','0000-00-00',''),(447,446,'','0000-00-00',''),(448,447,'','0000-00-00',''),(449,448,'','0000-00-00',''),(450,449,'','0000-00-00',''),(451,450,'','0000-00-00',''),(452,451,'','0000-00-00',''),(453,452,'','0000-00-00',''),(454,453,'','0000-00-00',''),(455,454,'','0000-00-00',''),(456,455,'','0000-00-00',''),(457,456,'','0000-00-00',''),(458,457,'','0000-00-00',''),(459,458,'','0000-00-00',''),(460,459,'','0000-00-00',''),(461,460,'','0000-00-00',''),(462,461,'','0000-00-00',''),(463,462,'','0000-00-00',''),(464,463,'','0000-00-00',''),(465,464,'','0000-00-00',''),(466,465,'','0000-00-00',''),(467,466,'','0000-00-00',''),(468,467,'','0000-00-00',''),(469,468,'','0000-00-00',''),(470,469,'','0000-00-00',''),(471,470,'','0000-00-00',''),(472,471,'','0000-00-00',''),(473,472,'','0000-00-00',''),(474,473,'','0000-00-00',''),(475,474,'','0000-00-00',''),(476,475,'','0000-00-00',''),(477,476,'','0000-00-00',''),(478,477,'','0000-00-00',''),(479,478,'','0000-00-00',''),(480,479,'','0000-00-00',''),(481,480,'','0000-00-00',''),(482,481,'','0000-00-00',''),(483,482,'','0000-00-00',''),(484,483,'','0000-00-00',''),(485,484,'','0000-00-00',''),(486,485,'','0000-00-00',''),(487,486,'','0000-00-00',''),(488,487,'','0000-00-00',''),(489,488,'','0000-00-00',''),(490,489,'','0000-00-00',''),(491,490,'','0000-00-00',''),(492,491,'','0000-00-00',''),(493,492,'','0000-00-00',''),(494,493,'','0000-00-00',''),(495,494,'','0000-00-00',''),(496,495,'','0000-00-00',''),(497,496,'','0000-00-00',''),(498,497,'','0000-00-00',''),(499,498,'','0000-00-00',''),(500,499,'','0000-00-00',''),(501,500,'','0000-00-00',''),(502,501,'','0000-00-00',''),(503,502,'','0000-00-00',''),(504,503,'','0000-00-00',''),(505,504,'','0000-00-00',''),(506,505,'','0000-00-00',''),(509,508,'','0000-00-00',''),(510,509,'','0000-00-00',''),(511,510,'','0000-00-00',''),(512,511,'','0000-00-00',''),(513,512,'','0000-00-00',''),(514,513,'','0000-00-00',''),(515,514,'','0000-00-00',''),(516,515,'','0000-00-00',''),(517,516,'','0000-00-00',''),(518,517,'','0000-00-00',''),(519,518,'','0000-00-00',''),(520,519,'','0000-00-00',''),(521,520,'','0000-00-00',''),(522,521,'','0000-00-00',''),(523,522,'','0000-00-00',''),(524,523,'','0000-00-00',''),(525,524,'','0000-00-00',''),(526,525,'','0000-00-00',''),(527,526,'','0000-00-00',''),(528,527,'','0000-00-00',''),(529,528,'','0000-00-00',''),(530,529,'','0000-00-00',''),(531,530,'','0000-00-00',''),(533,532,'','0000-00-00',''),(534,533,'','0000-00-00',''),(535,534,'','0000-00-00',''),(536,535,'','0000-00-00',''),(537,536,'','0000-00-00',''),(538,537,'','0000-00-00',''),(539,538,'','0000-00-00',''),(540,539,'','0000-00-00',''),(541,540,'','0000-00-00',''),(542,541,'','0000-00-00',''),(543,542,'','0000-00-00',''),(544,543,'','0000-00-00',''),(545,544,'','0000-00-00',''),(546,545,'','0000-00-00',''),(547,546,'','0000-00-00',''),(548,547,'','0000-00-00',''),(549,548,'','0000-00-00',''),(550,549,'','0000-00-00',''),(551,550,'','0000-00-00',''),(552,551,'','0000-00-00',''),(553,552,'','0000-00-00',''),(554,553,'','0000-00-00',''),(555,554,'','0000-00-00',''),(556,555,'','0000-00-00',''),(557,556,'','0000-00-00',''),(558,557,'','0000-00-00',''),(559,558,'','0000-00-00',''),(560,559,'','0000-00-00',''),(561,560,'','0000-00-00',''),(562,561,'','0000-00-00',''),(563,562,'','0000-00-00',''),(564,563,'','0000-00-00',''),(565,564,'','0000-00-00',''),(566,565,'','0000-00-00',''),(567,566,'','0000-00-00',''),(568,567,'','0000-00-00',''),(569,568,'','0000-00-00',''),(570,569,'','0000-00-00',''),(571,570,'','0000-00-00',''),(572,571,'','0000-00-00',''),(573,572,'','0000-00-00',''),(574,573,'','0000-00-00',''),(575,574,'','0000-00-00',''),(576,575,'','0000-00-00',''),(577,576,'','0000-00-00',''),(578,577,'','0000-00-00',''),(579,578,'','0000-00-00',''),(580,579,'','0000-00-00',''),(581,580,'','0000-00-00',''),(582,581,'','0000-00-00',''),(583,582,'','0000-00-00',''),(584,583,'','0000-00-00',''),(585,584,'','0000-00-00',''),(586,585,'','0000-00-00',''),(587,586,'','0000-00-00',''),(588,587,'','0000-00-00',''),(589,588,'','0000-00-00',''),(590,589,'','0000-00-00',''),(591,590,'','0000-00-00',''),(592,591,'','0000-00-00',''),(593,592,'','0000-00-00',''),(594,593,'','0000-00-00',''),(595,594,'','0000-00-00',''),(596,595,'','0000-00-00',''),(597,596,'','0000-00-00',''),(598,597,'','0000-00-00',''),(599,598,'','0000-00-00',''),(600,599,'','0000-00-00',''),(601,600,'','0000-00-00',''),(602,601,'','0000-00-00',''),(603,602,'','0000-00-00',''),(604,603,'','0000-00-00',''),(605,604,'','0000-00-00',''),(606,605,'','0000-00-00',''),(607,606,'','0000-00-00',''),(608,607,'','0000-00-00',''),(609,608,'','0000-00-00',''),(610,609,'','0000-00-00',''),(611,610,'','0000-00-00',''),(612,611,'','0000-00-00',''),(613,612,'','0000-00-00',''),(614,613,'','0000-00-00',''),(615,614,'','0000-00-00',''),(616,615,'','0000-00-00',''),(617,616,'','0000-00-00',''),(618,617,'','0000-00-00',''),(619,618,'','0000-00-00',''),(620,619,'','0000-00-00',''),(621,620,'','0000-00-00',''),(622,621,'','0000-00-00',''),(623,622,'','0000-00-00',''),(624,623,'','0000-00-00',''),(625,624,'','0000-00-00',''),(626,625,'','0000-00-00',''),(627,626,'','0000-00-00',''),(628,627,'','0000-00-00',''),(629,628,'','0000-00-00',''),(630,629,'','0000-00-00',''),(631,630,'','0000-00-00',''),(632,631,'','0000-00-00',''),(633,632,'','0000-00-00',''),(634,633,'','0000-00-00',''),(635,634,'','0000-00-00',''),(636,635,'','0000-00-00',''),(637,636,'','0000-00-00',''),(638,637,'','0000-00-00',''),(639,638,'','0000-00-00',''),(640,639,'','0000-00-00',''),(641,640,'','0000-00-00',''),(642,641,'','0000-00-00',''),(643,642,'','0000-00-00',''),(644,643,'','0000-00-00',''),(645,644,'','0000-00-00',''),(646,645,'','0000-00-00',''),(647,646,'','0000-00-00',''),(648,647,'','0000-00-00',''),(649,648,'','0000-00-00',''),(650,649,'','0000-00-00',''),(651,650,'','0000-00-00',''),(652,651,'','0000-00-00',''),(653,652,'','0000-00-00',''),(654,653,'','0000-00-00',''),(655,654,'','0000-00-00',''),(656,655,'','0000-00-00',''),(657,656,'','0000-00-00',''),(658,657,'','0000-00-00',''),(659,658,'','0000-00-00',''),(660,659,'','0000-00-00',''),(661,660,'','0000-00-00',''),(662,661,'','0000-00-00',''),(663,662,'','0000-00-00',''),(664,663,'','0000-00-00',''),(665,664,'','0000-00-00',''),(666,665,'','0000-00-00',''),(667,666,'','0000-00-00',''),(668,667,'','0000-00-00',''),(669,668,'','0000-00-00',''),(670,669,'','0000-00-00',''),(671,670,'','0000-00-00',''),(672,671,'','0000-00-00',''),(673,672,'','0000-00-00',''),(674,673,'','0000-00-00',''),(675,674,'','0000-00-00',''),(676,675,'','0000-00-00',''),(677,676,'','0000-00-00',''),(678,677,'','0000-00-00',''),(679,678,'','0000-00-00',''),(680,679,'','0000-00-00',''),(681,680,'','0000-00-00',''),(682,681,'','0000-00-00',''),(683,682,'','0000-00-00',''),(684,683,'','0000-00-00',''),(685,684,'','0000-00-00',''),(686,685,'','0000-00-00',''),(687,686,'','0000-00-00',''),(688,687,'','0000-00-00',''),(689,688,'','0000-00-00',''),(690,689,'','0000-00-00',''),(691,690,'','0000-00-00',''),(692,691,'','0000-00-00',''),(693,692,'','0000-00-00',''),(694,693,'','0000-00-00',''),(695,694,'','0000-00-00',''),(696,695,'','0000-00-00',''),(697,696,'','0000-00-00',''),(698,697,'','0000-00-00',''),(699,698,'','0000-00-00',''),(700,699,'','0000-00-00',''),(701,700,'','0000-00-00',''),(702,701,'','0000-00-00',''),(703,702,'','0000-00-00',''),(704,703,'','0000-00-00',''),(705,704,'','0000-00-00',''),(706,705,'','0000-00-00',''),(707,706,'','0000-00-00',''),(708,707,'','0000-00-00',''),(709,708,'','0000-00-00',''),(710,709,'','0000-00-00',''),(711,710,'','0000-00-00',''),(712,711,'','0000-00-00',''),(713,712,'','0000-00-00',''),(714,713,'','0000-00-00',''),(715,714,'','0000-00-00',''),(716,715,'','0000-00-00',''),(717,716,'','0000-00-00',''),(718,717,'','0000-00-00',''),(719,718,'','0000-00-00',''),(720,719,'','0000-00-00',''),(721,720,'','0000-00-00',''),(722,721,'','0000-00-00',''),(723,722,'','0000-00-00',''),(724,723,'','0000-00-00',''),(725,724,'','0000-00-00',''),(726,725,'','0000-00-00',''),(727,726,'','0000-00-00',''),(728,727,'','0000-00-00',''),(729,728,'','0000-00-00',''),(730,729,'','0000-00-00',''),(731,730,'','0000-00-00',''),(732,731,'','0000-00-00',''),(733,732,'','0000-00-00',''),(734,733,'','0000-00-00','');
/*!40000 ALTER TABLE `aka_siswa_saudara` ENABLE KEYS */;

#
# Structure for table "aka_siswa_tes"
#

DROP TABLE IF EXISTS `aka_siswa_tes`;
CREATE TABLE `aka_siswa_tes` (
  `replid` int(10) unsigned NOT NULL AUTO_INCREMENT,
  `siswa` int(10) unsigned NOT NULL,
  `tes` int(10) unsigned NOT NULL,
  `nilai` int(10) unsigned NOT NULL DEFAULT '0',
  PRIMARY KEY (`replid`)
) ENGINE=MyISAM DEFAULT CHARSET=latin1;

#
# Data for table "aka_siswa_tes"
#

/*!40000 ALTER TABLE `aka_siswa_tes` DISABLE KEYS */;
/*!40000 ALTER TABLE `aka_siswa_tes` ENABLE KEYS */;

#
# Structure for table "aka_sks"
#

DROP TABLE IF EXISTS `aka_sks`;
CREATE TABLE `aka_sks` (
  `replid` int(10) unsigned NOT NULL AUTO_INCREMENT,
  `tahunajaran` int(10) unsigned NOT NULL,
  `kelas` int(10) unsigned NOT NULL,
  `pelajaran` int(10) unsigned NOT NULL,
  `guru` int(10) unsigned NOT NULL,
  PRIMARY KEY (`replid`)
) ENGINE=MyISAM AUTO_INCREMENT=182 DEFAULT CHARSET=latin1;

#
# Data for table "aka_sks"
#

/*!40000 ALTER TABLE `aka_sks` DISABLE KEYS */;
INSERT INTO `aka_sks` VALUES (1,1,1,3,1),(2,1,1,3,1),(3,1,1,3,1),(4,1,2,3,1),(5,1,2,3,1),(6,1,2,3,1),(7,1,3,3,1),(8,1,3,3,1),(9,1,3,3,1),(10,1,4,3,1),(11,1,4,3,1),(12,1,4,3,1),(13,1,1,4,2),(14,1,1,4,2),(15,1,2,4,2),(16,1,2,4,2),(17,1,3,4,2),(18,1,3,4,2),(19,1,4,4,2),(20,1,4,4,2),(24,1,1,1,3),(25,1,1,1,3),(26,1,1,1,3),(27,1,2,1,3),(28,1,2,1,3),(29,1,2,1,3),(30,1,3,1,3),(31,1,3,1,3),(32,1,3,1,3),(33,1,4,1,3),(34,1,4,1,3),(35,1,4,1,3),(36,1,1,2,4),(37,1,1,2,4),(38,1,1,2,4),(39,1,2,2,4),(40,1,2,2,4),(41,1,2,2,4),(42,1,3,2,4),(43,1,3,2,4),(44,1,3,2,4),(45,1,4,2,4),(46,1,4,2,4),(47,1,4,2,4),(48,1,5,3,1),(49,1,5,3,1),(50,1,6,3,1),(51,1,6,3,1),(52,1,7,3,1),(53,1,7,3,1),(54,1,8,3,1),(55,1,8,3,1),(56,1,9,3,1),(57,1,9,3,1),(58,1,10,3,1),(59,1,10,3,1),(60,1,11,3,1),(61,1,11,3,1),(62,1,12,3,1),(63,1,12,3,1),(64,1,13,3,1),(65,1,13,3,1),(66,1,14,3,1),(67,1,14,3,1),(68,1,15,3,1),(69,1,15,3,1),(70,1,16,3,1),(71,1,16,3,1),(72,1,17,3,1),(73,1,17,3,1),(74,1,18,3,1),(75,1,18,3,1),(76,1,19,3,1),(77,1,19,3,1),(78,1,20,3,1),(79,1,20,3,1),(80,1,21,3,1),(81,1,21,3,1),(82,1,22,3,1),(83,1,22,3,1),(84,1,23,3,1),(85,1,23,3,1),(86,1,24,3,1),(87,1,24,3,1),(88,1,33,3,1),(89,1,33,3,1),(90,1,34,3,1),(91,1,34,3,1),(92,1,35,3,1),(93,1,35,3,1),(94,1,36,3,1),(95,1,36,3,1),(96,1,37,3,1),(97,1,37,3,1),(98,1,38,3,1),(99,1,38,3,1),(100,1,39,3,1),(101,1,39,3,1),(102,1,40,3,1),(103,1,40,3,1),(104,1,41,3,1),(105,1,41,3,1),(106,1,43,3,1),(107,1,43,3,1),(108,1,44,3,1),(109,1,44,3,1),(110,1,45,3,1),(111,1,45,3,1),(112,1,72,3,1),(113,1,72,3,1),(114,1,73,3,1),(115,1,73,3,1),(116,1,74,3,1),(117,1,74,3,1),(118,1,75,3,1),(119,1,75,3,1),(120,1,76,3,1),(121,1,76,3,1),(122,1,77,3,1),(123,1,77,3,1),(124,1,78,3,1),(125,1,78,3,1),(126,1,79,3,1),(127,1,79,3,1),(128,1,81,3,1),(129,1,81,3,1),(130,1,82,3,1),(131,1,82,3,1),(132,1,83,3,1),(133,1,83,3,1),(134,1,84,3,1),(135,1,84,3,1),(136,1,85,3,1),(137,1,85,3,1),(138,1,86,3,1),(139,1,86,3,1),(140,1,87,3,1),(141,1,87,3,1),(142,1,88,3,1),(143,1,88,3,1),(144,1,89,3,1),(145,1,89,3,1),(146,1,90,3,1),(147,1,90,3,1),(148,1,91,3,1),(149,1,91,3,1),(150,1,92,3,1),(151,1,92,3,1),(152,1,93,3,1),(153,1,93,3,1),(154,1,94,3,1),(155,1,94,3,1),(156,1,95,3,1),(157,1,95,3,1),(158,1,96,3,1),(159,1,96,3,1),(160,1,97,3,1),(161,1,97,3,1),(162,1,98,3,1),(163,1,98,3,1),(164,1,99,3,1),(165,1,99,3,1),(166,1,100,3,1),(167,1,100,3,1),(168,1,101,3,1),(169,1,101,3,1),(170,1,102,3,1),(171,1,102,3,1),(172,1,103,3,1),(173,1,103,3,1),(174,1,104,3,1),(175,1,104,3,1),(176,1,5,4,2),(177,1,5,4,2),(178,1,5,4,2),(179,1,5,4,2),(180,1,6,4,2),(181,1,6,4,2);
/*!40000 ALTER TABLE `aka_sks` ENABLE KEYS */;

#
# Structure for table "aka_statusguru"
#

DROP TABLE IF EXISTS `aka_statusguru`;
CREATE TABLE `aka_statusguru` (
  `replid` int(10) unsigned NOT NULL AUTO_INCREMENT,
  `statusguru` varchar(50) NOT NULL,
  `keterangan` varchar(255) DEFAULT NULL,
  `ts` timestamp NOT NULL DEFAULT CURRENT_TIMESTAMP,
  PRIMARY KEY (`replid`),
  UNIQUE KEY `UX_statusguru_replid` (`replid`) USING BTREE,
  KEY `IX_statusguru_ts` (`ts`) USING BTREE
) ENGINE=InnoDB DEFAULT CHARSET=utf8;

#
# Data for table "aka_statusguru"
#


#
# Structure for table "aka_subtingkat"
#

DROP TABLE IF EXISTS `aka_subtingkat`;
CREATE TABLE `aka_subtingkat` (
  `replid` int(10) NOT NULL AUTO_INCREMENT,
  `subtingkat` varchar(100) NOT NULL,
  `tingkat` int(10) NOT NULL,
  `keterangan` text NOT NULL,
  PRIMARY KEY (`replid`)
) ENGINE=InnoDB AUTO_INCREMENT=21 DEFAULT CHARSET=latin1;

#
# Data for table "aka_subtingkat"
#

INSERT INTO `aka_subtingkat` VALUES (4,'1',1,'usia di atas 1 tahun '),(5,'A',2,'usia 2 tahun'),(6,'B',2,'usia 3 tahun '),(7,'A',3,'usia 4 tahun '),(8,'B',3,'usia 5 tahun '),(9,'1',6,'usia 6 tahun '),(10,'2',6,'usia 7 tahun '),(11,'3',6,'usia 8 tahun '),(12,'4',6,'usia 9 tahun '),(13,'5',6,'usia 10 tahun '),(14,'6',6,'usia 11 tahun '),(15,'1',7,'usia 12 tahun '),(16,'2',7,'usia 13 tahun '),(17,'3',7,'usia 14 tahun '),(18,'4',7,'usia 15 tahun '),(19,'1',8,'usia 16 tahun '),(20,'2',8,'usia 17 tahun ');

#
# Structure for table "aka_tahunajaran"
#

DROP TABLE IF EXISTS `aka_tahunajaran`;
CREATE TABLE `aka_tahunajaran` (
  `replid` int(10) unsigned NOT NULL AUTO_INCREMENT,
  `tahunajaran` varchar(50) NOT NULL,
  `departemen` int(10) unsigned NOT NULL,
  `tglmulai` date NOT NULL,
  `tglakhir` date NOT NULL,
  `aktif` enum('1','0') NOT NULL DEFAULT '1',
  `keterangan` varchar(255) DEFAULT NULL,
  `ts` timestamp NOT NULL DEFAULT CURRENT_TIMESTAMP,
  PRIMARY KEY (`replid`),
  KEY `FK_tahunajaran_departemen` (`departemen`) USING BTREE,
  KEY `IX_tahunajaran_ts` (`ts`) USING BTREE
) ENGINE=InnoDB AUTO_INCREMENT=6 DEFAULT CHARSET=utf8;

#
# Data for table "aka_tahunajaran"
#

INSERT INTO `aka_tahunajaran` VALUES (1,'2014-2015',1,'2014-07-01','2015-06-30','1','ok','2014-01-22 23:49:44'),(2,'2014-2015',2,'2014-07-15','2015-06-15','1','','2014-03-19 04:36:55'),(3,'2014-2015',3,'2014-07-15','2015-06-15','1','','2014-03-19 04:37:57'),(4,'2013-2014',1,'2013-05-01','2014-06-30','0','ok','2014-12-04 08:24:04'),(5,'2015-2016',3,'2015-01-01','2016-02-01','0','tes bro','2015-01-28 08:57:00');

#
# Structure for table "aka_tahunlulus"
#

DROP TABLE IF EXISTS `aka_tahunlulus`;
CREATE TABLE `aka_tahunlulus` (
  `replid` int(10) unsigned NOT NULL AUTO_INCREMENT,
  `departemen` int(10) unsigned NOT NULL,
  `nama` varchar(10) NOT NULL,
  PRIMARY KEY (`replid`)
) ENGINE=MyISAM AUTO_INCREMENT=2 DEFAULT CHARSET=latin1;

#
# Data for table "aka_tahunlulus"
#

/*!40000 ALTER TABLE `aka_tahunlulus` DISABLE KEYS */;
INSERT INTO `aka_tahunlulus` VALUES (1,1,'2014');
/*!40000 ALTER TABLE `aka_tahunlulus` ENABLE KEYS */;

#
# Structure for table "aka_tes"
#

DROP TABLE IF EXISTS `aka_tes`;
CREATE TABLE `aka_tes` (
  `replid` int(10) unsigned NOT NULL AUTO_INCREMENT,
  `tahunajaran` int(10) unsigned NOT NULL,
  `nama` varchar(50) NOT NULL,
  `keterangan` varchar(200) NOT NULL,
  `urut` int(11) NOT NULL DEFAULT '0',
  PRIMARY KEY (`replid`)
) ENGINE=MyISAM DEFAULT CHARSET=latin1;

#
# Data for table "aka_tes"
#

/*!40000 ALTER TABLE `aka_tes` DISABLE KEYS */;
/*!40000 ALTER TABLE `aka_tes` ENABLE KEYS */;

#
# Structure for table "aka_tesakademis"
#

DROP TABLE IF EXISTS `aka_tesakademis`;
CREATE TABLE `aka_tesakademis` (
  `replid` int(10) unsigned NOT NULL AUTO_INCREMENT,
  `tahunajaran` int(10) unsigned NOT NULL,
  `nama` varchar(50) NOT NULL,
  PRIMARY KEY (`replid`)
) ENGINE=MyISAM DEFAULT CHARSET=latin1;

#
# Data for table "aka_tesakademis"
#

/*!40000 ALTER TABLE `aka_tesakademis` DISABLE KEYS */;
/*!40000 ALTER TABLE `aka_tesakademis` ENABLE KEYS */;

#
# Structure for table "aka_tingkat"
#

DROP TABLE IF EXISTS `aka_tingkat`;
CREATE TABLE `aka_tingkat` (
  `replid` int(10) unsigned NOT NULL AUTO_INCREMENT,
  `tingkat` varchar(100) NOT NULL DEFAULT '',
  `kode` varchar(10) NOT NULL,
  `tahunajaran` int(10) unsigned NOT NULL DEFAULT '0',
  `keterangan` varchar(255) NOT NULL,
  `urutan` tinyint(2) unsigned NOT NULL DEFAULT '0',
  `ts` timestamp NOT NULL DEFAULT CURRENT_TIMESTAMP,
  PRIMARY KEY (`replid`),
  KEY `IX_tingkat_ts` (`ts`) USING BTREE
) ENGINE=InnoDB AUTO_INCREMENT=9 DEFAULT CHARSET=utf8;

#
# Data for table "aka_tingkat"
#

INSERT INTO `aka_tingkat` VALUES (1,'Toddler','Tod',1,'-',1,'2015-06-02 20:52:51'),(2,'Playgroup','PG',1,'-',2,'2015-06-02 20:53:05'),(3,'Kindergarten','KG ',1,'-',3,'2015-06-02 20:53:30'),(6,'Primary','P',0,'',4,'2015-08-18 21:50:54'),(7,'Secondary','S',0,'',5,'2015-08-18 21:51:15'),(8,'High School','HS',0,'',6,'2015-08-18 21:51:35');

#
# Structure for table "aka_tmp_saudara"
#

DROP TABLE IF EXISTS `aka_tmp_saudara`;
CREATE TABLE `aka_tmp_saudara` (
  `replid` int(10) unsigned NOT NULL AUTO_INCREMENT,
  `sesid` varchar(40) NOT NULL,
  `nama` varchar(100) NOT NULL,
  `tgllahir` date NOT NULL DEFAULT '0000-00-00',
  `sekolah` varchar(100) NOT NULL,
  PRIMARY KEY (`replid`)
) ENGINE=MyISAM DEFAULT CHARSET=latin1;

#
# Data for table "aka_tmp_saudara"
#

/*!40000 ALTER TABLE `aka_tmp_saudara` DISABLE KEYS */;
/*!40000 ALTER TABLE `aka_tmp_saudara` ENABLE KEYS */;

#
# Structure for table "departemen"
#

DROP TABLE IF EXISTS `departemen`;
CREATE TABLE `departemen` (
  `replid` int(10) unsigned NOT NULL AUTO_INCREMENT,
  `nama` varchar(50) NOT NULL,
  `kepsek` int(10) unsigned NOT NULL DEFAULT '0',
  `urut` int(10) unsigned NOT NULL DEFAULT '1',
  `keterangan` varchar(255) NOT NULL,
  `alamat` varchar(300) NOT NULL,
  `telepon` varchar(30) NOT NULL,
  `photo` blob NOT NULL,
  `ts` timestamp NOT NULL DEFAULT CURRENT_TIMESTAMP,
  PRIMARY KEY (`replid`),
  UNIQUE KEY `UX_departemen_replid` (`replid`) USING BTREE,
  UNIQUE KEY `departemen` (`nama`) USING BTREE,
  KEY `FK_departemen_pegawai` (`kepsek`) USING BTREE,
  KEY `IX_departemen_ts` (`ts`) USING BTREE
) ENGINE=InnoDB AUTO_INCREMENT=4 DEFAULT CHARSET=utf8;

#
# Data for table "departemen"
#

INSERT INTO `departemen` VALUES (1,'Elyon Sukomanunggal',0,1,'','Jl. Raya Sukomanunggal Jaya 33A','(031)732-5999',X'','2014-01-21 23:50:40'),(2,'Elyon Rungkut',0,2,'','Ruko Rungkut Megah Raya A-25, Jl. Raya Kali Rungkut No. 5','(031)879-8896',X'','2014-01-24 02:14:27'),(3,'Elyon Kertajaya',0,3,'','Jl. Kertajaya Indah Timur VII/41','(031)599-4994',X'','2014-01-24 02:14:34');

#
# Structure for table "hrd_absensi"
#

DROP TABLE IF EXISTS `hrd_absensi`;
CREATE TABLE `hrd_absensi` (
  `id` int(4) NOT NULL AUTO_INCREMENT,
  `karyawan` int(4) NOT NULL,
  `masuk` int(3) NOT NULL DEFAULT '0',
  `lembur` int(3) NOT NULL DEFAULT '0',
  `sakit` int(3) NOT NULL DEFAULT '0',
  `alpha` int(3) NOT NULL DEFAULT '0',
  `telat` int(3) NOT NULL DEFAULT '0',
  `bulan` int(2) NOT NULL,
  `tahun` varchar(4) NOT NULL DEFAULT '0000',
  PRIMARY KEY (`id`)
) ENGINE=InnoDB DEFAULT CHARSET=latin1;

#
# Data for table "hrd_absensi"
#


#
# Structure for table "hrd_agama"
#

DROP TABLE IF EXISTS `hrd_agama`;
CREATE TABLE `hrd_agama` (
  `id` int(2) NOT NULL AUTO_INCREMENT,
  `nama` varchar(255) NOT NULL,
  `tunjangan` varchar(255) NOT NULL DEFAULT '0',
  PRIMARY KEY (`id`)
) ENGINE=MyISAM AUTO_INCREMENT=6 DEFAULT CHARSET=latin1;

#
# Data for table "hrd_agama"
#

/*!40000 ALTER TABLE `hrd_agama` DISABLE KEYS */;
INSERT INTO `hrd_agama` VALUES (1,'Islam','0'),(2,'Kristen','0'),(3,'Katolik','0');
/*!40000 ALTER TABLE `hrd_agama` ENABLE KEYS */;

#
# Structure for table "hrd_bayar"
#

DROP TABLE IF EXISTS `hrd_bayar`;
CREATE TABLE `hrd_bayar` (
  `id` int(5) NOT NULL AUTO_INCREMENT,
  `tgl` date NOT NULL,
  `bayar` varchar(255) NOT NULL,
  `karyawan` int(4) NOT NULL DEFAULT '0',
  `pid` int(4) NOT NULL,
  PRIMARY KEY (`id`)
) ENGINE=MyISAM AUTO_INCREMENT=16 DEFAULT CHARSET=latin1;

#
# Data for table "hrd_bayar"
#

/*!40000 ALTER TABLE `hrd_bayar` DISABLE KEYS */;
INSERT INTO `hrd_bayar` VALUES (1,'2014-06-30','120000',35,1),(3,'2014-06-30','80000',35,1),(5,'2014-06-30','100000',35,7),(6,'2014-07-02','250000',34,12),(14,'2014-07-15','250000',36,14),(15,'2014-11-07','750000',34,12);
/*!40000 ALTER TABLE `hrd_bayar` ENABLE KEYS */;

#
# Structure for table "hrd_bebantugas"
#

DROP TABLE IF EXISTS `hrd_bebantugas`;
CREATE TABLE `hrd_bebantugas` (
  `id` int(5) NOT NULL AUTO_INCREMENT,
  `nama` varchar(50) NOT NULL,
  `persen` varchar(50) NOT NULL DEFAULT '0',
  `nominal` varchar(50) NOT NULL DEFAULT '0',
  PRIMARY KEY (`id`)
) ENGINE=MyISAM AUTO_INCREMENT=6 DEFAULT CHARSET=latin1;

#
# Data for table "hrd_bebantugas"
#

/*!40000 ALTER TABLE `hrd_bebantugas` DISABLE KEYS */;
INSERT INTO `hrd_bebantugas` VALUES (1,'Tidak Ada','0','0'),(2,'SD_1,2,3','10','0'),(3,'SD_4-6','15','0'),(4,'G-7','25','0');
/*!40000 ALTER TABLE `hrd_bebantugas` ENABLE KEYS */;

#
# Structure for table "hrd_berkas"
#

DROP TABLE IF EXISTS `hrd_berkas`;
CREATE TABLE `hrd_berkas` (
  `id` int(5) NOT NULL AUTO_INCREMENT,
  `gambar` varchar(200) CHARACTER SET latin1 COLLATE latin1_general_ci NOT NULL DEFAULT '',
  `karyawan` int(4) NOT NULL DEFAULT '0',
  PRIMARY KEY (`id`)
) ENGINE=MyISAM AUTO_INCREMENT=15 DEFAULT CHARSET=latin1;

#
# Data for table "hrd_berkas"
#

/*!40000 ALTER TABLE `hrd_berkas` DISABLE KEYS */;
/*!40000 ALTER TABLE `hrd_berkas` ENABLE KEYS */;

#
# Structure for table "hrd_bulan"
#

DROP TABLE IF EXISTS `hrd_bulan`;
CREATE TABLE `hrd_bulan` (
  `id` int(2) NOT NULL AUTO_INCREMENT,
  `bulan` varchar(255) NOT NULL,
  PRIMARY KEY (`id`)
) ENGINE=InnoDB AUTO_INCREMENT=13 DEFAULT CHARSET=latin1;

#
# Data for table "hrd_bulan"
#

INSERT INTO `hrd_bulan` VALUES (1,'Januari'),(2,'Februari'),(3,'Maret'),(4,'April'),(5,'Mei'),(6,'Juni'),(7,'Juli'),(8,'Agustus'),(9,'September'),(10,'Oktober'),(11,'Nopember'),(12,'Desember');

#
# Structure for table "hrd_cuti"
#

DROP TABLE IF EXISTS `hrd_cuti`;
CREATE TABLE `hrd_cuti` (
  `id` int(2) NOT NULL AUTO_INCREMENT,
  `karyawan` int(4) NOT NULL,
  `tahun` varchar(4) NOT NULL,
  `tgl` date NOT NULL,
  `cuti` varchar(512) NOT NULL,
  PRIMARY KEY (`id`)
) ENGINE=InnoDB AUTO_INCREMENT=4 DEFAULT CHARSET=latin1;

#
# Data for table "hrd_cuti"
#

INSERT INTO `hrd_cuti` VALUES (1,36,'2014','2014-06-26','asdsad'),(3,36,'2014','2014-07-01','Ke Luar Negeri');

#
# Structure for table "hrd_departemen"
#

DROP TABLE IF EXISTS `hrd_departemen`;
CREATE TABLE `hrd_departemen` (
  `id` int(3) NOT NULL AUTO_INCREMENT,
  `nama` varchar(255) NOT NULL,
  `tunjangan` varchar(255) NOT NULL,
  `masterdepartemen` int(10) NOT NULL,
  PRIMARY KEY (`id`)
) ENGINE=InnoDB AUTO_INCREMENT=34 DEFAULT CHARSET=latin1;

#
# Data for table "hrd_departemen"
#

INSERT INTO `hrd_departemen` VALUES (9,'PG KG Suko','0',1),(10,'PG KG KIT','0',3),(11,'Primary Suko','0',1),(12,'Primary Rungkut','0',2),(13,'Secondary Suko','0',1),(14,'Secondary Rungkut','0',2),(15,'High School Suko','0',1),(16,'High School Rungkut','0',2),(17,'Keuangan','0',1),(18,'HRD','0',1),(19,'Litbang','0',1),(20,'Operasional','0',1),(21,'Kerohanian','0',1),(23,'General Affair','0',1),(24,'Sarana Prasarana','0',1),(31,'PPKE','0',1),(32,'Elyon Rungkut','0',2),(33,'Marketing','0',1);

#
# Structure for table "hrd_fungsional"
#

DROP TABLE IF EXISTS `hrd_fungsional`;
CREATE TABLE `hrd_fungsional` (
  `id` int(5) NOT NULL AUTO_INCREMENT,
  `nama` varchar(50) NOT NULL,
  `persen` varchar(50) NOT NULL DEFAULT '0',
  `nominal` varchar(50) NOT NULL DEFAULT '0',
  PRIMARY KEY (`id`)
) ENGINE=MyISAM AUTO_INCREMENT=6 DEFAULT CHARSET=latin1;

#
# Data for table "hrd_fungsional"
#

/*!40000 ALTER TABLE `hrd_fungsional` DISABLE KEYS */;
INSERT INTO `hrd_fungsional` VALUES (1,'Tidak Ada','0','0'),(2,'3A','20','0'),(3,'3B','25','0'),(4,'3C','30','0');
/*!40000 ALTER TABLE `hrd_fungsional` ENABLE KEYS */;

#
# Structure for table "hrd_golongan"
#

DROP TABLE IF EXISTS `hrd_golongan`;
CREATE TABLE `hrd_golongan` (
  `id` int(11) NOT NULL AUTO_INCREMENT,
  `nama` varchar(255) NOT NULL,
  `gajipokok` varchar(50) NOT NULL,
  PRIMARY KEY (`id`)
) ENGINE=MyISAM AUTO_INCREMENT=255 DEFAULT CHARSET=latin1;

#
# Data for table "hrd_golongan"
#

/*!40000 ALTER TABLE `hrd_golongan` DISABLE KEYS */;
INSERT INTO `hrd_golongan` VALUES (2,'2A0','1115370'),(3,'2B0','1239300'),(4,'2C0','1377000'),(5,'2D0','1530000'),(6,'3A0','1700000'),(7,'3B0','1870000'),(8,'3C0','2057000'),(9,'3D0','2262700'),(10,'4A0','2488970'),(11,'4B0','2737867'),(12,'4C0','3011654'),(13,'4D0','3312819'),(15,'2A1','1171139'),(16,'2B1','1301265'),(17,'2C1','1445850'),(18,'2D1','1606500'),(19,'3A1','1785000'),(20,'3B1','1963500'),(21,'3C1','2159850'),(22,'3D1','2375835'),(23,'4A1','2613419'),(24,'4B1','2874760'),(25,'4C1','3162236'),(26,'4D1','3478460'),(27,'2A2','1229695'),(28,'2B2','1366328'),(29,'2C2','1518143'),(30,'2D2','1686825'),(31,'3A2','1874250'),(32,'3B2','2061675'),(33,'3C2','2267843'),(34,'3D2','2494627'),(35,'4A2','2744089'),(36,'4B2','3018498'),(37,'4C2','3320348'),(38,'4D2','3652383'),(39,'2A3','1291180'),(40,'2B3','1434645'),(41,'2C3','1594050'),(42,'2D3','1771166'),(43,'3A3','1967963'),(44,'3B3','2164759'),(45,'3C3','2381235'),(46,'3D3','2619358'),(47,'4A3','2881294'),(48,'4B3','3169423'),(49,'4C3','3486366'),(50,'4D3','3835002'),(51,'2A4','1355739'),(52,'2B4','1506377'),(53,'2C4','1673752'),(54,'2D4','1859725'),(55,'3A4','2066361'),(56,'3B4','2272997'),(57,'3C4','2500296'),(58,'3D4','2750326'),(59,'4A4','3025359'),(60,'4B4','3327894'),(61,'4C4','3660684'),(62,'4D4','4026752'),(63,'2A5','1423526'),(64,'2B5','1581696'),(65,'2C5','1757440'),(66,'2D5','1952711'),(67,'3A5','2169679'),(68,'3B5','2386647'),(69,'3C5','2625311'),(70,'3D5','2887842'),(71,'4A5','3176627'),(72,'4B5','3494289'),(73,'4C5','3843718'),(74,'4D5','4228090'),(75,'2A6','1494702'),(76,'2B6','1660781'),(77,'2C6','1845312'),(78,'2D6','2050346'),(79,'3A6','2278163'),(80,'3B6','2505979'),(81,'3C6','2756577'),(82,'3D6','3032234'),(83,'4A6','3335458'),(84,'4B6','3669004'),(85,'4C6','4035904'),(86,'4D6','4439494'),(87,'2A7','1569438'),(88,'2B7','1743820'),(89,'2C7','1937577'),(90,'2D7','2152864'),(91,'3A7','2392071'),(92,'3B7','2631278'),(93,'3C7','2894406'),(94,'3D7','3183846'),(95,'4A7','3502231'),(96,'4B7','3852454'),(97,'4C7','4237699'),(98,'4D7','4661469'),(99,'2A8','1647909'),(100,'2B8','1831011'),(101,'2C8','2034456'),(102,'2D8','2260507'),(103,'3A8','2511674'),(104,'3B8','2762842'),(105,'3C8','3039126'),(106,'3D8','3343038'),(107,'4A8','3677342'),(108,'4B8','4045077'),(109,'4C8','4449584'),(110,'4D8','4894543'),(111,'2A9','1730305'),(112,'2B9','1922561'),(113,'2C9','2136179'),(114,'2D9','2373532'),(115,'3A9','2637258'),(116,'3B9','2900984'),(117,'3C9','3191082'),(118,'3D9','3510190'),(119,'4A9','3861209'),(120,'4B9','4247330'),(121,'4C9','4672063'),(122,'4D9','5139270'),(123,'2A10','1816820'),(124,'2B10','2018689'),(125,'2C10','2242988'),(126,'2D10','2492209'),(127,'3A10','2769121'),(128,'3B10','3046033'),(129,'3C10','3350636'),(130,'3D10','3685700'),(131,'4A10','4054270'),(132,'4B10','4459697'),(133,'4C10','4905667'),(134,'4D10','5396233'),(135,'2A11','1907661'),(136,'2B11','2119624'),(137,'2C11','2355137'),(138,'2D11','2616819'),(139,'3A11','2907577'),(140,'3B11','3198335'),(141,'3C11','3518168'),(142,'3D11','3869985'),(143,'4A11','4256983'),(144,'4B11','4682682'),(145,'4C11','5150950'),(146,'4D11','5666045'),(147,'2A12','2003044'),(148,'2B12','2225605'),(149,'2C12','2472894'),(150,'2D12','2747660'),(151,'3A12','3052956'),(152,'3B12','3358251'),(153,'3C12','3694076'),(154,'3D12','4063484'),(155,'4A12','4469833'),(156,'4B12','4916816'),(157,'4C12','5408497'),(158,'4D12','5949347'),(159,'2A13','2103196'),(160,'2B13','2336885'),(161,'2C13','2596539'),(162,'2D13','2885043'),(163,'3A13','3205604'),(164,'3B13','3526164'),(165,'3C13','3878780'),(166,'3D13','4266658'),(167,'4A13','4693324'),(168,'4B13','5162657'),(169,'4C13','5678922'),(170,'4D13','6246814'),(171,'2A14','2208356'),(172,'2B14','2453729'),(173,'2C14','2726366'),(174,'2D14','3029295'),(175,'3A14','3365884'),(176,'3B14','3702472'),(177,'3C14','4072719'),(178,'3D14','4479991'),(179,'4A14','4927990'),(180,'4B14','5420789'),(181,'4C14','5962868'),(182,'4D14','6559155'),(183,'2A15','2318774'),(184,'2B15','2576416'),(185,'2C15','2862684'),(186,'2D15','3180760'),(187,'3A15','3534178'),(188,'3B15','3887596'),(189,'3C15','4276355'),(190,'3D15','4703991'),(191,'4A15','5174390'),(192,'4B15','5691829'),(193,'4C15','6261012'),(194,'4D15','6887113'),(195,'2A16','2434713'),(196,'2B16','2705236'),(197,'2C16','3005818'),(198,'2D16','3339798'),(199,'3A16','3710887'),(200,'3B16','4081975'),(201,'3C16','4490173'),(202,'3D16','4939190'),(203,'4A16','5433109'),(204,'4B16','5976420'),(205,'4C16','6574062'),(206,'4D16','7231469'),(207,'2A17','2556448'),(208,'2B17','2840498'),(209,'2C17','3156109'),(210,'2D17','3506788'),(211,'3A17','3896431'),(212,'3B17','4286074'),(213,'3C17','4714682'),(214,'3D17','5186150'),(215,'4A17','5704765'),(216,'4B17','6275241'),(217,'4C17','6902765'),(218,'4D17','7593042'),(219,'2A18','2684271'),(220,'2B18','2982523'),(221,'2C18','3313915'),(222,'2D18','3682127'),(223,'3A18','4091253'),(224,'3B18','4500378'),(225,'3C18','4950416'),(226,'3D18','5445457'),(227,'4A18','5990003'),(228,'4B18','6589003'),(229,'4C18','7247904'),(230,'4D18','7972694'),(231,'2A19','2818484'),(232,'2B19','3131649'),(233,'2C19','3479610'),(234,'2D19','3866234'),(235,'3A19','4295815'),(236,'3B19','4725397'),(237,'3C19','5197937'),(238,'3D19','5717730'),(239,'4A19','6289503'),(240,'4B19','6918454'),(241,'4C19','7610299'),(242,'4D19','8371329'),(243,'2A20','2959409'),(244,'2B20','3288232'),(245,'2C20','3653591'),(246,'2D20','4059545'),(247,'3A20','4510606'),(248,'3B20','4961667'),(249,'3C20','5457833'),(250,'3D20','6003617'),(251,'4A20','6603978'),(252,'4B20','7264376'),(253,'4C20','7990814'),(254,'4D20','8789895');
/*!40000 ALTER TABLE `hrd_golongan` ENABLE KEYS */;

#
# Structure for table "hrd_history"
#

DROP TABLE IF EXISTS `hrd_history`;
CREATE TABLE `hrd_history` (
  `id` int(5) NOT NULL AUTO_INCREMENT,
  `tgl` date NOT NULL,
  `history` varchar(255) NOT NULL,
  `gambar` varchar(200) CHARACTER SET latin1 COLLATE latin1_general_ci NOT NULL DEFAULT '',
  `karyawan` int(4) NOT NULL DEFAULT '0',
  PRIMARY KEY (`id`)
) ENGINE=MyISAM AUTO_INCREMENT=6 DEFAULT CHARSET=latin1;

#
# Data for table "hrd_history"
#

/*!40000 ALTER TABLE `hrd_history` DISABLE KEYS */;
/*!40000 ALTER TABLE `hrd_history` ENABLE KEYS */;

#
# Structure for table "hrd_istrianak"
#

DROP TABLE IF EXISTS `hrd_istrianak`;
CREATE TABLE `hrd_istrianak` (
  `id` int(5) NOT NULL AUTO_INCREMENT,
  `nama` varchar(50) NOT NULL,
  `persen` varchar(50) NOT NULL DEFAULT '0',
  `nominal` varchar(50) NOT NULL DEFAULT '0',
  PRIMARY KEY (`id`)
) ENGINE=MyISAM AUTO_INCREMENT=4 DEFAULT CHARSET=latin1;

#
# Data for table "hrd_istrianak"
#

/*!40000 ALTER TABLE `hrd_istrianak` DISABLE KEYS */;
INSERT INTO `hrd_istrianak` VALUES (1,'Tidak Ada','0','0'),(2,'Istri Anak','10','0');
/*!40000 ALTER TABLE `hrd_istrianak` ENABLE KEYS */;

#
# Structure for table "hrd_jabatan"
#

DROP TABLE IF EXISTS `hrd_jabatan`;
CREATE TABLE `hrd_jabatan` (
  `id` int(3) NOT NULL AUTO_INCREMENT,
  `nama` varchar(255) NOT NULL,
  `tunjangan` varchar(255) NOT NULL,
  PRIMARY KEY (`id`)
) ENGINE=InnoDB AUTO_INCREMENT=43 DEFAULT CHARSET=latin1;

#
# Data for table "hrd_jabatan"
#

INSERT INTO `hrd_jabatan` VALUES (11,'Guru','0'),(13,'Kepala Sekolah','0'),(14,'Wakil Kepala Sekolah','0'),(15,'Koordinator HOD','0'),(16,'Kepala Litbang','0'),(17,'Manajer Operasional','0'),(18,'Humas','0'),(19,'Tata Usaha','0'),(20,'Chaplain','0'),(21,'Sekretaris Perhimpunan','0'),(23,'Supir','0'),(24,'Pustakawan','0'),(25,'Staf Keuangan','0'),(26,'Staf HRD','0'),(27,'Nanny','0'),(28,'Suster','0'),(29,'Staf GA','0'),(30,'Staf Gudang','0'),(31,'Staf Purchasing & Student Service','0'),(32,'Staf Marketing','0'),(33,'Resepsionis','0'),(34,'Staf','0'),(35,'Staf Foto Copy','0'),(36,'Koordinator GAC (DOS)','0'),(37,'Koordinator GA','0'),(38,'Koordinator Sarpras','0'),(39,'Spv. Accounting ','0'),(40,'Koordinator Training','0'),(41,'Staf Maintenance','0'),(42,'Spv. Marketing','0');

#
# Structure for table "hrd_karyawan"
#

DROP TABLE IF EXISTS `hrd_karyawan`;
CREATE TABLE `hrd_karyawan` (
  `id` int(11) NOT NULL AUTO_INCREMENT,
  `nip` varchar(15) NOT NULL DEFAULT '',
  `nuptk` varchar(512) NOT NULL,
  `nama` varchar(100) NOT NULL DEFAULT '',
  `kotalahir` varchar(255) NOT NULL,
  `tgllahir` date NOT NULL,
  `kelamin` varchar(15) NOT NULL DEFAULT '',
  `agama` varchar(20) NOT NULL DEFAULT '',
  `menikah` varchar(50) NOT NULL,
  `alamat` varchar(255) NOT NULL DEFAULT '',
  `kota` varchar(100) NOT NULL DEFAULT '',
  `kodepos` varchar(255) NOT NULL,
  `propinsi` varchar(100) NOT NULL DEFAULT '',
  `negara` varchar(100) NOT NULL DEFAULT '',
  `telepon` varchar(15) NOT NULL DEFAULT '-',
  `handphone` varchar(15) NOT NULL DEFAULT '-',
  `foto` text NOT NULL,
  `departemen` varchar(255) NOT NULL,
  `jabatan` varchar(255) NOT NULL,
  `jabatanlain` varchar(512) NOT NULL,
  `status` varchar(255) NOT NULL,
  `pendidikan_terakhir` varchar(255) NOT NULL,
  `tglditerima` date NOT NULL,
  `tglpercobaan` date NOT NULL,
  `tglkontrak` date NOT NULL,
  `jatahcuti` int(2) NOT NULL DEFAULT '0',
  `norek` varchar(50) NOT NULL,
  `namarek` varchar(50) NOT NULL,
  `npwp` varchar(50) NOT NULL,
  `tipe` enum('0','1','2') NOT NULL DEFAULT '1',
  `tglresign` date NOT NULL,
  `alasan` varchar(255) NOT NULL,
  `lampiran` varchar(255) NOT NULL,
  `tglmelamar` date NOT NULL,
  `golongan` varchar(5) NOT NULL DEFAULT '1',
  `struktural` varchar(5) NOT NULL DEFAULT '1',
  `fungsional` varchar(5) NOT NULL DEFAULT '1',
  `pengabdian` varchar(5) NOT NULL DEFAULT '1',
  `istrianak` varchar(5) NOT NULL DEFAULT '1',
  `uangmakan` varchar(5) NOT NULL DEFAULT '1',
  `uangtransport` varchar(5) NOT NULL DEFAULT '1',
  `bebantugas` varchar(5) NOT NULL DEFAULT '1',
  `walikelas` varchar(5) NOT NULL DEFAULT '1',
  `tglnaikgolongan` date NOT NULL,
  PRIMARY KEY (`id`)
) ENGINE=MyISAM AUTO_INCREMENT=186 DEFAULT CHARSET=latin1;

#
# Data for table "hrd_karyawan"
#

/*!40000 ALTER TABLE `hrd_karyawan` DISABLE KEYS */;
INSERT INTO `hrd_karyawan` VALUES (46,'040.06.08','','Claudia Natalia','Medan','1983-03-29','2','2','1','Jalan Panduk 29','Surabaya','','Jawa Timur','Indonesia','03181368806','08552200185','','10','11','','3','3','2008-11-03','0000-00-00','0000-00-00',0,'','','','1','0000-00-00','','','0000-00-00','1','1','1','1','1','1','1','1','1','0000-00-00'),(47,'002.01.02','','Coni Chandra','Malang','1941-08-19','2','2','1','Manyar Tirtoyoso (Raya) 77','Surabaya','','Jawa Timur','Indonesia','0315911517','','','10','13','','3','-','2002-06-03','0000-00-00','0000-00-00',0,'asd norek','asd namarek','NPWP','1','0000-00-00','','','0000-00-00','13','2','2','2','2','1','1','2','2','2015-04-29'),(48,'099.06.11','','Jenny Hartono, S.E','Surabaya','1974-01-12','2','2','1','Wonorejo Permai Utara BB.515/VII-28','Surabaya','','Jawa Timur','Indonesia','0318781745','08123040478','','10','11','','3','4','2011-10-21','0000-00-00','0000-00-00',0,'','','','1','0000-00-00','','','0000-00-00','1','1','1','1','1','1','1','1','1','0000-00-00'),(49,'140.02.13','','Eunike Laura','Surabaya','1990-03-02','2','2','2','Sulung Tengah 34','Surabaya','','Jawa Timur','Indonesia','08983790391','','','10','18','','9','4','2013-02-25','0000-00-00','0000-00-00',0,'','','','1','0000-00-00','','','0000-00-00','1','1','1','1','1','1','1','1','1','0000-00-00'),(50,'037.06.06','','Maria Karunia Agasta, S.Hum','Surabaya','1985-08-06','2','2','1','Mulyorejo Tengah 52-54','Surabaya','','','','','','','10','11','','3','4','2006-09-04','0000-00-00','0000-00-00',0,'','','','1','0000-00-00','','','0000-00-00','1','1','1','1','1','1','1','1','1','0000-00-00'),(51,'011.06.05','','Maya Lusita Suriyandari, S.E.','Sidoarjo','1977-05-28','2','2','1','Siwalankerto PJKA No. 9','Surabaya','','','','','085648177240','','10','11','','3','4','2005-03-21','0000-00-00','0000-00-00',0,'','','','1','0000-00-00','','','0000-00-00','1','1','1','1','1','1','1','1','1','0000-00-00'),(52,'075.06.10','','Novita Sari Sutanto','Surabaya','1988-11-20','2','2','2','Pandegiling 42','Surabaya','','','','','08165409809','','10','14','','3','4','2010-05-03','0000-00-00','0000-00-00',0,'','','','1','0000-00-00','','','0000-00-00','1','1','1','1','1','1','1','1','1','0000-00-00'),(53,'131.01.13','','Shanti Mahardikani','Surabaya','1976-05-07','2','2','2','Perum. Surya Regency Blok D.6 No.25','Surabaya','','','','','087853451327','','10','11','','9','3','2013-07-08','0000-00-00','2015-06-20',0,'','','','1','0000-00-00','','','0000-00-00','1','1','1','1','1','1','1','1','1','0000-00-00'),(54,'076.06.10','','Stephanie Hartanto, S.Psi','Surabaya','1987-09-30','2','2','-','Tenggilis Mejoyo AM 4A','','','','','','','','10','11','','3','4','2010-02-15','0000-00-00','0000-00-00',0,'','','','1','0000-00-00','','','0000-00-00','1','1','1','1','1','1','1','1','1','0000-00-00'),(55,'032.01.13','','Stefany Angelina Trijojo','Surabaya','1988-04-19','2','2','-','Manggis No. 12','Surabaya','','','','','082168808055','','10','11','','9','8','2013-07-08','0000-00-00','2015-06-20',0,'','','','2','2014-06-20','','','0000-00-00','1','1','1','1','1','1','1','1','1','0000-00-00'),(56,'141.02.13','','Lini Wijaya Sinarli, S.E.','Makassar','1991-07-18','2','2','2','Lebak Indah Mas I/23','Surabaya','','','','','082132427788','','10','11','','9','4','2013-07-07','0000-00-00','2015-06-20',0,'','','','1','0000-00-00','','','0000-00-00','1','1','1','1','1','1','1','1','1','0000-00-00'),(57,'100.02.12','','Musa Mohamad K','Gresik','1983-10-10','2','2','1','','','','','','','085732708367','','10','34','','3','3','2015-01-22','0000-00-00','0000-00-00',0,'','','','1','0000-00-00','','','0000-00-00','1','1','1','1','1','1','1','1','1','0000-00-00'),(58,'109.01.12','','Selli Nur Susanti, S.E.','Surabaya','1981-02-28','2','2','2','','','','','','','085733362280','','10','11','','9','4','2011-07-11','0000-00-00','0000-00-00',0,'','','','1','0000-00-00','','','0000-00-00','1','1','1','1','1','1','1','1','1','0000-00-00'),(59,'112.02.12','','Reni','Kediri','1981-06-10','2','2','1','Kertajaya Indah Timur 17','','','','','','082140212131','','10','34','','3','3','2015-01-22','0000-00-00','0000-00-00',0,'','','','1','0000-00-00','','','0000-00-00','1','1','1','1','1','1','1','1','1','0000-00-00'),(60,'080.07.11','','Yossy Ana Susilo, S.E.','Surabaya','1982-08-08','2','2','1','Wedoro Regency 19, Waru','Sidoarjo','','','','','0878530033919','','10','19','','3','4','2011-04-04','0000-00-00','0000-00-00',0,'','','','1','0000-00-00','','','0000-00-00','1','1','1','1','1','1','1','1','1','0000-00-00'),(61,'134.01.13','','Chandra Maruli Manullang, S.Pd.','Surabaya','1989-11-18','1','2','1','Manukan Lor 7D/7','Surabaya','','','','','081703348600','','12','11','','9','4','2013-07-22','0000-00-00','2015-06-20',0,'','','','2','2015-02-11','','','0000-00-00','1','1','1','1','1','1','1','1','1','0000-00-00'),(62,'019.03.05','','Christine Oscar, S.S., M.M.','Surabaya','1982-03-19','2','2','2','Kutisari Indah Barat I/96','Surabaya','','','','','0811376978','','12','14','','3','5','2005-11-21','0000-00-00','0000-00-00',0,'','','','1','0000-00-00','','','0000-00-00','1','1','1','1','1','1','1','1','1','0000-00-00'),(63,'173.01.14','','Eben Ezer Tarihoran, S.Th., MACE','Tapanuli Utara','1973-02-19','1','2','1','Griyo Wage Asri I Blok J/17, Taman Wage','Sidoarjo','','','','03171340921','085850363345','','14','11','','9','5','2014-07-07','0000-00-00','2015-06-20',0,'','','','1','0000-00-00','','','0000-00-00','1','1','1','1','1','1','1','1','1','0000-00-00'),(64,'184.01.14','','Fongling Natalia Budisungkono','Surabaya','1992-07-01','2','2','2','Bendul Merisi Selatan III/37','Surabaya','','','','','085749405144','','12','11','','3','4','2014-08-25','0000-00-00','0000-00-00',0,'','','','1','0000-00-00','','','0000-00-00','1','1','1','1','1','1','1','1','1','0000-00-00'),(65,'077.06.10','','Helen Wijaya, S.T.','Surabaya','1982-12-04','2','2','1','Jemursari Regency B38; Manyar Rejo IX/56','Surabaya','','','','','0818513443','','12','11','','3','4','2010-10-04','0000-00-00','0000-00-00',0,'','','','1','0000-00-00','','','0000-00-00','1','1','1','1','1','1','1','1','1','0000-00-00'),(66,'027.06.07','','Jiely Angela, S.S.','Balikpapan','1974-03-30','2','2','2','','','','','','','','','12','11','','3','4','2005-07-25','0000-00-00','0000-00-00',0,'','','','1','0000-00-00','','','0000-00-00','1','1','1','1','1','1','1','1','1','0000-00-00'),(67,'082.08.08','','Hanis Sri Utami','Surabaya','1973-09-13','2','-','1','','','','','','','','','11','27','','3','3','2008-10-06','0000-00-00','0000-00-00',0,'','','','1','0000-00-00','','','0000-00-00','1','1','1','1','1','1','1','1','1','0000-00-00'),(68,'022.06.06','','Imanda Wijaya, S.Psi.','Kediri','1976-02-03','2','2','1','Siwalankerto IIB/7','Surabaya','','','','','08155021530','','12','11','','3','4','2006-03-20','0000-00-00','0000-00-00',0,'','','','1','0000-00-00','','','0000-00-00','1','1','1','1','1','1','1','1','1','0000-00-00'),(69,'191.01.12','','Landero Cecille','Filipina','1987-09-12','2','2','2','','','','','','','','','12','11','','9','4','2012-06-14','0000-00-00','0000-00-00',0,'','','','2','2015-06-20','','','0000-00-00','1','1','1','1','1','1','1','1','1','0000-00-00'),(70,'192.01.13','','Kimberly Ceniza Allego, BSEd.','Filipina','1987-10-05','2','2','2','','','','','','','','','12','11','','9','4','2013-07-22','0000-00-00','2015-06-20',0,'','','','2','2015-06-20','','','0000-00-00','1','1','1','1','1','1','1','1','1','0000-00-00'),(71,'193.01.14','','Leah Garcia Candilosas, B.S.Ch.E.','Filipina','1987-08-21','2','2','2','','','','','','','','','12','11','','9','4','2014-03-10','0000-00-00','0000-00-00',0,'','','','1','0000-00-00','','','0000-00-00','1','1','1','1','1','1','1','1','1','0000-00-00'),(72,'116.02.12','','Lilies Winda Arditya, S.E.','Surabaya','1988-11-02','2','2','1','Raganata No.10A','Sidoarjo','','','','','085733112602','','12','19','','3','4','2012-07-09','0000-00-00','0000-00-00',0,'','','','1','0000-00-00','','','0000-00-00','1','1','1','1','1','1','1','1','1','0000-00-00'),(73,'185.01.14','','Liza Rosana, S.Pd.','Surabaya','1979-04-03','2','2','2','Griya Suci Permai E6/17A','Gresik','','','','','085649493387','3d0a8ca33ebd08de88e5b8dcc7fcb2b8.jpg','12','11','','9','4','2014-08-29','0000-00-00','2015-06-20',0,'','','','1','0000-00-00','','','0000-00-00','1','1','1','1','1','1','1','1','1','0000-00-00'),(74,'121.01.12','','Maria Elvi Priantini, S.E.','Surabaya','1975-05-20','2','2','1','','','','','','','','','12','11','','3','4','2012-10-15','0000-00-00','0000-00-00',0,'','','','1','0000-00-00','','','0000-00-00','1','1','1','1','1','1','1','1','1','0000-00-00'),(75,'024.06.06','','Martha Engeline M., S.IP., M.M.','Surabaya','1974-05-17','2','2','1','Candi Lontar Kulon 44Q-4','Surabaya','','','','','081331184946','','11','14','','3','5','2006-07-10','0000-00-00','0000-00-00',0,'','','','1','0000-00-00','','','0000-00-00','1','1','1','1','1','1','1','1','1','0000-00-00'),(76,'020.06.06','','M.I. Judi Kristiani','Kediri','1972-08-11','2','2','1','Komplek TNI AL, Jl. Badik No.2 Seruni Tebel','Sidoarjo','','','','','081331834159','','12','11','','3','-','2005-10-17','0000-00-00','0000-00-00',0,'','','','1','0000-00-00','','','0000-00-00','1','1','1','1','1','1','1','1','1','0000-00-00'),(77,'126.01.13','','Putri Iin Alimsijah, B.Sc.','Surabaya','1985-11-19','2','2','2','Kertajaya Indah VII/47','Surabaya','','','','','08983958276','','12','11','','9','4','2013-03-04','0000-00-00','0000-00-00',0,'','','','2','2015-06-20','','','0000-00-00','1','1','1','1','1','1','1','1','1','0000-00-00'),(78,'094.06.09','','Robby Sutaryo','Makassar','1955-05-27','1','2','1','Petemon Kali 46A, 31','Surabaya','','','','','081330900939','','14','11','','3','9','2009-10-05','0000-00-00','0000-00-00',0,'','','','2','2015-06-30','','','0000-00-00','1','1','1','1','1','1','1','1','1','0000-00-00'),(79,'056.08.07','','Sahat Mauli Simorangkir','Sidoarjo','1980-07-09','1','2','1','','','','','','','','','32','29','','3','3','2007-10-22','0000-00-00','0000-00-00',0,'','','','1','0000-00-00','','','0000-00-00','1','1','1','1','1','1','1','1','1','0000-00-00'),(80,'135.01.03','','Sony Kurniawan, S.Pd.','Blitar','1981-09-29','1','2','1','','','','','','','','','14','14','','3','4','2013-07-22','0000-00-00','0000-00-00',0,'','','','1','0000-00-00','','','0000-00-00','1','1','1','1','1','1','1','1','1','0000-00-00'),(81,'153.01.14','','Tan Hwa San, S.E., M.M., M.Div., MACE','Surabaya','1972-06-18','1','2','2','Pondok Tjandra Indah, Jl. Duku VII/CB 44 ','Surabaya','','','','','','','12','20','','3','5','2015-01-23','0000-00-00','0000-00-00',0,'','','','1','0000-00-00','','','0000-00-00','1','1','1','1','1','1','1','1','1','0000-00-00'),(82,'071.06.10','','Yunus Denny S.','Jember','1975-07-14','1','2','1','Siwalankerto Timur I/60','Surabaya','','','','','081914736956','','12','11','','3','-','2010-07-05','0000-00-00','0000-00-00',0,'','','','1','0000-00-00','','','0000-00-00','1','1','1','1','1','1','1','1','1','0000-00-00'),(83,'096.06.11','','Caroline Florentine, S.Psi.','','1988-05-01','2','2','2','Wisata Bukit Mas 2 F4 No 17-18','Surabaya','','','','','','7d8ac6284839960e4cab65de86c8f94b.jpg','9','11','','3','4','2012-01-23','0000-00-00','0000-00-00',0,'','','','2','2015-02-20','','','0000-00-00','1','1','1','1','1','1','1','1','1','0000-00-00'),(84,'015.06.05','','Deasy Arieyanthi, S.Psi.','Surabaya','1976-12-18','2','2','2','Tengger III buntu 23','Surabaya','','','','','','6d887ee44c3c0cafc14dc12232efd2a9.jpg','9','11','','3','4','2005-05-02','0000-00-00','0000-00-00',0,'','','','1','0000-00-00','','','0000-00-00','1','1','1','1','1','1','1','1','1','0000-00-00'),(85,'009.06.04','','Debbie Tresiani Kwapela, S.Pd.','','1974-03-23','2','2','2','Manukan Yoso IV/7D-3','Surabaya','','','','','','24bd2d213d31fa0bd5cf1c2031a4a435.jpg','9','11','','3','4','2004-07-19','0000-00-00','0000-00-00',0,'','','','1','0000-00-00','','','0000-00-00','1','1','1','1','1','1','1','1','1','0000-00-00'),(86,'031.06.08','','Eliana Lieman','Tulungagung','1979-09-15','2','2','1','Tanjung Sari Baru 5/64','Surabaya','','','','','0816558720','22e6f0d5ea46eb650d833fe2d3225197.jpg','9','11','','3','4','2008-08-04','0000-00-00','0000-00-00',0,'','','','1','0000-00-00','','','0000-00-00','1','1','1','1','1','1','1','1','1','0000-00-00'),(87,'127.01.13','','Elizabeth Sunjoto, S.Sn.','Surabaya','1989-01-20','2','2','2','Darmo Hill O-40','Surabaya','','','','','08123153899','cd6bc004656f2333f7573f86c1216b35.jpg','9','11','','3','4','2013-05-27','0000-00-00','0000-00-00',0,'','','','2','2015-06-20','','','0000-00-00','1','1','1','1','1','1','1','1','1','0000-00-00'),(88,'016.06.05','','Elly Mayasari, S.Pd.','Surabaya','1983-08-03','2','2','1','Griya Babatan Mukti K-3, Wiyung','Surabaya','','','','','085646363080','84e4774f56f6d2e1552eda8499d37011.jpg','9','11','','3','4','2005-05-09','0000-00-00','0000-00-00',0,'','','','1','0000-00-00','','','0000-00-00','1','1','1','1','1','1','1','1','1','0000-00-00'),(89,'010.06.05','','Erika Magdalena, S.Pd.','Surabaya','1982-11-06','2','2','1','Perum Menteng Regency C-2','Gresik','','','','','085648280222','0b7d71fad7fd4b1d0de29ac305fa5d97.jpg','9','11','','3','4','2004-10-18','0000-00-00','0000-00-00',0,'','','','1','0000-00-00','','','0000-00-00','1','1','1','1','1','1','1','1','1','0000-00-00'),(90,'014.06.05','','Evy Lindayana, S.Si., Apt.','Dobo','1975-03-31','2','2','1','Jajar Tunggal Utara C-19','Surabaya','','','','','08123008784','62e3968497115f34b177c13752b5fa47.jpg','9','14','','3','4','2005-05-23','0000-00-00','0000-00-00',0,'','','','1','0000-00-00','','','0000-00-00','1','1','1','1','1','1','1','1','1','0000-00-00'),(91,'102.01.12','','Helen, S.E.','Malang','1981-08-26','2','2','1','','','','','','','08123303289','50569f7579cf55d697fa4a5be234456d.jpg','9','11','','3','4','2012-08-20','0000-00-00','0000-00-00',0,'','','','1','0000-00-00','','','0000-00-00','1','1','1','1','1','1','1','1','1','0000-00-00'),(92,'028.06.07','','Ika Sari, S.Psi','Surabaya','1977-09-11','2','2','2','Sidotopo Wetan 131','Surabaya','','','','','085648777947','2bdae99f8ac25463e1fa870317fa8369.jpg','9','11','','3','4','2007-08-20','0000-00-00','0000-00-00',0,'','','','1','0000-00-00','','','0000-00-00','1','1','1','1','1','1','1','1','1','0000-00-00'),(93,'095.06.11','','Irene Vanessa, S.S.','Surabaya','1986-09-14','2','2','1','Raya Karah Indah N-45','Surabaya','','','','','08123101240','1e9b1f3c14f83a48f991ce12b38e1334.jpg','9','11','','3','4','2011-08-22','0000-00-00','0000-00-00',0,'','','','1','0000-00-00','','','0000-00-00','1','1','1','1','1','1','1','1','1','0000-00-00'),(94,'119.01.12','','Julini Liunardi, S.E.','Surabaya','1990-12-23','2','2','2','','','','','','','','08c455826ae5f230804c27b347c37179.jpg','9','11','','9','4','2012-09-03','0000-00-00','2015-08-31',0,'','','','1','0000-00-00','','','0000-00-00','1','1','1','1','1','1','1','1','1','0000-00-00'),(95,'033.06.07','','Lia Debora','Surabaya','1985-03-13','2','2','1','Jagalan 7/10','Surabaya','','','','','081333099811','542dbd24d5c90715921dfe38c1b01c6b.jpg','9','11','','3','3','2013-07-01','0000-00-00','0000-00-00',0,'','','','1','0000-00-00','','','0000-00-00','1','1','1','1','1','1','1','1','1','0000-00-00'),(96,'045.06.08','','Maria Putri Ardianasari, S.Pd.','','1984-03-27','2','2','1','Mliwis 35','Surabaya','','','','','081235055010','59cbf3a9ff9d2753d1785094c626ffda.jpg','9','11','','3','4','2008-09-22','0000-00-00','0000-00-00',0,'','','','1','0000-00-00','','','0000-00-00','1','1','1','1','1','1','1','1','1','0000-00-00'),(97,'039.06.09','','Maureen Octavia, S.E','Surabaya','1986-10-14','2','2','1','Sambi Kerep N-14 Perum Perhutani','Surabaya','','','','','08563038589','2015a56a1f7683c7e11a03ecfda0a412.jpg','9','11','','3','4','2009-02-23','0000-00-00','0000-00-00',0,'','','','1','0000-00-00','','','0000-00-00','1','1','1','1','1','1','1','1','1','0000-00-00'),(98,'004.03.03','','Olivia Tiono Gunawan, S.S., M.M.','Surabaya','1979-06-15','2','2','1','Permata Safira Regency F4/27','Surabaya','','','','','081553205179','','9','13','','3','5','2003-07-07','0000-00-00','0000-00-00',0,'','','','1','0000-00-00','','','0000-00-00','1','1','1','1','1','1','1','1','1','0000-00-00'),(99,'021.06.06','','Olivia Weol, S.S.','Surabaya','1983-10-25','2','2','1','Darmo Permai Utara XI/18','Surabaya','','','','','08123120689','95944a8578112448a8d3da40b41fae2b.jpg','9','11','','3','4','2006-03-27','0000-00-00','0000-00-00',0,'','','','1','0000-00-00','','','0000-00-00','1','1','1','1','1','1','1','1','1','0000-00-00'),(100,'088.06.12','','One Remmayanti, S.S.','Surabaya','1971-08-08','2','2','1','Jl Tanjung Pura No.24','Surabaya','','','','','','b01530ec6e022c9a17fd4c6b9749ae5b.jpg','9','11','','3','4','2011-02-21','0000-00-00','0000-00-00',0,'','','','1','0000-00-00','','','0000-00-00','1','1','1','1','1','1','1','1','1','0000-00-00'),(101,'073.06.09','','Retina Mastiur Naibaho, S.Pd.','Surabaya','1983-10-10','2','2','1','Jugruk Rejosari I / I','Surabaya','','','','','081330321440','46e776e7e386dfd804c1ee2e70037ca4.jpg','9','11','','3','4','2009-07-02','0000-00-00','0000-00-00',0,'','','','1','0000-00-00','','','0000-00-00','1','1','1','1','1','1','1','1','1','0000-00-00'),(102,'030.01.08','','Heidi Donesha, M.Div.','Texas, USA','1978-07-08','2','2','2','','','','','','','','','9','11','','9','5','2008-07-14','0000-00-00','2015-06-20',0,'','','','1','0000-00-00','','','0000-00-00','1','1','1','1','1','1','1','1','1','0000-00-00'),(103,'092.07.10','','Marseila Krisyane, S.Pd.','Surabaya','1983-06-30','2','2','1','Manukan Krajan IV/34','Surabaya','','','','','','1009e070f846fb48713152620ad956ec.jpg','9','11','','3','4','2010-06-21','0000-00-00','0000-00-00',0,'','','','2','2015-06-20','','','0000-00-00','1','1','1','1','1','1','1','1','1','0000-00-00'),(104,'007.06.04','','Shierly Lionita, S.E.','Surabaya','1976-04-27','2','2','1','Jl Kupang Indah 7 / 22','Surabaya','','','','','03170951173','b5dedd622f45171188e76251bd5221f3.jpg','9','11','','3','4','2004-06-01','0000-00-00','0000-00-00',0,'','','','1','0000-00-00','','','0000-00-00','1','1','1','1','1','1','1','1','1','0000-00-00'),(105,'178.02.14','','Wanda Krisma Nathania, S.Pd.','Bojonegoro','1989-03-04','2','2','1','Komplek TNI AL, Rumdis Ampel 1/58 Semampir','Surabaya','','','','','081235959399','','9','11','','9','4','2014-07-21','0000-00-00','2015-06-20',0,'','','','1','0000-00-00','','','0000-00-00','1','1','1','1','1','1','1','1','1','0000-00-00'),(108,'035.06.07','','Daniel Krisna S., S.Si., M.M.','Surabaya','1982-12-23','1','2','2','Bibis Tama I 4/6','Surabaya','','','','','085 648 475 656','','11','11','','3','5','2007-06-25','0000-00-00','0000-00-00',0,'','','','1','0000-00-00','','','0000-00-00','1','1','1','1','1','1','1','1','1','0000-00-00'),(109,'106.01.12','','Daniel O&#039;Hara, S.Th.','Blitar','1984-11-02','1','2','2','Simohilir Barat XI/7','Surabaya','','','','','083 830 246 257','3f349ffe7a6188488f5ecff319e9eebe.jpg','11','11','','3','4','2012-07-16','0000-00-00','0000-00-00',0,'','','','1','0000-00-00','','','0000-00-00','1','1','1','1','1','1','1','1','1','0000-00-00'),(110,'013.06.05','','David Hendra G., S.E.','Surabaya','1983-06-24','1','2','1','Taman Siwalan Indah Blok P-33 Kepatihan','Gresik','','','','','088 804 892 340','','11','14','','3','4','2005-05-09','0000-00-00','0000-00-00',0,'','','','1','0000-00-00','','','0000-00-00','1','1','1','1','1','1','1','1','1','0000-00-00'),(111,'137.01.13','','Debora Terang Miniang, S.Pd.','Mojokerto','1969-08-20','2','2','1','Kedurus IVB/65','Surabaya','','','','','081 357 626 302','f2d1e3f6eae4d9df5e95710a51101a16.jpg','11','11','','3','4','2013-07-22','0000-00-00','0000-00-00',0,'','','','1','0000-00-00','','','0000-00-00','1','1','1','1','1','1','1','1','1','0000-00-00'),(112,'091.06.12','','Denny Susanto, S.E., BBA','Surabaya','1984-10-19','1','2','2','Dukuh Kupang Timur XI/26','Surabaya','','','','','089 999 986 79','4100e0a447f2740f413ee25099301d0b.jpg','11','11','','3','4','2011-10-24','0000-00-00','0000-00-00',0,'','','','1','0000-00-00','','','0000-00-00','1','1','1','1','1','1','1','1','1','0000-00-00'),(113,'055.06.09','','Dewi Kartika, S.Pd.','Surabaya','1977-03-25','2','2','1','Darmo Indah Barat F-6','','','','','','087 854 343 737','74919ce84c61068b74700323d6499e47.jpg','11','11','','3','4','2009-08-03','0000-00-00','0000-00-00',0,'','','','1','0000-00-00','','','0000-00-00','1','1','1','1','1','1','1','1','1','0000-00-00'),(114,'151.01.14','','Fritzie Wibisono, S.S.','Surabaya','1979-11-09','2','2','1','Taman Pondok Indah PX-20 Wiyung','Surabaya','','','','','081 515 999 388','084de96a3c2db87fe232b6b7299af327.jpg','11','11','','9','4','2014-03-17','0000-00-00','2015-06-20',0,'','','','1','0000-00-00','','','0000-00-00','1','1','1','1','1','1','1','1','1','0000-00-00'),(115,'090.06.12','','Iis Santi Melani S., S.T.','Surabaya','1982-07-10','2','2','1','Wisma Tengger V/16','','','','','','081 216 654 73','c692434465bc5412d76a84521644c055.jpg','11','11','','3','4','2011-06-20','0000-00-00','0000-00-00',0,'','','','1','0000-00-00','','','0000-00-00','1','1','1','1','1','1','1','1','1','0000-00-00'),(116,'194.01.13','','Laarni D. Umoc','Filipina','1970-02-15','2','2','2','','','','','','','089 628 935 977','','11','11','','9','4','2013-02-01','0000-00-00','0000-00-00',0,'','','','1','0000-00-00','','','0000-00-00','1','1','1','1','1','1','1','1','1','0000-00-00'),(117,'065.06.10','','Lenny Diana K. Kwan, S.S.','Surabaya','1983-08-10','2','2','1','Tanjung Sari Baru 3/27','Surabaya','','','','','081 230 986 70','','11','11','','3','4','2010-02-02','0000-00-00','0000-00-00',0,'','','','1','0000-00-00','','','0000-00-00','1','1','1','1','1','1','1','1','1','0000-00-00'),(118,'025.06.06','','Maria Magdalena, S.Ipd.K','Pasuruan','1982-06-05','2','2','1','Pucang Jajar Utara 26','','','','','','085 730 072 246','34b0d332e3b5ef1ac408761e28f0d30b.jpg','11','11','','3','4','2006-09-04','0000-00-00','0000-00-00',0,'','','','1','0000-00-00','','','0000-00-00','1','1','1','1','1','1','1','1','1','0000-00-00'),(119,'103.01.12','','Oei Bing Bing, M.Pd.','Surabaya','1985-03-25','2','2','1','','','','','','','081 293 987 377','','11','11','','3','5','2012-07-02','0000-00-00','0000-00-00',0,'','','','1','0000-00-00','','','0000-00-00','1','1','1','1','1','1','1','1','1','0000-00-00'),(120,'041.06.08','','Rahayu Febiana, S.Psi., M.M.','Pasuruan','1979-02-25','2','2','1','Perum Larangan Mega Asri B/38 Candi','Sidoarjo','','','','','081 231 153 842','58303325396c535039fbeedeb8632fef.jpg','11','11','','3','5','2006-06-26','0000-00-00','0000-00-00',0,'','','','1','0000-00-00','','','0000-00-00','1','1','1','1','1','1','1','1','1','0000-00-00'),(121,'093.01.11','','Ramilo Nenita C., B.Sc.','Filipina','1958-05-23','2','2','1','','','','','','','081 216 075 663','','11','11','','9','4','2011-07-01','0000-00-00','0000-00-00',0,'','','','1','0000-00-00','','','0000-00-00','1','1','1','1','1','1','1','1','1','0000-00-00'),(122,'008.03.04','','Ratna Bayu A., M.Pd.','Pandaan','1970-04-07','2','2','1','','','','','','','083 856 542 777','','11','13','','3','5','2004-01-05','0000-00-00','0000-00-00',0,'','','','1','0000-00-00','','','0000-00-00','1','1','1','1','1','1','1','1','1','0000-00-00'),(123,'130.01.13','','Ros Indah Simatupang, S.S.','Lobugala, Tapanuli','1989-03-18','2','2','2','Raya Batu Mulia 15A Driyorejo','Surabaya','','','','','081 370 892 566','cf2b581776c6b312bef05f922cbbc413.jpg','11','11','','3','4','2013-06-17','0000-00-00','0000-00-00',0,'','','','1','0000-00-00','','','0000-00-00','1','1','1','1','1','1','1','1','1','0000-00-00'),(124,'082.05.10','','Sandradevi Tedjokusumo, S.T.','Surabaya','1978-10-18','2','2','1','Simo Rukun 7/7','Surabaya','','','','','031 910 007 75','8762b483c3b66e383a3c318e5439157e.jpg','11','11','','3','4','2015-01-26','0000-00-00','0000-00-00',0,'','','','1','0000-00-00','','','0000-00-00','1','1','1','1','1','1','1','1','1','0000-00-00'),(125,'104.01.12','','Stella Ivonne P.S., MPA','Yogyakarta','1982-03-20','2','2','1','','','','','','','081 228 899 973','15f1bb3cfaec64648e2541b70fdd54c1.jpg','11','11','','3','5','2011-11-07','0000-00-00','0000-00-00',0,'','','','1','0000-00-00','','','0000-00-00','1','1','1','1','1','1','1','1','1','0000-00-00'),(126,'190.01.14','','Theresia Ayu Kusdwiharini, M.Pd.','Sidoarjo','1984-07-07','2','2','1','Jenggolo 2/E-51','Sidoarjo','','','','','087 855 247 844','','11','11','','9','5','2015-08-14','0000-00-00','2015-06-20',0,'','','','1','0000-00-00','','','0000-00-00','1','1','1','1','1','1','1','1','1','0000-00-00'),(127,'067.06.09','','Trofiansi Roliand Dalero, S.Th.','Rainis','1981-04-06','2','2','1','Tubanan Baru C25','Surabaya','','','','','082 400 292 20','a46f74b92e04e2a0e4fbe711cfc38a8d.jpg','11','20','','3','4','2009-08-03','0000-00-00','0000-00-00',0,'','','','1','0000-00-00','','','0000-00-00','1','1','1','1','1','1','1','1','1','0000-00-00'),(128,'026.06.07','','Ully D. Ria Ambarita, S.Psi.','Surabaya','1980-06-10','2','2','1','Silindri G-3/12 HN2 Driyorejo Kota Baru','Gresik','','','','','081 331 581 477','9444903dee71b6d73add417fd083b201.jpg','11','11','','3','4','2007-06-04','0000-00-00','0000-00-00',0,'','','','1','0000-00-00','','','0000-00-00','1','1','1','1','1','1','1','1','1','0000-00-00'),(129,'047.06.08','','Utin, S.Th.','Pontianak','1974-07-21','1','2','1','Pakis Gunung II/16B','Surabaya','','','','','081 332 195 047','d749f109f1bfc50d769c4b1961b38320.jpg','11','11','','3','4','2008-01-09','0000-00-00','0000-00-00',0,'','','','1','0000-00-00','','','0000-00-00','1','1','1','1','1','1','1','1','1','0000-00-00'),(130,'052.07.09','','Yobel Edi Waluyo, S.Th.','Kediri','1987-05-04','1','2','1','Donowati 2/16','Surabaya','','','','','085 733 247 111','3b5bd37c90f6838c1dfbbdaac555e392.jpg','11','11','','3','4','2009-04-13','0000-00-00','0000-00-00',0,'','','','1','0000-00-00','','','0000-00-00','1','1','1','1','1','1','1','1','1','0000-00-00'),(131,'133.01.13','','Agustinus, S.Th.','Tuban','1983-10-27','1','2','1','Tubanan Baru C25','Surabaya','','','','','','7f5e35871204e695b278e26012602aed.jpg','13','11','','3','4','2013-07-01','0000-00-00','0000-00-00',0,'','','','2','2015-06-20','','','0000-00-00','1','1','1','1','1','1','1','1','1','0000-00-00'),(132,'182.01.14','','Anastasia Ratna Handayani, S.Pd.','Malang','1975-05-13','2','2','1','Simorejo 26','Surabaya','','','','','0856 4630 0513','','13','11','','9','4','2014-08-11','0000-00-00','2015-06-20',0,'','','','1','0000-00-00','','','0000-00-00','1','1','1','1','1','1','1','1','1','0000-00-00'),(133,'201.01.14','','Benny Edward Goodman, B.A.','Amerika','1967-08-17','1','2','1','Peneleh 3/54','Surabaya','','','','','','f7031bcb28e95a47edad69b83fc83d4f.jpg','13','11','','9','4','2014-10-21','0000-00-00','2015-06-20',0,'','','','1','0000-00-00','','','0000-00-00','1','1','1','1','1','1','1','1','1','0000-00-00'),(134,'202.01.15','','Cherry Lou P. Cunanan, B.Sc.','Filipina','1975-05-15','2','2','2','','','','','','','','3679043986ac4b982e469e9e9ad8381c.jpg','13','11','','9','4','2015-01-15','0000-00-00','2016-06-20',0,'','','','1','0000-00-00','','','0000-00-00','1','1','1','1','1','1','1','1','1','0000-00-00'),(135,'068.06.08','','Danang Panca, S.T.','Sidoarjo','1976-09-06','1','2','1','Jl. Suningrat 39 Ketegan','Sidoarjo','','','','','085 648 053 910','5a5aa342315b71893814a4a22073f168.jpg','13','11','','3','4','2006-01-03','0000-00-00','0000-00-00',0,'','','','1','0000-00-00','','','0000-00-00','1','1','1','1','1','1','1','1','1','0000-00-00'),(136,'006.06.04','','Desy Yovitaningsih, S.T.','Surabaya','1978-12-22','2','2','1','Ketintang Timur PTT 2/24','Surabaya','','','','','081 332 532 848','cc5160c7e5646035a0ef1925b010af89.jpg','13','14','','3','4','2004-05-24','0000-00-00','0000-00-00',0,'','','','1','0000-00-00','','','0000-00-00','1','1','1','1','1','1','1','1','1','0000-00-00'),(137,'200.01.14','','Elena Ose Dionisio, B.SEd','Filipina','1975-06-09','2','2','2','','','','','','','085 852 409 608','f85d1e1c0116c9b21332cf2024134d01.jpg','13','11','','9','4','2014-07-07','0000-00-00','0000-00-00',0,'','','','1','0000-00-00','','','0000-00-00','1','1','1','1','1','1','1','1','1','0000-00-00'),(138,'174.01.14','','Erafid Moardhika, S.Pd.','Surabaya','1986-05-15','1','2','1','Perum Taman Sejahtera, Jl. Karang Klumprik Utara C-7 Wiyung','Surabaya','','','','','088 135 213 69','','13','11','','9','4','2014-07-07','0000-00-00','2015-06-20',0,'','','','1','0000-00-00','','','0000-00-00','1','1','1','1','1','1','1','1','1','0000-00-00'),(139,'198.01.14','','Herman Sionosa, B.Sc.','Filipina','1973-12-28','1','2','1','','','','','','','082 233 989 138','','13','11','','9','4','2014-01-07','0000-00-00','0000-00-00',0,'','','','1','0000-00-00','','','0000-00-00','1','1','1','1','1','1','1','1','1','0000-00-00'),(140,'043.06.09','','Kartika, S.Th., M.M.','Surabaya','1987-09-05','2','2','1','Wonorejo Permai Selatan 4/CC-277','Surabaya','','','','','081 938 082 081','','13','15','','3','5','2009-06-15','0000-00-00','0000-00-00',0,'','','','1','0000-00-00','','','0000-00-00','1','1','1','1','1','1','1','1','1','0000-00-00'),(141,'195.01.13','','Larmy Judan, B.SEd.','Filipina','1976-11-04','2','2','1','','','','','','','081 803 128 634','','13','11','','9','4','2013-06-21','0000-00-00','0000-00-00',0,'','','','1','0000-00-00','','','0000-00-00','1','1','1','1','1','1','1','1','1','0000-00-00'),(142,'199.01.14','','Liberty Sionosa, B.SEd.','Filipina','1972-06-12','2','2','1','','','','','','','082 233 989 168','','19','16','','9','4','2014-01-07','0000-00-00','0000-00-00',0,'','','','1','0000-00-00','','','0000-00-00','1','1','1','1','1','1','1','1','1','0000-00-00'),(143,'139.01.13','','Massa Simon Wachju Noegroho, S.Pd.','Surabaya','1970-07-17','1','3','1','Griya Kebraon Utara AG/28','Surabaya','','','','','081 216 337 336','1d0c69cd24d4bb631c58247ab70f1891.jpg','13','11','','3','4','2013-07-01','0000-00-00','0000-00-00',0,'','','','1','0000-00-00','','','0000-00-00','1','1','1','1','1','1','1','1','1','0000-00-00'),(144,'164.03.14','','Merlin Tristano, B.S.','Surabaya','1981-05-03','2','2','2','Raya Darmo Permai 3/12','Surabaya','','','','','089 839 915 43','','13','11','','9','4','2014-04-01','0000-00-00','2015-06-20',0,'','','','1','0000-00-00','','','0000-00-00','1','1','1','1','1','1','1','1','1','0000-00-00'),(145,'036.06.07','','Naomi Setianingtyas, S.Th.','Kediri','1981-12-01','2','2','1','Manukan Tirto IV Blok 22 J/13','Surabaya','','','','','081 252 763 131','5caef460dc9799b843d59a5c84e3f749.jpg','13','11','','3','4','2007-09-03','0000-00-00','0000-00-00',0,'','','','1','0000-00-00','','','0000-00-00','1','1','1','1','1','1','1','1','1','0000-00-00'),(146,'196.01.13','','Reynaldo C Masanguid, B,SEd.','Filipina','1976-10-20','1','2','1','','','','','','','087 751 081 924','','13','11','','9','4','2013-06-21','0000-00-00','0000-00-00',0,'','','','1','0000-00-00','','','0000-00-00','1','1','1','1','1','1','1','1','1','0000-00-00'),(147,'138.01.13','','Richard Aprianus Manullang, S.E.','Surabaya','1988-04-04','1','2','2','Candi Lontar Lor 44-S/36','Surabaya','','','','','082 141 133 400','8e62036ed1cfef737e46d85599eb916d.jpg','13','14','','3','4','2013-07-01','0000-00-00','0000-00-00',0,'','','','1','0000-00-00','','','0000-00-00','1','1','1','1','1','1','1','1','1','0000-00-00'),(148,'023.06.06','','Sri Mulyati Widiyani, S.S., M.M.','Jombang','1978-08-09','2','2','2','Pakis Tirtosari 3/4','Surabaya','','','','','081 252 220 91','','13','13','','3','5','2005-07-04','0000-00-00','0000-00-00',0,'','','','1','0000-00-00','','','0000-00-00','1','1','1','1','1','1','1','1','1','0000-00-00'),(149,'187.01.14','','Stephen Piere Evan, S.Pd.','Sidoarjo','1991-05-22','1','3','2','Durian III/E.490 Pondok Tjandra Indah','','','','','','089 676 438 421','487272295b42d8cc9fc919cd44506069.jpg','13','11','','9','4','2014-10-14','0000-00-00','2015-06-20',0,'','','','1','0000-00-00','','','0000-00-00','1','1','1','1','1','1','1','1','1','0000-00-00'),(150,'098.01.11','','Tang Chu Kean, B.A.','Kedah, Malaysia','1978-03-12','1','2','1','Regency 21, Blok D-15, Arif Rahman Hakim 138 - 142','Surabaya','','','','','087 852 801 595','','13','36','','9','4','2011-07-11','0000-00-00','2015-06-20',0,'','','','1','0000-00-00','','','0000-00-00','1','1','1','1','1','1','1','1','1','0000-00-00'),(151,'197.01.13','','Yong Boon Kok, B.Sc. MTM','','1968-02-16','1','-','1','Manyar Kertoadi 99','Surabaya','','','','','081 852 9390','','13','11','','9','5','2013-12-02','0000-00-00','0000-00-00',0,'','','','1','0000-00-00','','','0000-00-00','1','1','1','1','1','1','1','1','1','0000-00-00'),(152,'107.02.14','','Albertus Dicky Sudarmadji, S.Sn.','Surabaya','1988-07-15','1','2','2','Praban Wetan V/1','Surabaya','','','','','0853 5368 6808','','31','21','','3','4','2011-01-05','0000-00-00','0000-00-00',0,'','','','1','0000-00-00','','','0000-00-00','1','1','1','1','1','1','1','1','1','0000-00-00'),(153,'145.02.13','','Anastasia Marieta Angela','Surabaya','1988-03-02','2','3','1','Pakis Gunung IA/03','Surabaya','','','','','081 232 248 819','b7fbe60bf426727e309a70fe536d6c32.jpg','9','19','','3','3','2013-07-22','0000-00-00','0000-00-00',0,'','','','1','0000-00-00','','','0000-00-00','1','1','1','1','1','1','1','1','1','0000-00-00'),(154,'181.02.14','','Betti Kristina Kwalrakun, S.H.','Surabaya','1986-05-18','2','2','1','Manukan Wasono VI/6','Surabaya','','','','','082 233 344 992','','13','19','','9','4','2014-08-06','0000-00-00','0000-00-00',0,'','','','1','0000-00-00','','','0000-00-00','1','1','1','1','1','1','1','1','1','0000-00-00'),(155,'108.02.12','','Christine Fany T., S.E.','Surabaya','1991-06-22','2','2','2','Dukuh Pakis III Taman Makam Pahlawan/56','Surabaya','','','','','085 732 103 940','ccb8fdd848003e015c068fec848cb44e.jpg','17','25','','3','4','2011-01-17','0000-00-00','0000-00-00',0,'','','','1','0000-00-00','','','0000-00-00','1','1','1','1','1','1','1','1','1','0000-00-00'),(156,'123.02.12','','Christine Hartanti','Surabaya','1989-05-03','2','2','2','Larangan Mega Asri IX/C-75','Sidoarjo','','','','','','','18','26','','3','3','2012-05-28','0000-00-00','0000-00-00',0,'','','','1','0000-00-00','','','0000-00-00','1','1','1','1','1','1','1','1','1','0000-00-00'),(157,'188.02.14','','Christine Irawan, S.E.','Surabaya','1991-04-01','2','2','2','Simpang Darmo Permai Selatan V/18','Surabaya','','','','','081 703 001 350','24e0fa6e7df45699723e8f111154529b.jpg','17','25','','9','4','2014-12-01','0000-00-00','2015-11-30',0,'','','','1','0000-00-00','','','0000-00-00','1','1','1','1','1','1','1','1','1','0000-00-00'),(158,'113.02.12','','Danang Tri Saputro','Surabaya','1982-04-23','2','2','2','Dukuh Kupang Barat XXXI/17B','Surabaya','','','','','081 330 007 090','','20','35','','3','3','2012-06-18','0000-00-00','0000-00-00',5,'','','','1','0000-00-00','','','0000-00-00','1','1','1','1','1','1','1','1','1','0000-00-00'),(159,'168.02.14','','Desi Nawangwulan, A.Md.','Surabaya','1973-12-12','2','2','1','Simo Kwagean 44','Surabaya','','','','','088 837 746 01','','17','25','','9','9','2014-07-07','0000-00-00','2015-06-20',0,'','','','1','0000-00-00','','','0000-00-00','1','1','1','1','1','1','1','1','1','0000-00-00'),(160,'085.07.10','','Erik Indra Arlianto','Surabaya','1983-04-30','1','2','1','Pradah Permai 2/6','Surabaya','','','','','081 330 119 813','','17','25','','3','3','2010-09-20','0000-00-00','0000-00-00',0,'','','','1','0000-00-00','','','0000-00-00','1','1','1','1','1','1','1','1','1','0000-00-00'),(161,'114.02.12','','Firmansyah Novianus','Surabaya','1980-11-14','1','2','1','Kedung Anyar 2 No. 52','Surabaya','','','','','','','20','23','','9','3','2012-06-18','0000-00-00','0000-00-00',0,'','','','1','0000-00-00','','','0000-00-00','1','1','1','1','1','1','1','1','1','0000-00-00'),(162,'118.02.12','','Johannes Ferry, A.Md.','Surabaya','1977-09-03','1','2','1','Siwalankerto Selatan II/31','Surabaya','','','','','','','20','38','','3','9','2012-08-06','0000-00-00','0000-00-00',0,'','','','1','0000-00-00','','','0000-00-00','1','1','1','1','1','1','1','1','1','0000-00-00'),(163,'176.02.14','','Ketut Tanto Dharma Putra Sandjaja, S.E.','Surabaya','1983-06-29','1','2','1','Darmo Indah Selatan Blok WW No. 29','Surabaya','','','','','','','17','25','','9','4','2014-07-16','0000-00-00','2015-07-17',0,'','','','1','0000-00-00','','','0000-00-00','1','1','1','1','1','1','1','1','1','0000-00-00'),(164,'189.02.14','','Liliswati, S.E.','Surabaya','1978-09-27','2','2','2','Menganti Babatan V no. 18','Surabaya','','','','','081 331 015 654','6bf90d1fb7dabbbe075800e54fa0b33c.jpg','17','25','','9','4','2014-12-01','0000-00-00','2015-11-30',0,'','','','1','0000-00-00','','','0000-00-00','1','1','1','1','1','1','1','1','1','0000-00-00'),(165,'050.07.08','','Lucia Wiwik','Surabaya','1970-10-18','2','2','1','Jagir Sidomukti 3/49','Surabaya','','','','','','','11','19','','3','3','2008-11-19','0000-00-00','0000-00-00',0,'','','','1','0000-00-00','','','0000-00-00','1','1','1','1','1','1','1','1','1','0000-00-00'),(166,'122.02.12','','Maryeta Pramesti Purbarini, S.Ak.','Kediri','1985-04-03','2','2','2','','','','','','','','','17','39','','3','4','2012-12-03','0000-00-00','0000-00-00',0,'','','','1','0000-00-00','','','0000-00-00','1','1','1','1','1','1','1','1','1','0000-00-00'),(167,'058.07.09','','Melfa Sinaga, A.Md.','Sibaganding','1987-05-24','2','2','2','Gubeng Kertajaya IV A/38','Surabaya','','','','','','','11','24','','3','9','2009-07-06','0000-00-00','0000-00-00',0,'','','','1','0000-00-00','','','0000-00-00','1','1','1','1','1','1','1','1','1','0000-00-00'),(168,'142.02.13','','Neria Indah Wiliyanti, S.Psi','Kediri','1981-05-23','2','2','2','Petemon IIA No. 29 B','Surabaya','','','','','08563320447','6284c8140f1b0cc57a30b4ba3a1c3517.jpg','18','26','','3','4','2013-07-01','0000-00-00','0000-00-00',5,'','','','1','0000-00-00','','','0000-00-00','1','1','1','1','1','1','1','1','1','0000-00-00'),(169,'051.07.09','','Nicky Melissa Olivia, Sm. Th.','Rumbai, Pekanbaru','1983-05-19','2','2','1','','','','','','','','','13','19','','3','8','2009-01-05','0000-00-00','0000-00-00',0,'','','','2','2015-07-03','','','0000-00-00','1','1','1','1','1','1','1','1','1','0000-00-00'),(170,'117.02.12','','Nursuwenik','Surabaya','1965-12-12','2','2','1','Dukuh Setro 3/67','Surabaya','','','','','','c4a3bd9c76a43973293a20482cc029c5.jpg','20','27','','3','-','2012-07-02','0000-00-00','0000-00-00',0,'','','','2','2015-05-29','','','0000-00-00','1','1','1','1','1','1','1','1','1','0000-00-00'),(171,'149.02.14','','Pujiati','Nagnjuk','1974-08-15','2','2','1','Darmo Indah Barat 3/B-23','Surabaya','','','','','081 217 645 577','67cb4b75701745c9d324f3a933e88f25.jpg','20','17','','3','7','2014-01-06','0000-00-00','0000-00-00',0,'','','','1','0000-00-00','','','0000-00-00','1','1','1','1','1','1','1','1','1','0000-00-00'),(172,'186.02.14','','Reski Trya Putri, A.Md.','Malang','1991-12-15','2','2','2','Dusun Kopral, Desa Sukowilangun RT 45 RW 07, Kecamatan Kalipare, Kabupaten Malang','','','','','','085 755 237 073','','20','33','','9','9','2014-09-01','0000-00-00','2015-11-30',0,'','','','1','0000-00-00','','','0000-00-00','1','1','1','1','1','1','1','1','1','0000-00-00'),(173,'143.02.13','','Sarita Antonia Goenawan','Surabaya','1991-04-08','2','2','2','Graha Family R-39','Surabaya','','','','','081 133 426 89','','19','40','','9','4','2014-08-11','0000-00-00','0000-00-00',0,'','','','2','2015-06-20','','','0000-00-00','1','1','1','1','1','1','1','1','1','0000-00-00'),(174,'124.02.13','','Sucipto','Kediri','1985-12-20','1','2','1','Sangihe No. 2B, Desa Gedangsewu, Pare-Kediri','','','','','','','9594e17bf07633d0a649e5ab69a0fb3f.jpg','20','41','','9','3','2013-01-07','0000-00-00','2015-05-07',0,'','','','1','0000-00-00','','','0000-00-00','1','1','1','1','1','1','1','1','1','0000-00-00'),(175,'177.02.14','','Soemiati','Surabaya','1962-04-25','2','1','1','Krukah Utara 9-B/3','Surabaya','','','','','','','20','28','','-','-','2015-01-27','0000-00-00','0000-00-00',0,'','','','1','0000-00-00','','','0000-00-00','1','1','1','1','1','1','1','1','1','0000-00-00'),(176,'101.02.12','','Sumining','Nagnjuk','1974-01-13','2','1','1','Kalibokor II/31D','','','','','','','','20','28','','3','-','2015-01-27','0000-00-00','0000-00-00',0,'','','','1','0000-00-00','','','0000-00-00','1','1','1','1','1','1','1','1','1','0000-00-00'),(177,'087.09.10','','Suprapto','Tuban','1972-08-13','1','1','1','','','','','','','','','20','23','','3','-','2010-10-04','0000-00-00','0000-00-00',0,'','','','1','0000-00-00','','','0000-00-00','1','1','1','1','1','1','1','1','1','0000-00-00'),(178,'125.02.13','','Susilo','Tuban','1988-12-02','1','1','2','','','','','','','','','20','23','','9','3','2013-02-04','0000-00-00','0000-00-00',0,'','','','1','0000-00-00','','','0000-00-00','1','1','1','1','1','1','1','1','1','0000-00-00'),(179,'005.07.04','','Suyati','Madiun','1985-08-01','2','1','1','Donowati Gg. II No. 65','Surabaya','','','','','','d7d01fc0a51e50116f19d20994197577.jpg','20','27','','3','3','2015-01-27','0000-00-00','0000-00-00',0,'','','','1','0000-00-00','','','0000-00-00','1','1','1','1','1','1','1','1','1','0000-00-00'),(180,'084.04.11','','Theresia Indrawati, S.Pd.','Surabaya','1977-03-27','2','2','1','Lebak Permai 1/5','Surabaya','','','','','','','-','32','','3','4','2011-04-04','0000-00-00','0000-00-00',0,'','','','1','0000-00-00','','','0000-00-00','1','1','1','1','1','1','1','1','1','0000-00-00'),(181,'152.02.14','','Trinining Sulistyowati','Surabaya','1975-12-01','2','2','1','Palem Pertiwi Regency JD 12A, Menganti','Gresik','','','','','','','20','31','','9','3','2014-03-10','0000-00-00','2015-07-20',0,'','','','1','0000-00-00','','','0000-00-00','1','1','1','1','1','1','1','1','1','0000-00-00'),(182,'150.02.14','','Wanda Lesar','Manado','1973-08-30','2','2','1','Wiguna Selatan II/23','Surabaya','','','','','085 855 181 814','','20','37','','3','3','2014-02-10','0000-00-00','0000-00-00',0,'','','','1','0000-00-00','','','0000-00-00','1','1','1','1','1','1','1','1','1','0000-00-00'),(183,'110.02.12','','Yohana Titis Wahyu Andayani, S.Kom.','Surabaya','1979-07-02','2','2','1','Gayungsari Barat 12 GA-02','Surabaya','','','','','','','33','42','','3','4','2011-08-01','0000-00-00','0000-00-00',0,'','','','1','0000-00-00','','','0000-00-00','1','1','1','1','1','1','1','1','1','0000-00-00'),(184,'179.02.14','','Yoppie Azhi Asmara','Surabaya','1987-05-13','1','2','2','Jalan Sedati Agung I No. 80 RT 04/ RW 02, Ds. Sedati Agung Kec. Sedati-Kab. Sidoarjo','','','','','','','','20','30','','9','3','2014-07-21','0000-00-00','0000-00-00',0,'','','','1','0000-00-00','','','0000-00-00','1','1','1','1','1','1','1','1','1','0000-00-00'),(185,'038.07.07','','Yudha Anggara Putra Perdana','Kediri','1986-06-14','1','2','1','Sepawon RT 002 RW 003 Ds. Sepawon Kediri','','','','','','','4cc9b2a8d5824895b9bd503e2f283c94.jpg','20','41','','3','3','2007-07-10','0000-00-00','0000-00-00',6,'','','','1','0000-00-00','','','0000-00-00','1','1','1','1','1','1','1','1','1','0000-00-00');
/*!40000 ALTER TABLE `hrd_karyawan` ENABLE KEYS */;

#
# Structure for table "hrd_kelamin"
#

DROP TABLE IF EXISTS `hrd_kelamin`;
CREATE TABLE `hrd_kelamin` (
  `id` int(2) NOT NULL AUTO_INCREMENT,
  `kelamin` varchar(50) NOT NULL DEFAULT '',
  PRIMARY KEY (`id`)
) ENGINE=MyISAM AUTO_INCREMENT=3 DEFAULT CHARSET=latin1;

#
# Data for table "hrd_kelamin"
#

/*!40000 ALTER TABLE `hrd_kelamin` DISABLE KEYS */;
INSERT INTO `hrd_kelamin` VALUES (1,'Laki-laki'),(2,'Perempuan');
/*!40000 ALTER TABLE `hrd_kelamin` ENABLE KEYS */;

#
# Structure for table "hrd_m_agama"
#

DROP TABLE IF EXISTS `hrd_m_agama`;
CREATE TABLE `hrd_m_agama` (
  `replid` int(10) unsigned NOT NULL AUTO_INCREMENT,
  `agama` varchar(50) NOT NULL,
  `urut` tinyint(4) NOT NULL DEFAULT '0',
  `keterangan` varchar(200) NOT NULL,
  PRIMARY KEY (`replid`)
) ENGINE=MyISAM AUTO_INCREMENT=6 DEFAULT CHARSET=latin1;

#
# Data for table "hrd_m_agama"
#

/*!40000 ALTER TABLE `hrd_m_agama` DISABLE KEYS */;
INSERT INTO `hrd_m_agama` VALUES (1,'Islam',0,''),(2,'Kristen',0,''),(3,'Nasrani',0,''),(4,'Hindu',0,''),(5,'Budha',0,'');
/*!40000 ALTER TABLE `hrd_m_agama` ENABLE KEYS */;

#
# Structure for table "hrd_m_bagian"
#

DROP TABLE IF EXISTS `hrd_m_bagian`;
CREATE TABLE `hrd_m_bagian` (
  `replid` int(10) unsigned NOT NULL AUTO_INCREMENT,
  `bagian` varchar(50) NOT NULL,
  `urut` tinyint(4) NOT NULL DEFAULT '0',
  `keterangan` varchar(200) NOT NULL,
  PRIMARY KEY (`replid`)
) ENGINE=MyISAM AUTO_INCREMENT=3 DEFAULT CHARSET=latin1;

#
# Data for table "hrd_m_bagian"
#

/*!40000 ALTER TABLE `hrd_m_bagian` DISABLE KEYS */;
INSERT INTO `hrd_m_bagian` VALUES (1,'Akademik',0,'Guru, mentor, dan staff pegajar'),(2,'Non Akademik',0,'Staff umum, dan bagian lain');
/*!40000 ALTER TABLE `hrd_m_bagian` ENABLE KEYS */;

#
# Structure for table "hrd_m_dokumen"
#

DROP TABLE IF EXISTS `hrd_m_dokumen`;
CREATE TABLE `hrd_m_dokumen` (
  `replid` int(10) unsigned NOT NULL AUTO_INCREMENT,
  `dokumen` varchar(50) NOT NULL,
  `urut` tinyint(4) NOT NULL DEFAULT '0',
  `reminder` int(11) NOT NULL DEFAULT '30',
  `keterangan` varchar(200) NOT NULL,
  PRIMARY KEY (`replid`)
) ENGINE=MyISAM AUTO_INCREMENT=2 DEFAULT CHARSET=latin1;

#
# Data for table "hrd_m_dokumen"
#

/*!40000 ALTER TABLE `hrd_m_dokumen` DISABLE KEYS */;
INSERT INTO `hrd_m_dokumen` VALUES (1,'VISA',0,30,'');
/*!40000 ALTER TABLE `hrd_m_dokumen` ENABLE KEYS */;

#
# Structure for table "hrd_m_jenistraining"
#

DROP TABLE IF EXISTS `hrd_m_jenistraining`;
CREATE TABLE `hrd_m_jenistraining` (
  `replid` int(10) unsigned NOT NULL AUTO_INCREMENT,
  `jenistraining` varchar(50) NOT NULL,
  `urut` tinyint(4) NOT NULL DEFAULT '0',
  `keterangan` varchar(200) NOT NULL,
  PRIMARY KEY (`replid`)
) ENGINE=MyISAM AUTO_INCREMENT=4 DEFAULT CHARSET=latin1;

#
# Data for table "hrd_m_jenistraining"
#

/*!40000 ALTER TABLE `hrd_m_jenistraining` DISABLE KEYS */;
INSERT INTO `hrd_m_jenistraining` VALUES (1,'Inhouse',0,''),(2,'Outsource',0,'');
/*!40000 ALTER TABLE `hrd_m_jenistraining` ENABLE KEYS */;

#
# Structure for table "hrd_m_kelompok"
#

DROP TABLE IF EXISTS `hrd_m_kelompok`;
CREATE TABLE `hrd_m_kelompok` (
  `replid` int(10) unsigned NOT NULL AUTO_INCREMENT,
  `kelompok` varchar(50) NOT NULL,
  `urut` tinyint(4) NOT NULL DEFAULT '0',
  `keterangan` varchar(200) NOT NULL,
  PRIMARY KEY (`replid`)
) ENGINE=MyISAM AUTO_INCREMENT=3 DEFAULT CHARSET=latin1;

#
# Data for table "hrd_m_kelompok"
#

/*!40000 ALTER TABLE `hrd_m_kelompok` DISABLE KEYS */;
INSERT INTO `hrd_m_kelompok` VALUES (1,'Lokal',0,''),(2,'Ekspatriat',0,'');
/*!40000 ALTER TABLE `hrd_m_kelompok` ENABLE KEYS */;

#
# Structure for table "hrd_m_keluarga"
#

DROP TABLE IF EXISTS `hrd_m_keluarga`;
CREATE TABLE `hrd_m_keluarga` (
  `replid` int(10) unsigned NOT NULL AUTO_INCREMENT,
  `keluarga` varchar(50) NOT NULL,
  `urut` tinyint(4) NOT NULL DEFAULT '0',
  `keterangan` varchar(200) NOT NULL,
  PRIMARY KEY (`replid`)
) ENGINE=MyISAM AUTO_INCREMENT=6 DEFAULT CHARSET=latin1;

#
# Data for table "hrd_m_keluarga"
#

/*!40000 ALTER TABLE `hrd_m_keluarga` DISABLE KEYS */;
INSERT INTO `hrd_m_keluarga` VALUES (1,'Ayah',0,''),(2,'Ibu',0,''),(3,'Suami',0,''),(4,'Istri',0,''),(5,'Anak',0,'');
/*!40000 ALTER TABLE `hrd_m_keluarga` ENABLE KEYS */;

#
# Structure for table "hrd_m_marital"
#

DROP TABLE IF EXISTS `hrd_m_marital`;
CREATE TABLE `hrd_m_marital` (
  `replid` int(10) unsigned NOT NULL AUTO_INCREMENT,
  `marital` varchar(50) NOT NULL,
  `urut` tinyint(4) NOT NULL DEFAULT '0',
  `keterangan` varchar(200) NOT NULL,
  PRIMARY KEY (`replid`)
) ENGINE=MyISAM AUTO_INCREMENT=5 DEFAULT CHARSET=latin1;

#
# Data for table "hrd_m_marital"
#

/*!40000 ALTER TABLE `hrd_m_marital` DISABLE KEYS */;
INSERT INTO `hrd_m_marital` VALUES (1,'Belum menikah',0,''),(2,'Menikah',0,''),(3,'Duda / Janda',0,'');
/*!40000 ALTER TABLE `hrd_m_marital` ENABLE KEYS */;

#
# Structure for table "hrd_m_posisi"
#

DROP TABLE IF EXISTS `hrd_m_posisi`;
CREATE TABLE `hrd_m_posisi` (
  `replid` int(10) unsigned NOT NULL AUTO_INCREMENT,
  `posisi` varchar(50) NOT NULL,
  `urut` tinyint(4) NOT NULL DEFAULT '0',
  `keterangan` varchar(200) NOT NULL,
  PRIMARY KEY (`replid`)
) ENGINE=MyISAM AUTO_INCREMENT=4 DEFAULT CHARSET=latin1;

#
# Data for table "hrd_m_posisi"
#

/*!40000 ALTER TABLE `hrd_m_posisi` DISABLE KEYS */;
INSERT INTO `hrd_m_posisi` VALUES (1,'HRD',0,''),(2,'General Staff',0,''),(3,'Humas',0,'');
/*!40000 ALTER TABLE `hrd_m_posisi` ENABLE KEYS */;

#
# Structure for table "hrd_m_status"
#

DROP TABLE IF EXISTS `hrd_m_status`;
CREATE TABLE `hrd_m_status` (
  `replid` int(10) unsigned NOT NULL AUTO_INCREMENT,
  `status` varchar(50) NOT NULL,
  `urut` tinyint(4) NOT NULL DEFAULT '0',
  `reminder` int(11) NOT NULL DEFAULT '30',
  `keterangan` varchar(200) NOT NULL,
  PRIMARY KEY (`replid`)
) ENGINE=MyISAM AUTO_INCREMENT=3 DEFAULT CHARSET=latin1;

#
# Data for table "hrd_m_status"
#

/*!40000 ALTER TABLE `hrd_m_status` DISABLE KEYS */;
INSERT INTO `hrd_m_status` VALUES (1,'Tetap',0,30,''),(2,'Kontrak',0,30,'');
/*!40000 ALTER TABLE `hrd_m_status` ENABLE KEYS */;

#
# Structure for table "hrd_m_tingkat"
#

DROP TABLE IF EXISTS `hrd_m_tingkat`;
CREATE TABLE `hrd_m_tingkat` (
  `replid` int(10) unsigned NOT NULL AUTO_INCREMENT,
  `tingkat` varchar(50) NOT NULL,
  `urut` tinyint(4) NOT NULL DEFAULT '0',
  `keterangan` varchar(200) NOT NULL,
  PRIMARY KEY (`replid`)
) ENGINE=MyISAM AUTO_INCREMENT=5 DEFAULT CHARSET=latin1;

#
# Data for table "hrd_m_tingkat"
#

/*!40000 ALTER TABLE `hrd_m_tingkat` DISABLE KEYS */;
INSERT INTO `hrd_m_tingkat` VALUES (1,'General staff',0,''),(2,'Manager',0,''),(3,'Staff',0,'');
/*!40000 ALTER TABLE `hrd_m_tingkat` ENABLE KEYS */;

#
# Structure for table "hrd_menikah"
#

DROP TABLE IF EXISTS `hrd_menikah`;
CREATE TABLE `hrd_menikah` (
  `id` int(4) NOT NULL AUTO_INCREMENT,
  `nama` varchar(255) NOT NULL,
  `tunjangan` varchar(255) NOT NULL DEFAULT '0',
  PRIMARY KEY (`id`)
) ENGINE=InnoDB AUTO_INCREMENT=3 DEFAULT CHARSET=latin1;

#
# Data for table "hrd_menikah"
#

INSERT INTO `hrd_menikah` VALUES (1,'Menikah','0'),(2,'Belum Menikah','0');

#
# Structure for table "hrd_pegawai"
#

DROP TABLE IF EXISTS `hrd_pegawai`;
CREATE TABLE `hrd_pegawai` (
  `replid` int(10) unsigned NOT NULL AUTO_INCREMENT,
  `nama` varchar(100) NOT NULL,
  `nip` varchar(50) NOT NULL,
  `noidentitas` varchar(30) NOT NULL,
  `kelamin` enum('L','P') NOT NULL,
  `alamat` varchar(500) NOT NULL,
  `kodepos` varchar(10) NOT NULL,
  `email` varchar(50) NOT NULL,
  `telpon` varchar(20) NOT NULL,
  `pinbb` varchar(20) NOT NULL,
  `tmplahir` varchar(20) NOT NULL,
  `tgllahir` date NOT NULL DEFAULT '0000-00-00',
  `marital` int(10) unsigned NOT NULL DEFAULT '0',
  `agama` int(10) unsigned NOT NULL DEFAULT '0',
  `bagian` int(10) unsigned NOT NULL DEFAULT '0',
  `kelompok` int(10) unsigned NOT NULL DEFAULT '0',
  `posisi` int(10) unsigned NOT NULL DEFAULT '0',
  `status` int(10) unsigned NOT NULL DEFAULT '0',
  `tingkat` int(10) unsigned NOT NULL DEFAULT '0',
  `kesehatan` varchar(500) NOT NULL,
  `keterangan` varchar(500) NOT NULL,
  `darah` varchar(2) NOT NULL DEFAULT '-',
  `berat` decimal(4,1) NOT NULL DEFAULT '0.0',
  `tinggi` decimal(4,1) NOT NULL DEFAULT '0.0',
  `photo` blob NOT NULL,
  `tglkerja` date NOT NULL DEFAULT '0000-00-00',
  `golakhir` varchar(100) NOT NULL,
  `akhirkontrak` date NOT NULL DEFAULT '0000-00-00',
  `akhirgol` date NOT NULL DEFAULT '0000-00-00',
  PRIMARY KEY (`replid`)
) ENGINE=MyISAM AUTO_INCREMENT=132 DEFAULT CHARSET=latin1;

#
# Data for table "hrd_pegawai"
#

/*!40000 ALTER TABLE `hrd_pegawai` DISABLE KEYS */;
INSERT INTO `hrd_pegawai` VALUES (1,'Claudia Nathalia','201309001','','L','','','','','','','0000-00-00',0,0,0,0,0,1,0,'','','-',0.0,0.0,X'','0000-00-00','','0000-00-00','0000-00-00'),(2,'Coni Chandra','201309002','','L','','','','','','','0000-00-00',0,0,0,0,0,1,0,'','','-',0.0,0.0,X'','0000-00-00','','0000-00-00','0000-00-00'),(3,'Helen Wijaya','201309003','','L','','','','','','','0000-00-00',0,0,0,0,0,1,0,'','','-',0.0,0.0,X'','0000-00-00','','0000-00-00','0000-00-00'),(4,'Jenny Hartono','201309004','','L','','','','','','','0000-00-00',0,0,0,0,0,1,0,'','','-',0.0,0.0,X'','0000-00-00','','0000-00-00','0000-00-00'),(5,'Louise Melani Gunawan','201309005','','L','','','','','','','0000-00-00',0,0,0,0,0,2,0,'','','-',0.0,0.0,X'','0000-00-00','','0000-00-00','0000-00-00'),(6,'Maria Karunia','201309006','','L','','','','','','','0000-00-00',0,0,0,0,0,1,0,'','','-',0.0,0.0,X'','0000-00-00','','0000-00-00','0000-00-00'),(7,'Maya Lusita','201309007','','L','','','','','','','0000-00-00',0,0,0,0,0,1,0,'','','-',0.0,0.0,X'','0000-00-00','','0000-00-00','0000-00-00'),(8,'Shanti Mahardikani','201309008','','L','','','','','','','0000-00-00',0,0,0,0,0,2,0,'','','-',0.0,0.0,X'','0000-00-00','','0000-00-00','0000-00-00'),(9,'Stephanie Hartanto','201309009','','L','','','','','','','0000-00-00',0,0,0,0,0,1,0,'','','-',0.0,0.0,X'','0000-00-00','','0000-00-00','0000-00-00'),(10,'stefany angelina trijono','201309010','','L','','','','','','','0000-00-00',0,0,0,0,0,2,0,'','','-',0.0,0.0,X'','0000-00-00','','0000-00-00','0000-00-00'),(11,'Amelia Sinarta','201309011','','L','','','','','','','0000-00-00',0,0,0,0,0,1,0,'','','-',0.0,0.0,X'','0000-00-00','','0000-00-00','0000-00-00'),(12,'Musa Mohamad K.','201309012','','L','','','','','','','0000-00-00',0,0,0,0,0,2,0,'','','-',0.0,0.0,X'','0000-00-00','','0000-00-00','0000-00-00'),(13,'Ngatini','201309013','','L','','','','','','','0000-00-00',0,0,0,0,0,2,0,'','','-',0.0,0.0,X'','0000-00-00','','0000-00-00','0000-00-00'),(14,'Selli Nur Susanti','201309014','','L','','','','','','','0000-00-00',0,0,0,0,0,1,0,'','','-',0.0,0.0,X'','0000-00-00','','0000-00-00','0000-00-00'),(15,'Reni Setyaningsih','201309015','','L','','','','','','','0000-00-00',0,0,0,0,0,2,0,'','','-',0.0,0.0,X'','0000-00-00','','0000-00-00','0000-00-00'),(16,'Yohana Titis W.','201309016','','L','','','','','','','0000-00-00',0,0,0,0,0,1,0,'','','-',0.0,0.0,X'','0000-00-00','','0000-00-00','0000-00-00'),(17,'Yossy Ana Susilo','201309017','','L','','','','','','','0000-00-00',0,0,0,0,0,1,0,'','','-',0.0,0.0,X'','0000-00-00','','0000-00-00','0000-00-00'),(18,'Agustinus','201309018','','L','','','','','','','0000-00-00',0,0,0,0,0,0,0,'','','-',0.0,0.0,X'','0000-00-00','','0000-00-00','0000-00-00'),(19,'Chandra Maruli Manulang','201309019','','L','','','','','','','0000-00-00',0,0,0,0,0,2,0,'','','-',0.0,0.0,X'','0000-00-00','','0000-00-00','0000-00-00'),(20,'Christine Oscar','201309020','','L','','','','','','','0000-00-00',0,0,0,0,0,1,0,'','','-',0.0,0.0,X'','0000-00-00','','0000-00-00','0000-00-00'),(21,'Imanda Wijaya','201309021','','L','','','','','','','0000-00-00',0,0,0,0,0,1,0,'','','-',0.0,0.0,X'','0000-00-00','','0000-00-00','0000-00-00'),(22,'Jiely Angela','201309022','','L','','','','','','','0000-00-00',0,0,0,0,0,1,0,'','','-',0.0,0.0,X'','0000-00-00','','0000-00-00','0000-00-00'),(23,'Kartika','201309023','','L','','','','','','','0000-00-00',0,0,0,0,0,1,0,'','','-',0.0,0.0,X'','0000-00-00','','0000-00-00','0000-00-00'),(24,'Maria Elvi Priantini','201309024','','L','','','','','','','0000-00-00',0,0,0,0,0,2,0,'','','-',0.0,0.0,X'','0000-00-00','','0000-00-00','0000-00-00'),(25,'M I Judi Kristianti','201309025','','L','','','','','','','0000-00-00',0,0,0,0,0,1,0,'','','-',0.0,0.0,X'','0000-00-00','','0000-00-00','0000-00-00'),(26,'Novita Sari Sutanto','201309026','','L','','','','','','','0000-00-00',0,0,0,0,0,1,0,'','','-',0.0,0.0,X'','0000-00-00','','0000-00-00','0000-00-00'),(27,'Putri Iin Alimsijah','201309027','','L','','','','','','','0000-00-00',0,0,0,0,0,2,0,'','','-',0.0,0.0,X'','0000-00-00','','0000-00-00','0000-00-00'),(28,'Robby Sutaryo','201309028','','L','','','','','','','0000-00-00',0,0,0,0,0,1,0,'','','-',0.0,0.0,X'','0000-00-00','','0000-00-00','0000-00-00'),(29,'Sony Kurniawan','201309029','','L','','','','','','','0000-00-00',0,0,0,0,0,0,0,'','','-',0.0,0.0,X'','0000-00-00','','0000-00-00','0000-00-00'),(30,'Yunus Denny Sudibyo','201309030','','L','','','','','','','0000-00-00',0,0,0,0,0,1,0,'','','-',0.0,0.0,X'','0000-00-00','','0000-00-00','0000-00-00'),(31,'Hanis Sri Utami','201309031','','L','','','','','','','0000-00-00',0,0,0,0,0,1,0,'','','-',0.0,0.0,X'','0000-00-00','','0000-00-00','0000-00-00'),(32,'Lilies Winda Arditya','201309032','','L','','','','','','','0000-00-00',0,0,0,0,0,2,0,'','','-',0.0,0.0,X'','0000-00-00','','0000-00-00','0000-00-00'),(33,'Lini','201309033','','L','','','','','','','0000-00-00',0,0,0,0,0,0,0,'','','-',0.0,0.0,X'','0000-00-00','','0000-00-00','0000-00-00'),(34,'Sahat','201309034','','L','','','','','','','0000-00-00',0,0,0,0,0,1,0,'','','-',0.0,0.0,X'','0000-00-00','','0000-00-00','0000-00-00'),(35,'Albertus Dicky S.','201309035','','L','','','','','','','0000-00-00',0,0,0,0,0,0,0,'','','-',0.0,0.0,X'','0000-00-00','','0000-00-00','0000-00-00'),(36,'Christine Fanny T.','201309036','','L','','','','','','','0000-00-00',0,0,0,0,0,0,0,'','','-',0.0,0.0,X'','0000-00-00','','0000-00-00','0000-00-00'),(37,'Christine Hartanti','201309037','','L','','','','','','','0000-00-00',0,0,0,0,0,0,0,'','','-',0.0,0.0,X'','0000-00-00','','0000-00-00','0000-00-00'),(38,'Eko Pranoto','201309038','','L','','','','','','','0000-00-00',0,0,0,0,0,0,0,'','','-',0.0,0.0,X'','0000-00-00','','0000-00-00','0000-00-00'),(39,'Eunike Laura','201309039','','L','','','','','','','0000-00-00',0,0,0,0,0,0,0,'','','-',0.0,0.0,X'','0000-00-00','','0000-00-00','0000-00-00'),(40,'Ivan Satria Wijaya','201309040','','L','','','','','','','0000-00-00',0,0,0,0,0,0,0,'','','-',0.0,0.0,X'','0000-00-00','','0000-00-00','0000-00-00'),(41,'Jesica Silvia','201309041','','L','','','','','','','0000-00-00',0,0,0,0,0,0,0,'','','-',0.0,0.0,X'','0000-00-00','','0000-00-00','0000-00-00'),(42,'John Ferry','201309042','','L','','','','','','','0000-00-00',0,0,0,0,0,0,0,'','','-',0.0,0.0,X'','0000-00-00','','0000-00-00','0000-00-00'),(43,'Maryeta Pramesti P.','201309043','','L','','','','','','','0000-00-00',0,0,0,0,0,0,0,'','','-',0.0,0.0,X'','0000-00-00','','0000-00-00','0000-00-00'),(44,'Sucipto','201309044','','L','','','','','','','0000-00-00',0,0,0,0,0,0,0,'','','-',0.0,0.0,X'','0000-00-00','','0000-00-00','0000-00-00'),(45,'Sumitro','201309045','','L','','','','','','','0000-00-00',0,0,0,0,0,0,0,'','','-',0.0,0.0,X'','0000-00-00','','0000-00-00','0000-00-00'),(46,'Erwin Gunawan W.','201309046','','L','','','','','','','0000-00-00',0,0,0,0,0,0,0,'','','-',0.0,0.0,X'','0000-00-00','','0000-00-00','0000-00-00'),(47,'Juliana Pandji','201309047','','L','','','','','','','0000-00-00',0,0,0,0,0,0,0,'','','-',0.0,0.0,X'','0000-00-00','','0000-00-00','0000-00-00'),(48,'Minarto Ganda','201309048','','L','','','','','','','0000-00-00',0,0,0,0,0,0,0,'','','-',0.0,0.0,X'','0000-00-00','','0000-00-00','0000-00-00'),(49,'Singgih Widodo L.','201309049','','L','','','','','','','0000-00-00',0,0,0,0,0,0,0,'','','-',0.0,0.0,X'','0000-00-00','','0000-00-00','0000-00-00'),(50,'Tan Hwa San','201309050','','L','','','','','','','0000-00-00',0,0,0,0,0,0,0,'','','-',0.0,0.0,X'','0000-00-00','','0000-00-00','0000-00-00'),(51,'Elisa','201309051','','L','','','','','','','0000-00-00',0,0,0,0,0,0,0,'','','-',0.0,0.0,X'','0000-00-00','','0000-00-00','0000-00-00'),(52,'Trofiansi Roliand Dalero','201309052','','L','','','','','','','0000-00-00',0,0,0,0,0,1,0,'','','-',0.0,0.0,X'','0000-00-00','','0000-00-00','0000-00-00'),(53,'Caroline Florentine','201309053','','L','','','','','','','0000-00-00',0,0,0,0,0,1,0,'','','-',0.0,0.0,X'','0000-00-00','','0000-00-00','0000-00-00'),(54,'Conny Erawati','201309054','','L','','','','','','','0000-00-00',0,0,0,0,0,2,0,'','','-',0.0,0.0,X'','0000-00-00','','0000-00-00','0000-00-00'),(55,'Deasy Arieyanthi','201309055','','L','','','','','','','0000-00-00',0,0,0,0,0,1,0,'','','-',0.0,0.0,X'','0000-00-00','','0000-00-00','0000-00-00'),(56,'Debbie Tresiani','201309056','','L','','','','','','','0000-00-00',0,0,0,0,0,1,0,'','','-',0.0,0.0,X'','0000-00-00','','0000-00-00','0000-00-00'),(57,'Dhesi Indrawati','201309057','','L','','','','','','','0000-00-00',0,0,0,0,0,1,0,'','','-',0.0,0.0,X'','0000-00-00','','0000-00-00','0000-00-00'),(58,'Eliana Lieman','201309058','','L','','','','','','','0000-00-00',0,0,0,0,0,1,0,'','','-',0.0,0.0,X'','0000-00-00','','0000-00-00','0000-00-00'),(59,'Elizabeth Sunjoto','201309059','','L','','','','','','','0000-00-00',0,0,0,0,0,0,0,'','','-',0.0,0.0,X'','0000-00-00','','0000-00-00','0000-00-00'),(60,'Elly Mayasari','201309060','','L','','','','','','','0000-00-00',0,0,0,0,0,1,0,'','','-',0.0,0.0,X'','0000-00-00','','0000-00-00','0000-00-00'),(61,'Erika Magdalena','201309061','','L','','','','','','','0000-00-00',0,0,0,0,0,1,0,'','','-',0.0,0.0,X'','0000-00-00','','0000-00-00','0000-00-00'),(62,'Evy Lindayana','201309062','','L','','','','','','','0000-00-00',0,0,0,0,0,1,0,'','','-',0.0,0.0,X'','0000-00-00','','0000-00-00','0000-00-00'),(63,'Helen','201309063','','L','','','','','','','0000-00-00',0,0,0,0,0,2,0,'','','-',0.0,0.0,X'','0000-00-00','','0000-00-00','0000-00-00'),(64,'Ika Sari','201309064','','L','','','','','','','0000-00-00',0,0,0,0,0,1,0,'','','-',0.0,0.0,X'','0000-00-00','','0000-00-00','0000-00-00'),(65,'Irene Vanessa','201309065','','L','','','','','','','0000-00-00',0,0,0,0,0,1,0,'','','-',0.0,0.0,X'','0000-00-00','','0000-00-00','0000-00-00'),(66,'Julini Liunardi','201309066','','L','','','','','','','0000-00-00',0,0,0,0,0,0,0,'','','-',0.0,0.0,X'','0000-00-00','','0000-00-00','0000-00-00'),(67,'Lia Debora','201309067','','L','','','','','','','0000-00-00',0,0,0,0,0,0,0,'','','-',0.0,0.0,X'','0000-00-00','','0000-00-00','0000-00-00'),(68,'Maria Putri Ardianasari','201309068','','L','','','','','','','0000-00-00',0,0,0,0,0,1,0,'','','-',0.0,0.0,X'','0000-00-00','','0000-00-00','0000-00-00'),(69,'Maureen Octavia Naibaho','201309069','','L','','','','','','','0000-00-00',0,0,0,0,0,1,0,'','','-',0.0,0.0,X'','0000-00-00','','0000-00-00','0000-00-00'),(70,'Olivia Tiono','201309070','','L','','','','','','','0000-00-00',0,0,0,0,0,1,0,'','','-',0.0,0.0,X'','0000-00-00','','0000-00-00','0000-00-00'),(71,'Olivia Weol','201309071','','L','','','','','','','0000-00-00',0,0,0,0,0,1,0,'','','-',0.0,0.0,X'','0000-00-00','','0000-00-00','0000-00-00'),(72,'One Remmayanti','201309072','','L','','','','','','','0000-00-00',0,0,0,0,0,1,0,'','','-',0.0,0.0,X'','0000-00-00','','0000-00-00','0000-00-00'),(73,'Retina Mastiur','201309073','','L','','','','','','','0000-00-00',0,0,0,0,0,1,0,'','','-',0.0,0.0,X'','0000-00-00','','0000-00-00','0000-00-00'),(74,'Shierly Lionita','201309074','','L','','','','','','','0000-00-00',0,0,0,0,0,1,0,'','','-',0.0,0.0,X'','0000-00-00','','0000-00-00','0000-00-00'),(75,'Danang Panca','201309075','','L','','','','','','','0000-00-00',0,0,0,0,0,1,0,'','','-',0.0,0.0,X'','0000-00-00','','0000-00-00','0000-00-00'),(76,'Daniel Krisna','201309076','','L','','','','','','','0000-00-00',0,0,0,0,0,1,0,'','','-',0.0,0.0,X'','0000-00-00','','0000-00-00','0000-00-00'),(77,'David Hendra','201309077','','L','','','','','','','0000-00-00',0,0,0,0,0,1,0,'','','-',0.0,0.0,X'','0000-00-00','','0000-00-00','0000-00-00'),(78,'Debora Terang Miniang','201309078','','L','','','','','','','0000-00-00',0,0,0,0,0,0,0,'','','-',0.0,0.0,X'','0000-00-00','','0000-00-00','0000-00-00'),(79,'Denny Susanto','201309079','','L','','','','','','','0000-00-00',0,0,0,0,0,1,0,'','','-',0.0,0.0,X'','0000-00-00','','0000-00-00','0000-00-00'),(80,'Dewi Kartika','201309080','','L','','','','','','','0000-00-00',0,0,0,0,0,1,0,'','','-',0.0,0.0,X'','0000-00-00','','0000-00-00','0000-00-00'),(81,'Iis Santi Melani S.','201309081','','L','','','','','','','0000-00-00',0,0,0,0,0,1,0,'','','-',0.0,0.0,X'','0000-00-00','','0000-00-00','0000-00-00'),(82,'Irene Irawati','201309082','','L','','','','','','','0000-00-00',0,0,0,0,0,1,0,'','','-',0.0,0.0,X'','0000-00-00','','0000-00-00','0000-00-00'),(83,'Kezia maria Harijono','201309083','','L','','','','','','','0000-00-00',0,0,0,0,0,0,0,'','','-',0.0,0.0,X'','0000-00-00','','0000-00-00','0000-00-00'),(84,'Lenny Diana Kurniawan','201309084','','L','','','','','','','0000-00-00',0,0,0,0,0,1,0,'','','-',0.0,0.0,X'','0000-00-00','','0000-00-00','0000-00-00'),(85,'Lingga Amoef Halim','201309085','','L','','','','','','','0000-00-00',0,0,0,0,0,0,0,'','','-',0.0,0.0,X'','0000-00-00','','0000-00-00','0000-00-00'),(86,'Maria Magdalena','201309086','','L','','','','','','','0000-00-00',0,0,0,0,0,1,0,'','','-',0.0,0.0,X'','0000-00-00','','0000-00-00','0000-00-00'),(87,'Martha Engeline','201309087','','L','','','','','','','0000-00-00',0,0,0,0,0,1,0,'','','-',0.0,0.0,X'','0000-00-00','','0000-00-00','0000-00-00'),(88,'Naomi Setia','201309088','','L','','','','','','','0000-00-00',0,0,0,0,0,1,0,'','','-',0.0,0.0,X'','0000-00-00','','0000-00-00','0000-00-00'),(89,'Oei Bing Bing','201309089','','L','','','','','','','0000-00-00',0,0,0,0,0,1,0,'','','-',0.0,0.0,X'','0000-00-00','','0000-00-00','0000-00-00'),(90,'Rahayu Febiana','201309090','','L','','','','','','','0000-00-00',0,0,0,0,0,1,0,'','','-',0.0,0.0,X'','0000-00-00','','0000-00-00','0000-00-00'),(91,'Ratna Bayu Anggraeni','201309091','','L','','','','','','','0000-00-00',0,0,0,0,0,1,0,'','','-',0.0,0.0,X'','0000-00-00','','0000-00-00','0000-00-00'),(92,'Ros Indah Simatupang','201309092','','L','','','','','','','0000-00-00',0,0,0,0,0,0,0,'','','-',0.0,0.0,X'','0000-00-00','','0000-00-00','0000-00-00'),(93,'Sandradevi Tedjokusumo','201309093','','L','','','','','','','0000-00-00',0,0,0,0,0,1,0,'','','-',0.0,0.0,X'','0000-00-00','','0000-00-00','0000-00-00'),(94,'Stella Ivonne Siswanto','201309094','','L','','','','','','','0000-00-00',0,0,0,0,0,1,0,'','','-',0.0,0.0,X'','0000-00-00','','0000-00-00','0000-00-00'),(95,'Syenti Dewi','201309095','','L','','','','','','','0000-00-00',0,0,0,0,0,1,0,'','','-',0.0,0.0,X'','0000-00-00','','0000-00-00','0000-00-00'),(96,'Ully Dame','201309096','','L','','','','','','','0000-00-00',0,0,0,0,0,1,0,'','','-',0.0,0.0,X'','0000-00-00','','0000-00-00','0000-00-00'),(97,'Daniel O\'Hara','201309097','','L','','','','','','','0000-00-00',0,0,0,0,0,2,0,'','','-',0.0,0.0,X'','0000-00-00','','0000-00-00','0000-00-00'),(98,'Desy Yovitaningsih','201309098','','L','','','','','','','0000-00-00',0,0,0,0,0,1,0,'','','-',0.0,0.0,X'','0000-00-00','','0000-00-00','0000-00-00'),(99,'Purnama Nugraha','201309099','','L','','','','','','','0000-00-00',0,0,0,0,0,2,0,'','','-',0.0,0.0,X'','0000-00-00','','0000-00-00','0000-00-00'),(100,'Richard Aprianus Manullang','201309100','','L','','','','','','','0000-00-00',0,0,0,0,0,0,0,'','','-',0.0,0.0,X'','0000-00-00','','0000-00-00','0000-00-00'),(101,'Ritoh Pardomuan','201309101','','L','','','','','','','0000-00-00',0,0,0,0,0,2,0,'','','-',0.0,0.0,X'','0000-00-00','','0000-00-00','0000-00-00'),(102,'Simon Wachju Noegroho','201309102','','L','','','','','','','0000-00-00',0,0,0,0,0,0,0,'','','-',0.0,0.0,X'','0000-00-00','','0000-00-00','0000-00-00'),(103,'Sri Mulyati','201309103','','L','','','','','','','0000-00-00',0,0,0,0,0,1,0,'','','-',0.0,0.0,X'','0000-00-00','','0000-00-00','0000-00-00'),(104,'Utin','201309104','','L','','','','','','','0000-00-00',0,0,0,0,0,1,0,'','','-',0.0,0.0,X'','0000-00-00','','0000-00-00','0000-00-00'),(105,'Andreas Warta Diyanto','201309105','','L','','','','','','','0000-00-00',0,0,0,0,0,0,0,'','','-',0.0,0.0,X'','0000-00-00','','0000-00-00','0000-00-00'),(106,'Anastasia Marieta Angela','201309106','','L','','','','','','','0000-00-00',0,0,0,0,0,0,0,'','','-',0.0,0.0,X'','0000-00-00','','0000-00-00','0000-00-00'),(107,'Danang Tri Saputro','201309107','','L','','','','','','','0000-00-00',0,0,0,0,0,2,0,'','','-',0.0,0.0,X'','0000-00-00','','0000-00-00','0000-00-00'),(108,'Dewi Komalasari','201309108','','L','','','','','','','0000-00-00',0,0,0,0,0,1,0,'','','-',0.0,0.0,X'','0000-00-00','','0000-00-00','0000-00-00'),(109,'Eny Widayati','201309109','','L','','','','','','','0000-00-00',0,0,0,0,0,1,0,'','','-',0.0,0.0,X'','0000-00-00','','0000-00-00','0000-00-00'),(110,'Erik Indra Arlianto','201309110','','L','','','','','','','0000-00-00',0,0,0,0,0,1,0,'','','-',0.0,0.0,X'','0000-00-00','','0000-00-00','0000-00-00'),(111,'Hot Karolina Sihombing','201309111','','L','','','','','','','0000-00-00',0,0,0,0,0,0,0,'','','-',0.0,0.0,X'','0000-00-00','','0000-00-00','0000-00-00'),(112,'Ike Remi Martando','201309112','','L','','','','','','','0000-00-00',0,0,0,0,0,1,0,'','','-',0.0,0.0,X'','0000-00-00','','0000-00-00','0000-00-00'),(113,'Luchia Kumala','201309113','','L','','','','','','','0000-00-00',0,0,0,0,0,1,0,'','','-',0.0,0.0,X'','0000-00-00','','0000-00-00','0000-00-00'),(114,'Lucia Wiwik','201309114','','L','','','','','','','0000-00-00',0,0,0,0,0,1,0,'','','-',0.0,0.0,X'','0000-00-00','','0000-00-00','0000-00-00'),(115,'Maria theresia Ega yanto','201309115','','L','','','','','','','0000-00-00',0,0,0,0,0,2,0,'','','-',0.0,0.0,X'','0000-00-00','','0000-00-00','0000-00-00'),(116,'Marseila Krisyane','201309116','','L','','','','','','','0000-00-00',0,0,0,0,0,1,0,'','','-',0.0,0.0,X'','0000-00-00','','0000-00-00','0000-00-00'),(117,'Melfa Sinaga','201309117','','L','','','','','','','0000-00-00',0,0,0,0,0,1,0,'','','-',0.0,0.0,X'','0000-00-00','','0000-00-00','0000-00-00'),(118,'Neria Indah Wiliyanti','201309118','','L','','','','','','','0000-00-00',0,0,0,0,0,0,0,'','','-',0.0,0.0,X'','0000-00-00','','0000-00-00','0000-00-00'),(119,'Nicky Melisa Olivia','201309119','','L','','','','','','','0000-00-00',0,0,0,0,0,1,0,'','','-',0.0,0.0,X'','0000-00-00','','0000-00-00','0000-00-00'),(120,'Nursuwenik','201309120','','L','','','','','','','0000-00-00',0,0,0,0,0,2,0,'','','-',0.0,0.0,X'','0000-00-00','','0000-00-00','0000-00-00'),(121,'Ratna Puspa Sari','201309121','','L','','','','','','','0000-00-00',0,0,0,0,0,0,0,'','','-',0.0,0.0,X'','0000-00-00','','0000-00-00','0000-00-00'),(122,'Rita Sari','201309122','','L','','','','','','','0000-00-00',0,0,0,0,0,0,0,'','','-',0.0,0.0,X'','0000-00-00','','0000-00-00','0000-00-00'),(123,'Stevanus Jordan Eko Prasetyo','201309123','','L','','','','','','','0000-00-00',0,0,0,0,0,0,0,'','','-',0.0,0.0,X'','0000-00-00','','0000-00-00','0000-00-00'),(124,'Sugeng Widiarso','201309124','','L','','','','','','','0000-00-00',0,0,0,0,0,2,0,'','','-',0.0,0.0,X'','0000-00-00','','0000-00-00','0000-00-00'),(125,'Sumining','201309125','','L','','','','','','','0000-00-00',0,0,0,0,0,0,0,'','','-',0.0,0.0,X'','0000-00-00','','0000-00-00','0000-00-00'),(126,'Sumiyati','201309126','','L','','','','','','','0000-00-00',0,0,0,0,0,0,0,'','','-',0.0,0.0,X'','0000-00-00','','0000-00-00','0000-00-00'),(127,'Suyati','201309127','','L','','','','','','','0000-00-00',0,0,0,0,0,1,0,'','','-',0.0,0.0,X'','0000-00-00','','0000-00-00','0000-00-00'),(128,'Theresia Indrawati','201309128','','L','','','','','','','0000-00-00',0,0,0,0,0,1,0,'','','-',0.0,0.0,X'','0000-00-00','','0000-00-00','0000-00-00'),(129,'Vebe Karuna','201309129','','L','','','','','','','0000-00-00',0,0,0,0,0,1,0,'','','-',0.0,0.0,X'','0000-00-00','','0000-00-00','0000-00-00'),(130,'Yobel Edi Waluyo','201309130','','L','','','','','','','0000-00-00',0,0,0,0,0,1,0,'','','-',0.0,0.0,X'','0000-00-00','','0000-00-00','0000-00-00'),(131,'Yudha Anggara','201309131','','L','','','','','','','0000-00-00',0,0,0,0,0,1,0,'','','-',0.0,0.0,X'','0000-00-00','','0000-00-00','0000-00-00');
/*!40000 ALTER TABLE `hrd_pegawai` ENABLE KEYS */;

#
# Structure for table "hrd_pendidikan"
#

DROP TABLE IF EXISTS `hrd_pendidikan`;
CREATE TABLE `hrd_pendidikan` (
  `id` int(3) NOT NULL AUTO_INCREMENT,
  `nama` varchar(255) NOT NULL,
  `tunjangan` varchar(255) NOT NULL,
  PRIMARY KEY (`id`)
) ENGINE=InnoDB AUTO_INCREMENT=11 DEFAULT CHARSET=latin1;

#
# Data for table "hrd_pendidikan"
#

INSERT INTO `hrd_pendidikan` VALUES (3,'SMA','0'),(4,'S1','0'),(5,'S2','0'),(6,'S3','0'),(7,'D1','0'),(8,'D2','0'),(9,'D3','0'),(10,'D4','0');

#
# Structure for table "hrd_pengabdian"
#

DROP TABLE IF EXISTS `hrd_pengabdian`;
CREATE TABLE `hrd_pengabdian` (
  `id` int(5) NOT NULL AUTO_INCREMENT,
  `nama` varchar(50) NOT NULL,
  `persen` varchar(50) NOT NULL DEFAULT '0',
  `nominal` varchar(50) NOT NULL DEFAULT '0',
  PRIMARY KEY (`id`)
) ENGINE=MyISAM AUTO_INCREMENT=4 DEFAULT CHARSET=latin1;

#
# Data for table "hrd_pengabdian"
#

/*!40000 ALTER TABLE `hrd_pengabdian` DISABLE KEYS */;
INSERT INTO `hrd_pengabdian` VALUES (1,'Tidak Ada','0','0'),(2,'Pengabdian','20','0');
/*!40000 ALTER TABLE `hrd_pengabdian` ENABLE KEYS */;

#
# Structure for table "hrd_penggajian"
#

DROP TABLE IF EXISTS `hrd_penggajian`;
CREATE TABLE `hrd_penggajian` (
  `id` int(2) NOT NULL AUTO_INCREMENT,
  `karyawan` int(4) NOT NULL,
  `bulan` int(2) NOT NULL,
  `tahun` varchar(4) NOT NULL,
  `tkt` varchar(50) NOT NULL,
  `gajipokok` varchar(50) NOT NULL DEFAULT '0',
  `tstruktural` varchar(50) NOT NULL DEFAULT '0',
  `tfungsional` varchar(50) NOT NULL DEFAULT '0',
  `tpengabdian` varchar(50) NOT NULL DEFAULT '0',
  `tistrianak` varchar(50) NOT NULL DEFAULT '0',
  `tuangtransport` varchar(50) NOT NULL DEFAULT '0',
  `tbebantugas` varchar(50) NOT NULL DEFAULT '0',
  `twalikelas` varchar(50) NOT NULL DEFAULT '0',
  `tkhusus` varchar(50) NOT NULL DEFAULT '0',
  `gajibruto` varchar(50) NOT NULL DEFAULT '0',
  `tlain` varchar(50) NOT NULL DEFAULT '0',
  `totalgaji` varchar(50) NOT NULL DEFAULT '0',
  `ppinjaman` varchar(50) NOT NULL DEFAULT '0',
  `jamsostek` varchar(50) NOT NULL DEFAULT '0',
  `pph21` varchar(50) NOT NULL DEFAULT '0',
  `gajibersih` varchar(50) NOT NULL DEFAULT '0',
  `idbayar` varchar(255) DEFAULT '0',
  PRIMARY KEY (`id`)
) ENGINE=InnoDB AUTO_INCREMENT=8 DEFAULT CHARSET=latin1;

#
# Data for table "hrd_penggajian"
#

INSERT INTO `hrd_penggajian` VALUES (7,47,2,'2015','TKT','3312819','993845','662563','662563','331281','165640','331281','496922','0','6956914','0','6956914','0','112635','0','6844279','');

#
# Structure for table "hrd_pinjaman"
#

DROP TABLE IF EXISTS `hrd_pinjaman`;
CREATE TABLE `hrd_pinjaman` (
  `id` int(5) NOT NULL AUTO_INCREMENT,
  `tgl` date NOT NULL,
  `pinjaman` varchar(255) NOT NULL,
  `karyawan` int(4) NOT NULL DEFAULT '0',
  PRIMARY KEY (`id`)
) ENGINE=MyISAM AUTO_INCREMENT=15 DEFAULT CHARSET=latin1;

#
# Data for table "hrd_pinjaman"
#

/*!40000 ALTER TABLE `hrd_pinjaman` DISABLE KEYS */;
INSERT INTO `hrd_pinjaman` VALUES (1,'2014-06-02','200000',35),(7,'2014-06-30','100000',35),(12,'2014-07-01','1000000',34),(14,'2014-02-04','500000',36);
/*!40000 ALTER TABLE `hrd_pinjaman` ENABLE KEYS */;

#
# Structure for table "hrd_setting"
#

DROP TABLE IF EXISTS `hrd_setting`;
CREATE TABLE `hrd_setting` (
  `id` int(2) NOT NULL AUTO_INCREMENT,
  `thr` varchar(5) NOT NULL,
  `reward` varchar(50) NOT NULL DEFAULT '0',
  `terlambat` varchar(50) NOT NULL DEFAULT '0',
  `pph21` varchar(50) NOT NULL DEFAULT '0',
  `jamsostek` varchar(50) NOT NULL DEFAULT '0',
  PRIMARY KEY (`id`)
) ENGINE=InnoDB AUTO_INCREMENT=2 DEFAULT CHARSET=latin1;

#
# Data for table "hrd_setting"
#

INSERT INTO `hrd_setting` VALUES (1,'30','0','0','1','2');

#
# Structure for table "hrd_statuskaryawan"
#

DROP TABLE IF EXISTS `hrd_statuskaryawan`;
CREATE TABLE `hrd_statuskaryawan` (
  `id` int(3) NOT NULL AUTO_INCREMENT,
  `nama` varchar(255) NOT NULL,
  `tunjangan` varchar(255) NOT NULL,
  PRIMARY KEY (`id`)
) ENGINE=InnoDB AUTO_INCREMENT=10 DEFAULT CHARSET=latin1;

#
# Data for table "hrd_statuskaryawan"
#

INSERT INTO `hrd_statuskaryawan` VALUES (3,'Tetap','0'),(8,'Part Time','0'),(9,'Kontrak','0');

#
# Structure for table "hrd_struktural"
#

DROP TABLE IF EXISTS `hrd_struktural`;
CREATE TABLE `hrd_struktural` (
  `id` int(5) NOT NULL AUTO_INCREMENT,
  `nama` varchar(50) NOT NULL,
  `persen` varchar(50) NOT NULL DEFAULT '0',
  `nominal` varchar(50) NOT NULL DEFAULT '0',
  PRIMARY KEY (`id`)
) ENGINE=MyISAM AUTO_INCREMENT=4 DEFAULT CHARSET=latin1;

#
# Data for table "hrd_struktural"
#

/*!40000 ALTER TABLE `hrd_struktural` DISABLE KEYS */;
INSERT INTO `hrd_struktural` VALUES (1,'Tidak Ada','0','0'),(2,'Struktural','30','0');
/*!40000 ALTER TABLE `hrd_struktural` ENABLE KEYS */;

#
# Structure for table "hrd_tipe"
#

DROP TABLE IF EXISTS `hrd_tipe`;
CREATE TABLE `hrd_tipe` (
  `id` int(2) NOT NULL AUTO_INCREMENT,
  `tipe` varchar(255) NOT NULL,
  PRIMARY KEY (`id`)
) ENGINE=InnoDB AUTO_INCREMENT=4 DEFAULT CHARSET=latin1;

#
# Data for table "hrd_tipe"
#

INSERT INTO `hrd_tipe` VALUES (1,'Aktif'),(2,'Resign'),(3,'Calon');

#
# Structure for table "hrd_training"
#

DROP TABLE IF EXISTS `hrd_training`;
CREATE TABLE `hrd_training` (
  `replid` int(10) unsigned NOT NULL AUTO_INCREMENT,
  `jenistraining` tinyint(4) NOT NULL DEFAULT '0',
  `penyelenggara` varchar(100) NOT NULL,
  `judul` varchar(250) NOT NULL,
  `pembicara` varchar(100) NOT NULL,
  `tempat` varchar(100) NOT NULL,
  `tgl1` date NOT NULL DEFAULT '0000-00-00',
  `tgl2` date NOT NULL DEFAULT '0000-00-00',
  `peserta` text NOT NULL,
  PRIMARY KEY (`replid`)
) ENGINE=MyISAM AUTO_INCREMENT=2 DEFAULT CHARSET=latin1;

#
# Data for table "hrd_training"
#

/*!40000 ALTER TABLE `hrd_training` DISABLE KEYS */;
INSERT INTO `hrd_training` VALUES (1,2,'asd','asd','Jhonny','123','2014-02-01','2014-02-16','Pegawai IT');
/*!40000 ALTER TABLE `hrd_training` ENABLE KEYS */;

#
# Structure for table "hrd_uangmakan"
#

DROP TABLE IF EXISTS `hrd_uangmakan`;
CREATE TABLE `hrd_uangmakan` (
  `id` int(5) NOT NULL AUTO_INCREMENT,
  `nama` varchar(50) NOT NULL,
  `persen` varchar(50) NOT NULL DEFAULT '0',
  `nominal` varchar(50) NOT NULL DEFAULT '0',
  PRIMARY KEY (`id`)
) ENGINE=MyISAM AUTO_INCREMENT=2 DEFAULT CHARSET=latin1;

#
# Data for table "hrd_uangmakan"
#

/*!40000 ALTER TABLE `hrd_uangmakan` DISABLE KEYS */;
INSERT INTO `hrd_uangmakan` VALUES (1,'Tidak Ada','5','0');
/*!40000 ALTER TABLE `hrd_uangmakan` ENABLE KEYS */;

#
# Structure for table "hrd_uangtransport"
#

DROP TABLE IF EXISTS `hrd_uangtransport`;
CREATE TABLE `hrd_uangtransport` (
  `id` int(5) NOT NULL AUTO_INCREMENT,
  `nama` varchar(50) NOT NULL,
  `persen` varchar(50) NOT NULL DEFAULT '0',
  `nominal` varchar(50) NOT NULL DEFAULT '0',
  PRIMARY KEY (`id`)
) ENGINE=MyISAM AUTO_INCREMENT=2 DEFAULT CHARSET=latin1;

#
# Data for table "hrd_uangtransport"
#

/*!40000 ALTER TABLE `hrd_uangtransport` DISABLE KEYS */;
INSERT INTO `hrd_uangtransport` VALUES (1,'Uang Transport','5','0');
/*!40000 ALTER TABLE `hrd_uangtransport` ENABLE KEYS */;

#
# Structure for table "hrd_walikelas"
#

DROP TABLE IF EXISTS `hrd_walikelas`;
CREATE TABLE `hrd_walikelas` (
  `id` int(5) NOT NULL AUTO_INCREMENT,
  `nama` varchar(50) NOT NULL,
  `persen` varchar(50) NOT NULL DEFAULT '0',
  `nominal` varchar(50) NOT NULL DEFAULT '0',
  PRIMARY KEY (`id`)
) ENGINE=MyISAM AUTO_INCREMENT=4 DEFAULT CHARSET=latin1;

#
# Data for table "hrd_walikelas"
#

/*!40000 ALTER TABLE `hrd_walikelas` DISABLE KEYS */;
INSERT INTO `hrd_walikelas` VALUES (1,'Tidak Ada','0','0'),(2,'Wali Kelas','15','0');
/*!40000 ALTER TABLE `hrd_walikelas` ENABLE KEYS */;

#
# Structure for table "keu_brg"
#

DROP TABLE IF EXISTS `keu_brg`;
CREATE TABLE `keu_brg` (
  `replid` int(10) unsigned NOT NULL AUTO_INCREMENT,
  `kelompokbrg` int(10) unsigned NOT NULL,
  `kode` varchar(20) NOT NULL,
  `nama` varchar(50) NOT NULL,
  `unit` mediumint(8) unsigned NOT NULL DEFAULT '1',
  `satuan` varchar(10) NOT NULL,
  `tanggal` date NOT NULL DEFAULT '0000-00-00',
  `keterangan` varchar(250) NOT NULL,
  PRIMARY KEY (`replid`)
) ENGINE=MyISAM AUTO_INCREMENT=4 DEFAULT CHARSET=latin1;

#
# Data for table "keu_brg"
#

/*!40000 ALTER TABLE `keu_brg` DISABLE KEYS */;
INSERT INTO `keu_brg` VALUES (1,1,'ELKO001','Macbook pro 15 inch',14,'unit','2014-01-11',''),(2,4,'KEMTR0001','Supra X 125',3,'','2014-01-11','');
/*!40000 ALTER TABLE `keu_brg` ENABLE KEYS */;

#
# Structure for table "keu_budget"
#

DROP TABLE IF EXISTS `keu_budget`;
CREATE TABLE `keu_budget` (
  `replid` int(10) unsigned NOT NULL AUTO_INCREMENT,
  `tahunbuku` int(10) unsigned NOT NULL,
  `nama` varchar(100) NOT NULL,
  `nominal` decimal(10,0) NOT NULL DEFAULT '0',
  `keterangan` varchar(200) NOT NULL,
  `departemen` int(11) NOT NULL,
  PRIMARY KEY (`replid`)
) ENGINE=MyISAM AUTO_INCREMENT=4 DEFAULT CHARSET=latin1;

#
# Data for table "keu_budget"
#

/*!40000 ALTER TABLE `keu_budget` DISABLE KEYS */;
INSERT INTO `keu_budget` VALUES (1,1,'Alat Penganggaran',10000000,'',1),(2,1,'anggaran',2000000,'',1),(3,1,'Angaran Lagi',100000,'',1);
/*!40000 ALTER TABLE `keu_budget` ENABLE KEYS */;

#
# Structure for table "keu_detilanggaran"
#

DROP TABLE IF EXISTS `keu_detilanggaran`;
CREATE TABLE `keu_detilanggaran` (
  `replid` int(10) NOT NULL AUTO_INCREMENT,
  `kategorianggaran` int(10) NOT NULL,
  `nama` varchar(100) NOT NULL,
  `keterangan` text NOT NULL,
  `hargasatuan` double(14,0) NOT NULL DEFAULT '0',
  PRIMARY KEY (`replid`),
  KEY `kategorianggaran` (`kategorianggaran`) USING BTREE
) ENGINE=InnoDB AUTO_INCREMENT=66 DEFAULT CHARSET=latin1;

#
# Data for table "keu_detilanggaran"
#

INSERT INTO `keu_detilanggaran` VALUES (62,16,'kertas HVS A4 9','printer 9',10000),(63,16,'sip','woke',130000),(64,26,'pebaikan mobil dinas','perawatan rutin',1000000),(65,16,'ok','',350000);

#
# Structure for table "keu_anggarantahunan"
#

DROP TABLE IF EXISTS `keu_anggarantahunan`;
CREATE TABLE `keu_anggarantahunan` (
  `replid` int(11) NOT NULL AUTO_INCREMENT,
  `detilanggaran` int(11) NOT NULL,
  `nominal` decimal(11,0) NOT NULL DEFAULT '0',
  `tahunbuku` int(11) NOT NULL,
  PRIMARY KEY (`replid`),
  KEY `detilanggaran` (`detilanggaran`) USING BTREE,
  CONSTRAINT `keu_anggarantahunan_ibfk_1` FOREIGN KEY (`detilanggaran`) REFERENCES `keu_detilanggaran` (`replid`) ON DELETE CASCADE ON UPDATE CASCADE
) ENGINE=InnoDB DEFAULT CHARSET=latin1;

#
# Data for table "keu_anggarantahunan"
#


#
# Structure for table "keu_detilrekening"
#

DROP TABLE IF EXISTS `keu_detilrekening`;
CREATE TABLE `keu_detilrekening` (
  `replid` int(10) unsigned NOT NULL AUTO_INCREMENT,
  `kategorirekening` int(10) unsigned NOT NULL,
  `kode` varchar(20) NOT NULL,
  `nama` varchar(100) NOT NULL,
  `keterangan` varchar(200) NOT NULL,
  PRIMARY KEY (`replid`)
) ENGINE=MyISAM AUTO_INCREMENT=343 DEFAULT CHARSET=latin1;

#
# Data for table "keu_detilrekening"
#

/*!40000 ALTER TABLE `keu_detilrekening` DISABLE KEYS */;
INSERT INTO `keu_detilrekening` VALUES (1,1,'111101','KAS KECIL ',''),(2,1,'111102','KAS SATELIT',''),(3,1,'111103','KAS KERTAJAYA','ok'),(4,1,'111104','KAS RUNGKUT',''),(5,1,'111199','KAS DALAM PERJALANAN',''),(6,2,'111201','BCA AC NO. 5560060001',''),(7,2,'111202','BANK EKONOMI AC NO. 3031861275',''),(8,2,'111203','BCA AC NO. 4683800000',''),(9,2,'111204','DEPOSITO EKONOMI',''),(10,2,'111205','BANK MAYAPADA AC NO.201.300.17.000',''),(11,2,'111206','CIMB-NIAGA AC NO.216.01.00543.00.5 (dh.LIPPOBANK)',''),(12,2,'111207','DEPOSITO MAYAPADA/PANIN/CIMB',''),(13,2,'111208','DEPOSITO PANINBANK',''),(14,2,'111209','PANINBANK AC NO.448.50.8888.7',''),(15,2,'111210','MANDARI AC NO. 1420088800098',''),(16,2,'111211','BANK BCA 8290960101',''),(17,2,'111299','BANK DALAM PERJALANAN',''),(18,3,'111900','AYAT SILANG KAS DAN BANK',''),(19,3,'112100','TABUNGAN',''),(20,3,'112200','DEPOSITO BERJANGKA',''),(21,3,'112300','SURAT-SURAT BERHARGA',''),(22,3,'113100','PIUTANG USAHA',''),(23,3,'113200','PIUTANG YANG BELUM DIFAKTURKAN',''),(24,3,'113300','PIUTANG CEK/GIRO MUNDUR',''),(25,3,'113400','CADANGAN PIUTANG RAGU-RAGU',''),(26,3,'113500','PIUTANG DIREKSI',''),(27,3,'113600','PIUTANG KARYAWAN',''),(28,3,'113700','PIUTANG PIHAK III',''),(29,3,'113999','PIUTANG LAIN-LAIN',''),(30,3,'114100','UANG MUKA PEMBELIAN',''),(31,3,'114901','TANAH',''),(32,3,'114902','KENDARAAN',''),(33,3,'114903','MESIN DAN PERALATAN',''),(34,3,'114904','BANGUNAN',''),(35,3,'114905','INVENTARIS',''),(36,3,'114906','UANG MUKA PERJALANAN',''),(37,3,'114999','LAIN-LAIN',''),(38,3,'116121','PPH PASAL 21',''),(39,3,'116122','PPH PASAL 22',''),(40,3,'116123','PPH PASAL 23',''),(41,3,'116125','PPH PASAL 25',''),(42,3,'116126','PPH PASAL 26',''),(43,3,'116151','PPN MASUKAN YANG SUDAH DIKREDITKAN',''),(44,3,'116152','PPN MASUKAN YANG BELUM DIKREDITKAN',''),(45,3,'116201','ASURANSI',''),(46,3,'116202','SEWA',''),(47,3,'116203','BUNGA LEASING',''),(48,3,'116204','ONGKOS ANGKUT',''),(49,3,'116299','LAIN-LAIN',''),(50,3,'121000','PENYERTAAN DALAM SURAT BERHARGA',''),(51,3,'122000','PENYERTAAN DALAM AKTIVA TETAP',''),(52,3,'123000','PENYERTAAN LAIN-LAIN',''),(53,3,'141100','TANAH KANTOR',''),(54,3,'141251','PRASARANA JALAN',''),(55,3,'141252','PRASARANA SALURAN AIR',''),(56,3,'141253','PRASARANA TAMAN',''),(57,3,'141301','INSTALASI LISTRIK',''),(58,3,'141302','INSTALASI AIR',''),(59,3,'141303','INSTALASI TELEPON',''),(60,3,'141401','MESIN-MESIN',''),(61,3,'141451','MESIN-MESIN LEASING',''),(62,3,'141501','KENDARAAN',''),(63,3,'141551','KENDARAAN LEASING KANTOR',''),(64,3,'141601','INVENTARIS',''),(65,3,'145201','AKUM. PENY. BANGUNAN KANTOR',''),(66,3,'145202','AKUM. PENY. BANGUNAN KANTIN',''),(67,3,'145203','AKUM. PENY. BANGUNAN MESS',''),(68,3,'145251','AKUM. PENY. PRASARANA JALAN',''),(69,3,'145252','AKUM. PENY. PRASARANA SALURAN AIR',''),(70,3,'145253','AKUM. PENY. PRASARANA TAMAN',''),(71,3,'145301','AKUM. PENY. INSTALASI LISTRIK',''),(72,3,'145302','AKUM. PENY. INSTALASI AIR',''),(73,3,'145303','AKUM. PENY. INSTALASI TELPON',''),(74,3,'145401','AKUM. PENY. KENDARAAN KANTOR',''),(75,3,'145451','AKUM. PENY. KENDARAAN LEASING KANTOR',''),(76,3,'145501','AKUM. PENY. INVENTARIS KANTOR',''),(77,3,'145502','AKUM. PENY. INVENTARIS KANTIN',''),(78,3,'151000','GOODWILL',''),(79,3,'152000','HAK PATEN',''),(80,3,'153000','LISENSI',''),(81,3,'154000','AKTIVA TIDAK BERWUJUD LAIN-LAIN',''),(82,3,'161101','BIAYA PENDIRIAN',''),(83,3,'161102','GAJI, TUNJANGAN',''),(84,3,'161103','BIAYA PERJALANAN DINAS',''),(85,3,'161104','ALAT TULIS & KEPERLUAN KANTOR',''),(86,3,'161105','IJIN, LEGAL DAN PROFESIONAL FEE',''),(87,3,'161106','ENTERTAINMENT,REPRESEN,SUMBANGAN',''),(88,3,'161107','TELEPON, FAX, TELEGRAM, KIRIM SURAT',''),(89,3,'161108','BENSIN, PARKIR, TOL',''),(90,3,'161109','BIAYA ADMINISTRASI BANK',''),(91,3,'161110','BAHAN PENOLONG',''),(92,3,'161111','BIAYA IKLAN',''),(93,3,'161112','PAJAK-PAJAK',''),(94,3,'161113','REKENING LISTRIK, AIR',''),(95,3,'161114','BIAYA STNK, BBN, DLL',''),(96,3,'161115','BUNGA, FEE, PROVISI BANK, DLL',''),(97,3,'161116','BIAYA PERESMIAN',''),(98,3,'161117','BIAYA BAHAN BAKAR',''),(99,3,'161118','REPARASI & PEMELIHARAAN KANTOR',''),(100,3,'161119','TRAINING, SEMINAR, TEST, DLL',''),(101,3,'161120','BIAYA MAKAN DAN MINUM',''),(102,3,'161121','PPH PASAL 21',''),(103,3,'161122','PPH PASAL 22',''),(104,3,'161123','PPH PASAL 23',''),(105,3,'161124','REPARASI & PEMELIHARAAN KENDARAAN',''),(106,3,'161125','REPARASI & PEMELIHARAAN MESS',''),(107,3,'161126','REPARASI & PEMELIHARAAN TANKI',''),(108,3,'161127','BIAYA PENGURUSAN LISTRIK',''),(109,3,'161128','REPARASI & PEMELIHARAAN BOTOL',''),(110,3,'161129','BIAYA SEWA GEDUNG',''),(111,3,'161130','BIAYA BUNGA LEASING',''),(112,3,'161143','SELISIH KURS',''),(113,3,'161144','BIAYA BUNGA PINJAMAN',''),(114,3,'161145','IURAN DAN ASURANSI',''),(115,3,'161146','BIAYA KEAMANAN',''),(116,3,'161148','BIAYA PRA-OPERASI LAIN-LAIN',''),(117,3,'161151','PENDAPATAN JASA GIRO',''),(118,3,'161152','PENDAPATAN BUNGA DEPOSITO',''),(119,3,'161153','PENDAPATAN BUNGA BANK',''),(120,3,'161154','PENDAPATAN BUNGA PIHAK III',''),(121,3,'161199','PENDAPATAN PRA-OPERASI LAIN-LAIN',''),(122,3,'161500','AKUM.AMORTISASI BIAYA PRA-OPERASI',''),(123,3,'162100','UANG JAMINAN LISTRIK',''),(124,3,'162200','UANG JAMINAN TELEPON',''),(125,3,'163000','BIAYA YANG DITANGGUHKAN',''),(126,3,'164000','BUNGA DALAM MASA KONSTRUKSI (IDC)',''),(127,3,'165201','BANGUNAN ',''),(128,3,'165301','INSTALASI LISTRIK',''),(129,3,'165302','INSTALASI AIR',''),(130,3,'165303','INSTALASI TELEPON',''),(131,3,'166000','BIAYA PENELITIAN DAN PENGEMBANGAN',''),(132,3,'169000','AKTIVA LAIN-LAIN',''),(133,4,'211101','BANK',''),(134,4,'211201','BANK',''),(135,4,'211501','BANK',''),(136,4,'211601','BANK',''),(137,4,'212100','HUTANG USAHA',''),(138,4,'212200','HUTANG YANG BELUM DIFAKTURKAN',''),(139,4,'212300','HUTANG CEK/BILYET GIRO MUNDUR',''),(140,4,'212901','HUTANG PIHAK KETIGA',''),(141,4,'212902','HUTANG PERSEDIAAN',''),(142,4,'212903','HUTANG KENDARAAN',''),(143,4,'212904','HUTANG BANGUNAN',''),(144,4,'212905','HUTANG INVENTARIS',''),(145,4,'212906','HUTANG VOUCHER',''),(146,4,'212907','HUTANG KPD GKA ELYON',''),(147,4,'212999','LAIN-LAIN',''),(148,4,'213100','UANG MUKA PENJUALAN',''),(149,4,'213900','UANG MUKA LAIN-LAIN',''),(150,4,'214104','PPH PASAL 4 AYAT 2',''),(151,4,'214121','PPH PASAL 21',''),(152,4,'214122','PPH PASAL 22',''),(153,4,'214123','PPH PASAL 23',''),(154,4,'214125','PPH PASAL 25',''),(155,4,'214126','PPH PASAL 26',''),(156,4,'214129','PPH PASAL 29',''),(157,4,'214151','PPN KELUARAN YANG SUDAH DIFAKTURKAN',''),(158,4,'214152','PPN KELUARAN YANG BELUM DIFAKTURKAN',''),(159,4,'214201','BUNGA',''),(160,4,'214202','SEWA',''),(161,4,'214203','GAJI DAN HONOR',''),(162,4,'214204','MAKAN DAN LEMBUR',''),(163,4,'214205','LISTRIK',''),(164,4,'214206','TUNJANGAN TRANSPORT-MAINTENANCE',''),(165,4,'214207','TELEPON',''),(166,4,'214208','SURAT KABAR/MAJALAH',''),(167,4,'214209','KOMISI',''),(168,4,'214210','BIAYA ADMINISTRASI BANK',''),(169,4,'214211','PAJAK WAPU/WAJIB PUNGUT',''),(170,4,'214212','JAMSOSTEK',''),(171,4,'214213','PREMI DISTRIBUSI',''),(172,4,'214214','ONGKOS ANGKUT',''),(173,4,'214299','LAIN-LAIN',''),(174,4,'215121','PPH PASAL 21',''),(175,4,'215122','PPH PASAL 22',''),(176,4,'215123','PPH PASAL 23',''),(177,4,'215125','PPH PASAL 25',''),(178,4,'215201','PPN KELUARAN',''),(179,4,'215202','PPN EKS KEPPRES',''),(180,4,'216101','HUTANG LEASING KENDARAAN',''),(181,4,'219101','HUTANG DEVIDEN',''),(182,4,'219199','LAIN-LAIN',''),(183,4,'221101','BANK',''),(184,4,'221201','BANK',''),(185,4,'22210','HUTANG LEASING KENDARAAN',''),(186,4,'223000','HUTANG PADA PEMEGANG SAHAM',''),(187,4,'230000','HUTANG LAIN - LAIN',''),(188,4,'240000','HUTANG YG. DISUBORDINASI',''),(189,4,'250000','KEWAJIBAN BERSYARAT',''),(190,5,'311101','TIDAK TERIKAT',''),(191,5,'312101','TEMPORER...........',''),(192,5,'312201','PERMANEN......',''),(193,6,'411101','DANA DARI DONATUR',''),(194,6,'411102','DPP (DANA PEMBANGUNAN & PENGEMBANGAN)',''),(195,6,'411103','DANA JOINING',''),(196,6,'411104','DPP SUKARELA (DANA PEMBANGUNAN & PENGEMBANGAN)',''),(197,6,'411105','DANA STUDENT EXCHANGE',''),(198,6,'411201','SUMBANGAN TERIKAT TEMPORER',''),(199,6,'411202','SUMBANGAN TERIKAT PERMANEN',''),(200,6,'412101','PENJUALAN FORMULIR + PSIKOTES',''),(201,6,'412102','UANG KEG. EKSTRAKURIKULER',''),(202,6,'412103','UANG PENDAFTARAN ULANG',''),(203,6,'412104','UANG SEKOLAH',''),(204,6,'412105','PENDAPATAN PENJUALAN SERAGAM',''),(205,6,'412106','PENDAPATAN PENJUALAN BUKU',''),(206,6,'412107','PENDAPATAN PENJUALAN CD/VCD/DVD',''),(207,6,'412108','PENDAPATAN LAIN-LAIN',''),(208,6,'412109','PENDAPATAN LUNCH',''),(209,6,'412110','PENDAPATAN STATIONERY DAN HANDOUT, MATERIAL FEE',''),(210,6,'412111','DENDA KETERLAMBATAN BAYAR UANG SEKOLAH',''),(211,6,'412112','PENDAPATAN CHECK POINT',''),(212,6,'412113','PENDAPATAN UJIAN HSK',''),(213,6,'412114','PENDAPATAN DAY CARE',''),(214,6,'421101','PENGHASILAN INVESTASI TIDAK TERIKAT JANGKA PANJANG',''),(215,6,'421102','PENGHASILAN INVESTASI TIDAK TERIKAT LAIN-LAIN',''),(216,6,'421103','PENGHASILAN INVESTASI TIDAK TERIKAT JANGKA PANJANG ',''),(217,6,'421201','PENGHASILAN INVESTASI TERIKAT TEMPORER',''),(218,6,'421202','PENGHASILAN INVESTASI TERIKAT PERMANEN',''),(219,7,'511101','GAJI',''),(220,7,'511102','HONOR',''),(221,7,'511103','LEMBUR',''),(222,7,'511104','PESANGON',''),(223,7,'511105','UANG MAKAN',''),(224,7,'511106','BONUS',''),(225,7,'511107','TUNJANGAN HARI RAYA',''),(226,7,'511108','PPH PASAL 21',''),(227,7,'511109','KESEJAHTERAAN KARYAWAN',''),(228,7,'511110','JAMINAN KECELAKAAN KERJA ( JKK )',''),(229,7,'511111','JAMINAN KEMATIAN ( JKM )',''),(230,7,'511112','JAMINAN HARI TUA ( JHT )',''),(231,7,'511113','JAMINAN PEMELIHARAAN KESEHATAN (JPK)',''),(232,7,'511114','TUNJANGAN DANA PENSIUN',''),(233,7,'511115','TUNJANGAN KESEHATAN',''),(234,7,'511116','TUNJANGAN TRANSPORT',''),(235,7,'511117','JAMSOSTEK',''),(236,7,'511119','PREMI ',''),(237,7,'511199','TUNJANGAN LAIN-LAIN',''),(238,7,'512101','BI.BAHAN PERB. & PEMELIHARAAN BANGUNAN & PRASARANA',''),(239,7,'512102','BI.BAHAN PERB. & PEMELIHARAAN KEND.',''),(240,7,'512103','BI.BAHAN PERB. & PEMELIHARAAN INVENTARIS',''),(241,7,'512199','BI.BAHAN PERB. & PEMELIHARAAN LAIN-LAIN',''),(242,7,'512201','PENYUSUTAN BANGUNAN & PRASARANA',''),(243,7,'512202','PENYUSUTAN KENDARAAN',''),(244,7,'512203','PENYUSUTAN INVENTARIS',''),(245,7,'512204','PENYUSUTAN INSTALASI',''),(246,7,'512301','TRANSPORTASI ( BENSIN, TIKET )',''),(247,7,'512302','MAKANAN & MINUMAN',''),(248,7,'512303','PENGINAPAN',''),(249,7,'512304','UANG SAKU',''),(250,7,'512399','LAIN-LAIN ( PARKIR, TOL )',''),(251,7,'512401','SEWA BANGUNAN',''),(252,7,'512402','SEWA KENDARAAN',''),(253,7,'512403','SEWA INVENTARIS KANTOR',''),(254,7,'512451','ASURANSI BANGUNAN',''),(255,7,'512452','ASURANSI KENDARAAN',''),(256,7,'512453','ASURANSI INVENTARIS',''),(257,7,'512501','TELEPON',''),(258,7,'512502','TELEX',''),(259,7,'512503','TELEGRAM',''),(260,7,'512504','INTERLOKAL NON TELEPON INTERN',''),(261,7,'512505','FACSIMILE',''),(262,7,'512599','LAIN - LAIN',''),(263,7,'512601','AIR',''),(264,7,'512602','LISTRIK',''),(265,7,'512603','ALAT-ALAT LISTRIK',''),(266,7,'512701','AKUNTAN',''),(267,7,'512702','NOTARIS',''),(268,7,'512703','KONSULTAN',''),(269,7,'512704','MANAGEMENT FEE',''),(270,7,'512801','ADMINISTRASI BANK',''),(271,7,'512802','BUKU CEK / BG',''),(272,7,'512803','TRANSFER, KIRIM UANG , INKASO',''),(273,7,'512804','PAJAK BUNGA BANK',''),(274,7,'512901','BIAYA ADMINISTRASI KENDARAAN',''),(275,7,'512902','BIAYA BUNGA ANGSURAN KENDARAAN',''),(276,7,'512903','BIAYA BUNGA KREDIT BANK',''),(277,7,'513101','ALAT - ALAT TULIS, PERCETAKAN & ALAT KANTOR',''),(278,7,'513102','PERANGKO, MATERAI, KIRIM SURAT',''),(279,7,'513103','FOTOCOPY/LAMINATING/CETAK FOTO',''),(280,7,'513104','ALAT - ALAT PENGAJARAN ',''),(281,7,'513105','PERLENGKAPAN KELAS',''),(282,7,'513106','JASA PEMBELAJARAN',''),(283,7,'513201','PERIJINAN',''),(284,7,'513202','PAJAK - PAJAK DAERAH,PBB',''),(285,7,'513203','STNK',''),(286,7,'513211','RETRIBUSI SAMPAH',''),(287,7,'513301','SUMBANGAN',''),(288,7,'513302','ENTERTAINMENT',''),(289,7,'513303','JAMUAN ',''),(290,7,'513401','KEAMANAN',''),(291,7,'513501','PENDAFTARAN',''),(292,7,'513502','IURAN',''),(293,7,'513601','BIAYA PENGOBATAN',''),(294,7,'513701','MAKANAN DAN MINUMAN',''),(295,7,'513702','BAHAN BAKAR DAN PARKIR/TRANSPORT',''),(296,7,'513703','SERAGAM ',''),(297,7,'513704','SEWA DISPENSER',''),(298,7,'513705','OLAH RAGA DAN KESENIAN',''),(299,7,'513706','BIAYA TRAINING, SEMINAR DAN STUDI BANDING',''),(300,7,'513707','BUKU, VCD',''),(301,7,'513708','ATRIBUT SEKOLAH',''),(302,7,'513709','BIAYA PSIKOTES',''),(303,7,'513710','BIAYA ADVERTENSI ( IKLAN )',''),(304,7,'513711','BIAYA STUDY TOUR',''),(305,7,'513712','BIAYA PERLOMBAAN & PERAYAAN',''),(306,7,'513713','STIKER U/ MURID',''),(307,7,'513714','BIAYA TES KESEHATAN',''),(308,7,'513715','BIAYA KOMISI PENGEMBANGAN',''),(309,7,'513716','BIAYA PAMERAN',''),(310,7,'513799','LAIN - LAIN',''),(311,7,'513801','KANTIN',''),(312,7,'513802','DAPUR',''),(313,7,'513803','BIAYA KEBERSIHAN',''),(314,7,'513804','BIAYA KEPERLUAN KEBUN/TAMAN',''),(315,7,'513805','JASA CLEANING SERVICE',''),(316,7,'513806','',''),(317,7,'513807','BIAYA MESS',''),(318,7,'513901','SELAMATAN',''),(319,7,'513902','BIAYA PENGURUSAN SURAT LAIN - LAIN',''),(320,7,'513903','DENDA PAJAK',''),(321,7,'513904','KOREKSI TAHUN LALU',''),(322,7,'513998','LAIN - LAIN (SELISIH KURS)',''),(323,7,'513999','LAIN - LAIN (SELISIH KAS)',''),(324,7,'514001','TRANSPORT',''),(325,7,'514002','MAKAN & MINUM (RAPAT)',''),(326,7,'514099','LAIN-LAIN',''),(327,7,'514101','BUKU',''),(328,7,'514102','VCD',''),(329,7,'514103','SERAGAM ',''),(330,7,'514104','ATRIBUT SEKOLAH',''),(331,7,'514105','BIAYA PSIKOTES',''),(332,7,'514106','BIAYA STUDY TOUR/FIELD TRIP',''),(333,7,'514107','BIAYA PERLOMBAAN ',''),(334,7,'514108','EKSTRAKURIKULER',''),(335,7,'514109','BIAYA STUDENT EXCHANGE',''),(336,7,'514110','BIAYA CHECK POINT',''),(337,7,'514199','LAIN - LAIN','');
/*!40000 ALTER TABLE `keu_detilrekening` ENABLE KEYS */;

#
# Structure for table "keu_detjenistrans"
#

DROP TABLE IF EXISTS `keu_detjenistrans`;
CREATE TABLE `keu_detjenistrans` (
  `replid` int(11) NOT NULL AUTO_INCREMENT,
  `jenistrans` int(11) NOT NULL,
  `nama` varchar(50) NOT NULL,
  `kode` varchar(20) NOT NULL,
  `bukti` char(3) NOT NULL,
  PRIMARY KEY (`replid`)
) ENGINE=InnoDB AUTO_INCREMENT=9 DEFAULT CHARSET=latin1;

#
# Data for table "keu_detjenistrans"
#

INSERT INTO `keu_detjenistrans` VALUES (1,2,'SPP','in_siswa','BKM'),(2,2,'DPP','in_calonsiswa','BBM'),(3,2,'pemasukan bank','in_bank','BBM'),(4,2,'pemasukan kas','in_come','BKM'),(5,3,'pengeluaran barang','out_barang','BKK'),(6,3,'pengeluaran bank','out_bank','BBK'),(7,3,'pengeluaran kas','out_come','BKK'),(8,1,'junal umum','ju','MMJ');

#
# Structure for table "keu_detjenistransnew"
#

DROP TABLE IF EXISTS `keu_detjenistransnew`;
CREATE TABLE `keu_detjenistransnew` (
  `replid` int(11) NOT NULL AUTO_INCREMENT,
  `jenistrans` int(11) NOT NULL,
  `kategori` enum('o','n','') DEFAULT NULL,
  `nama` varchar(50) NOT NULL,
  `kode` varchar(20) NOT NULL,
  `bukti` char(3) NOT NULL,
  PRIMARY KEY (`replid`)
) ENGINE=InnoDB AUTO_INCREMENT=6 DEFAULT CHARSET=latin1;

#
# Data for table "keu_detjenistransnew"
#

INSERT INTO `keu_detjenistransnew` VALUES (1,1,'','SPP','in_siswa','BKM'),(2,2,'o','DPP','in_calonsiswa','BBM'),(3,2,'n','pemasukan bank','in_bank','BBM'),(4,3,'o','pemasukan kas','in_come','BKM'),(5,3,'n','pengeluaran barang','out_barang','BKK');

#
# Structure for table "keu_grupbrg"
#

DROP TABLE IF EXISTS `keu_grupbrg`;
CREATE TABLE `keu_grupbrg` (
  `replid` int(10) unsigned NOT NULL AUTO_INCREMENT,
  `nama` varchar(50) NOT NULL,
  `keterangan` varchar(100) NOT NULL,
  PRIMARY KEY (`replid`)
) ENGINE=MyISAM AUTO_INCREMENT=4 DEFAULT CHARSET=latin1;

#
# Data for table "keu_grupbrg"
#

/*!40000 ALTER TABLE `keu_grupbrg` DISABLE KEYS */;
INSERT INTO `keu_grupbrg` VALUES (1,'Elektronika',''),(2,'Kendaraan',''),(3,'Alat Tulis','');
/*!40000 ALTER TABLE `keu_grupbrg` ENABLE KEYS */;

#
# Structure for table "keu_jenislaporan"
#

DROP TABLE IF EXISTS `keu_jenislaporan`;
CREATE TABLE `keu_jenislaporan` (
  `replid` int(11) NOT NULL AUTO_INCREMENT,
  `jenis` enum('in','out') NOT NULL DEFAULT 'in',
  `kategori` enum('o','n') NOT NULL DEFAULT 'o',
  `rekening` int(11) NOT NULL,
  PRIMARY KEY (`replid`)
) ENGINE=InnoDB AUTO_INCREMENT=15 DEFAULT CHARSET=latin1;

#
# Data for table "keu_jenislaporan"
#

INSERT INTO `keu_jenislaporan` VALUES (7,'in','o',203),(8,'in','o',195),(9,'in','o',210),(10,'in','o',119),(11,'in','n',194),(12,'out','o',219),(13,'out','o',30),(14,'out','o',54);

#
# Structure for table "keu_jenistrans"
#

DROP TABLE IF EXISTS `keu_jenistrans`;
CREATE TABLE `keu_jenistrans` (
  `replid` int(11) NOT NULL AUTO_INCREMENT,
  `nama` varchar(50) NOT NULL,
  `kode` varchar(5) NOT NULL,
  PRIMARY KEY (`replid`)
) ENGINE=InnoDB AUTO_INCREMENT=4 DEFAULT CHARSET=latin1;

#
# Data for table "keu_jenistrans"
#

INSERT INTO `keu_jenistrans` VALUES (1,'jurnal umum','ju'),(2,'pemasukan','in'),(3,'pengeluaran','out');

#
# Structure for table "keu_jurnal"
#

DROP TABLE IF EXISTS `keu_jurnal`;
CREATE TABLE `keu_jurnal` (
  `replid` int(10) unsigned NOT NULL AUTO_INCREMENT,
  `transaksi` int(10) unsigned NOT NULL,
  `rek` int(10) NOT NULL,
  `nominal` decimal(10,0) NOT NULL DEFAULT '0',
  `jenis` char(1) NOT NULL,
  `debet` double(14,0) NOT NULL DEFAULT '0',
  `kredit` double(14,0) NOT NULL DEFAULT '0',
  `ts` timestamp NOT NULL DEFAULT CURRENT_TIMESTAMP,
  PRIMARY KEY (`replid`)
) ENGINE=MyISAM AUTO_INCREMENT=1235 DEFAULT CHARSET=latin1;

#
# Data for table "keu_jurnal"
#

/*!40000 ALTER TABLE `keu_jurnal` DISABLE KEYS */;
INSERT INTO `keu_jurnal` VALUES (1171,1,83,80000,'k',0,0,'2015-05-25 15:47:11'),(1172,1,1,80000,'d',0,0,'2015-05-25 15:47:11'),(1173,2,83,15000,'d',0,0,'2015-05-25 15:47:58'),(1174,2,1,15000,'k',0,0,'2015-05-25 15:47:58'),(1175,3,222,35000,'d',0,0,'2015-05-25 15:56:14'),(1176,3,6,35000,'k',0,0,'2015-05-25 15:56:14'),(1177,4,203,120000,'k',0,0,'2015-05-25 16:00:10'),(1178,4,1,120000,'d',0,0,'2015-05-25 16:00:10'),(1179,5,1,50000,'d',0,0,'2015-05-26 06:08:09'),(1180,5,22,50000,'k',0,0,'2015-05-26 06:08:09'),(1181,5,25,5000,'k',0,0,'2015-05-26 06:08:59'),(1182,5,3,5000,'d',0,0,'2015-05-26 06:09:00'),(1183,6,1,300000,'d',0,0,'2015-05-27 06:22:17'),(1184,6,200,300000,'k',0,0,'2015-05-27 06:22:17'),(1185,7,1,500000,'d',0,0,'2015-05-27 06:30:51'),(1186,7,195,500000,'k',0,0,'2015-05-27 06:30:51'),(1187,8,1,14000000,'d',0,0,'2015-05-30 14:21:25'),(1188,8,194,14000000,'k',0,0,'2015-05-30 14:21:25'),(1189,9,1,4545000,'d',0,0,'2015-06-05 06:47:06'),(1190,9,194,4545000,'k',0,0,'2015-06-05 06:47:06'),(1191,10,1,300000,'d',0,0,'2015-06-05 06:48:44'),(1192,10,200,300000,'k',0,0,'2015-06-05 06:48:44'),(1193,11,1,4522000,'d',0,0,'2015-06-08 19:52:16'),(1194,11,194,4522000,'k',0,0,'2015-06-08 19:52:16'),(1195,12,1,2261000,'d',0,0,'2015-06-08 19:52:24'),(1196,12,194,2261000,'k',0,0,'2015-06-08 19:52:24'),(1197,13,1,4522000,'d',0,0,'2015-06-08 19:52:35'),(1198,13,194,4522000,'k',0,0,'2015-06-08 19:52:35'),(1199,14,1,100000,'d',0,0,'2015-06-08 21:16:48'),(1200,14,195,100000,'k',0,0,'2015-06-08 21:16:48'),(1201,15,1,50000,'d',0,0,'2015-06-08 21:16:56'),(1202,15,195,50000,'k',0,0,'2015-06-08 21:16:56'),(1203,16,1,150000,'d',0,0,'2015-06-08 21:17:27'),(1204,16,195,150000,'k',0,0,'2015-06-08 21:17:27'),(1205,17,1,1515000,'d',0,0,'2015-06-08 22:29:44'),(1206,17,194,1515000,'k',0,0,'2015-06-08 22:29:44'),(1207,18,1,3030000,'d',0,0,'2015-06-08 22:29:57'),(1208,18,194,3030000,'k',0,0,'2015-06-08 22:29:57'),(1213,21,277,50000,'d',0,0,'2015-06-12 14:01:25'),(1214,21,3,50000,'k',0,0,'2015-06-12 14:01:25'),(1215,22,277,5000,'d',0,0,'2015-06-12 14:09:54'),(1216,22,3,5000,'k',0,0,'2015-06-12 14:09:54'),(1217,23,277,20000,'d',0,0,'2015-06-13 05:40:29'),(1218,23,1,20000,'k',0,0,'2015-06-13 05:40:29'),(1219,24,277,90000,'d',0,0,'2015-06-13 05:40:29'),(1220,24,1,90000,'k',0,0,'2015-06-13 05:40:29'),(1221,25,277,80000,'d',0,0,'2015-06-13 08:11:17'),(1222,25,2,80000,'k',0,0,'2015-06-13 08:11:17'),(1223,26,277,80000,'d',0,0,'2015-06-13 11:16:44'),(1224,26,16,80000,'k',0,0,'2015-06-13 11:16:44'),(1225,27,1,75,'d',0,0,'2015-06-14 03:36:03'),(1226,27,195,75,'k',0,0,'2015-06-14 03:36:03'),(1227,28,1,65000,'d',0,0,'2015-06-14 03:37:12'),(1228,28,195,65000,'k',0,0,'2015-06-14 03:37:12'),(1229,29,4,900,'d',0,0,'2015-06-18 13:39:26'),(1230,29,5,900,'k',0,0,'2015-06-18 13:39:26'),(1231,30,1,-2695000,'d',0,0,'2015-07-14 11:30:11'),(1232,30,194,-2695000,'k',0,0,'2015-07-14 11:30:11'),(1233,31,1,-1142857,'d',0,0,'2015-07-14 12:44:44'),(1234,31,194,-1142857,'k',0,0,'2015-07-14 12:44:44');
/*!40000 ALTER TABLE `keu_jurnal` ENABLE KEYS */;

#
# Structure for table "keu_kategorianggaran"
#

DROP TABLE IF EXISTS `keu_kategorianggaran`;
CREATE TABLE `keu_kategorianggaran` (
  `replid` int(11) unsigned NOT NULL AUTO_INCREMENT,
  `tingkat` int(11) NOT NULL,
  `rekening` int(11) NOT NULL,
  `nama` varchar(100) NOT NULL,
  `keterangan` text NOT NULL,
  PRIMARY KEY (`replid`)
) ENGINE=InnoDB AUTO_INCREMENT=27 DEFAULT CHARSET=latin1;

#
# Data for table "keu_kategorianggaran"
#

INSERT INTO `keu_kategorianggaran` VALUES (16,8,277,'ATK','alat tulis kantor'),(17,8,247,'logistik','bahan bahan logistik bahan pangan '),(18,8,293,'obat obatan','biaya untuk pengobatan seluruh warga sekolah '),(20,8,238,'bangunan','ok'),(23,8,301,'Perlengkapan Siswa','perlengkapan sekolah bagi siswa'),(24,10,85,'ATK primary x','ATK x'),(25,5,277,'ATK KG','ATK KG bos'),(26,8,68,'service sarana - prasarana','ok');

#
# Structure for table "keu_kategorirek"
#

DROP TABLE IF EXISTS `keu_kategorirek`;
CREATE TABLE `keu_kategorirek` (
  `replid` int(10) unsigned NOT NULL AUTO_INCREMENT,
  `kode` tinyint(3) unsigned NOT NULL DEFAULT '0',
  `nama` varchar(20) NOT NULL,
  PRIMARY KEY (`replid`)
) ENGINE=MyISAM AUTO_INCREMENT=10 DEFAULT CHARSET=latin1;

#
# Data for table "keu_kategorirek"
#

/*!40000 ALTER TABLE `keu_kategorirek` DISABLE KEYS */;
INSERT INTO `keu_kategorirek` VALUES (1,1,'KAS'),(2,1,'BANK'),(3,1,'AKTIVA'),(4,2,'KEWAJIBAN'),(5,3,'MODAL'),(6,4,'PENDAPATAN'),(7,5,'BIAYA');
/*!40000 ALTER TABLE `keu_kategorirek` ENABLE KEYS */;

#
# Structure for table "keu_kategorirekening"
#

DROP TABLE IF EXISTS `keu_kategorirekening`;
CREATE TABLE `keu_kategorirekening` (
  `replid` int(10) NOT NULL AUTO_INCREMENT,
  `kode` tinyint(3) unsigned NOT NULL DEFAULT '0',
  `nama` varchar(20) NOT NULL,
  `jenis` enum('d','k') NOT NULL,
  `jenistambah` enum('d','k') NOT NULL,
  `jeniskurang` enum('d','k') NOT NULL,
  PRIMARY KEY (`replid`)
) ENGINE=MyISAM AUTO_INCREMENT=19 DEFAULT CHARSET=latin1;

#
# Data for table "keu_kategorirekening"
#

/*!40000 ALTER TABLE `keu_kategorirekening` DISABLE KEYS */;
INSERT INTO `keu_kategorirekening` VALUES (1,1,'KAS','d','d','k'),(2,1,'BANK','d','d','k'),(3,1,'AKTIVA','d','d','k'),(4,2,'KEWAJIBAN','k','k','d'),(5,3,'MODAL','k','k','d'),(6,4,'PENDAPATAN','k','k','d'),(7,5,'BIAYA','d','d','k');
/*!40000 ALTER TABLE `keu_kategorirekening` ENABLE KEYS */;

#
# Structure for table "keu_katmodulpembayaran"
#

DROP TABLE IF EXISTS `keu_katmodulpembayaran`;
CREATE TABLE `keu_katmodulpembayaran` (
  `replid` int(11) NOT NULL AUTO_INCREMENT,
  `nama` varchar(100) NOT NULL,
  `siswa` enum('aktif','calon') DEFAULT NULL,
  `sifat` enum('wajib','sukarela') DEFAULT NULL,
  `keterangan` text NOT NULL,
  `detjenistrans` int(20) NOT NULL,
  PRIMARY KEY (`replid`)
) ENGINE=InnoDB AUTO_INCREMENT=5 DEFAULT CHARSET=latin1;

#
# Data for table "keu_katmodulpembayaran"
#

INSERT INTO `keu_katmodulpembayaran` VALUES (1,'SPP','aktif','wajib','sumbangan wajib tiap semester',1),(2,'DPP','aktif','wajib','uang gedung ',1),(3,'Formulir ','calon','wajib','biaya formulir untuk pendaftaran siswa baru ',1),(4,'Joining Fee','aktif','wajib','biaya Joining Fee untuk Pendaftaran Siswa Baru , dibayar di awal masuk\r\n',1);

#
# Structure for table "keu_kelompokbrg"
#

DROP TABLE IF EXISTS `keu_kelompokbrg`;
CREATE TABLE `keu_kelompokbrg` (
  `replid` int(10) unsigned NOT NULL AUTO_INCREMENT,
  `grupbrg` int(10) unsigned NOT NULL,
  `nama` varchar(50) NOT NULL,
  PRIMARY KEY (`replid`)
) ENGINE=MyISAM AUTO_INCREMENT=7 DEFAULT CHARSET=latin1;

#
# Data for table "keu_kelompokbrg"
#

/*!40000 ALTER TABLE `keu_kelompokbrg` DISABLE KEYS */;
INSERT INTO `keu_kelompokbrg` VALUES (1,1,'Komputer'),(2,1,'Proyektor'),(3,2,'Mobil'),(4,2,'Motor'),(5,2,'Sepeda'),(6,3,'bulpoin');
/*!40000 ALTER TABLE `keu_kelompokbrg` ENABLE KEYS */;

#
# Structure for table "keu_modul"
#

DROP TABLE IF EXISTS `keu_modul`;
CREATE TABLE `keu_modul` (
  `replid` int(10) unsigned NOT NULL AUTO_INCREMENT,
  `kategori` tinyint(3) unsigned NOT NULL DEFAULT '0',
  `reftipe` tinyint(3) unsigned NOT NULL DEFAULT '0',
  `refid` int(10) unsigned NOT NULL DEFAULT '0',
  `nama` varchar(100) NOT NULL,
  `rek1` int(10) unsigned NOT NULL,
  `rek2` int(10) unsigned NOT NULL,
  `rek3` int(10) unsigned NOT NULL DEFAULT '0',
  `nominal` decimal(10,0) NOT NULL DEFAULT '0',
  `cicilan` decimal(10,0) NOT NULL DEFAULT '0',
  `keterangan` varchar(200) NOT NULL,
  PRIMARY KEY (`replid`)
) ENGINE=MyISAM AUTO_INCREMENT=8 DEFAULT CHARSET=latin1;

#
# Data for table "keu_modul"
#

/*!40000 ALTER TABLE `keu_modul` DISABLE KEYS */;
INSERT INTO `keu_modul` VALUES (2,3,2,2,'Pendaftaran Tahun Ajaran 2014-2015',14,0,0,0,0,''),(3,3,2,2,'Pendaftaran Tahun Ajaran 2014-2015',6,194,0,0,0,'Kaitlynn Tiffany'),(4,1,3,3,'Uang pangkal angkatan 2013',6,194,29,0,0,'DPP'),(5,1,1,1,'Uang sekolah tahun ajaran 2014-2015 (Aktif)',1,203,29,0,0,''),(6,1,3,8,'Uang pangkal angkatan 2016',3,4,3,0,0,''),(7,1,3,2,'Uang pangkal angkatan 2014',1,1,1,0,0,'ok');
/*!40000 ALTER TABLE `keu_modul` ENABLE KEYS */;

#
# Structure for table "keu_modulpembayaran"
#

DROP TABLE IF EXISTS `keu_modulpembayaran`;
CREATE TABLE `keu_modulpembayaran` (
  `replid` int(10) unsigned NOT NULL AUTO_INCREMENT,
  `katmodulpembayaran` int(11) NOT NULL DEFAULT '0',
  `angkatan` int(10) NOT NULL DEFAULT '0',
  `nama` varchar(100) NOT NULL,
  `rek1` int(10) unsigned NOT NULL,
  `rek2` int(10) unsigned NOT NULL,
  `rek3` int(10) unsigned NOT NULL DEFAULT '0',
  `nominal` decimal(10,0) NOT NULL DEFAULT '0',
  `cicilan` decimal(10,0) NOT NULL DEFAULT '0',
  `diskon` decimal(10,0) NOT NULL DEFAULT '0',
  `biayaadmin` decimal(10,0) NOT NULL DEFAULT '0',
  `keterangan` varchar(200) NOT NULL,
  PRIMARY KEY (`replid`)
) ENGINE=MyISAM AUTO_INCREMENT=41 DEFAULT CHARSET=latin1;

#
# Data for table "keu_modulpembayaran"
#

/*!40000 ALTER TABLE `keu_modulpembayaran` DISABLE KEYS */;
INSERT INTO `keu_modulpembayaran` VALUES (4,2,3,'DPP angkatan 2013',6,194,29,0,0,0,0,'DPP'),(7,1,4,'Uang sekolah tahun ajaran 2013-2014',4,8,8,0,0,0,0,'ok'),(16,3,3,'Pendaftaran Tahun Ajaran 2014 - 2015 ',2,200,0,800000,0,0,0,'uang formulir = 300000\r\nuang joining fee = 500000'),(17,1,3,'SPP Tahun Ajaran 2014 - 2015',2,203,0,0,0,0,0,''),(19,1,1,'SPP Tahun Ajaran 2013 - 2014 ',2,203,0,0,0,0,0,''),(21,3,1,'Pendaftaran Tahun Ajaran 2013 - 2014',1,200,0,0,0,0,0,''),(24,2,7,'DPP Angkatan 2015',1,194,0,0,0,0,0,''),(25,3,7,'Pendaftaran Tahun Ajaran 2015 - 2016',1,200,0,0,0,0,0,''),(26,1,7,'SPP Tahun Ajaran 2015 - 2016',1,203,0,0,0,0,0,''),(27,2,1,'DPP Angkatan 2013',1,194,0,0,0,0,0,''),(28,2,2,'DPP Angkatan 2014',1,194,0,0,0,0,0,''),(29,3,2,'Pendaftaran Tahun Ajaran 2014 - 2015',1,200,0,0,0,0,0,''),(30,1,2,'SPP Tahun ajaran 2014 - 2015',1,203,0,0,0,0,0,''),(31,2,4,'DPP Angkatan 2014',1,194,0,0,0,0,0,''),(32,3,4,'Pendaftaran Tahun Ajaran 2014 - 2015',4,200,0,0,0,0,0,''),(33,2,12,'DPP Angkatan 2015',4,194,0,0,0,0,0,''),(34,3,12,'Pendaftaran Tahun Ajaran 2015 -2016',4,200,0,0,0,0,0,''),(35,1,12,'SPP Tahun Ajaran 2015 - 2016',4,203,23,0,0,0,0,''),(36,2,11,'DPP Angkatan 2015',2,194,0,0,0,0,0,''),(37,3,11,'Pendaftaran  Tahun Ajaran 2015 - 2016',3,200,0,0,0,0,0,''),(38,1,11,'SPP Tahun Ajaran 2015 -2016',4,203,0,0,0,0,0,''),(39,4,2,'Joining Fee Tahun  Angkatan 2014',1,195,0,0,0,0,0,'');
/*!40000 ALTER TABLE `keu_modulpembayaran` ENABLE KEYS */;

#
# Structure for table "keu_nominalanggaran"
#

DROP TABLE IF EXISTS `keu_nominalanggaran`;
CREATE TABLE `keu_nominalanggaran` (
  `replid` int(10) NOT NULL AUTO_INCREMENT,
  `detilanggaran` int(10) NOT NULL,
  `bulan` int(2) NOT NULL,
  `jml` int(10) NOT NULL DEFAULT '0',
  PRIMARY KEY (`replid`)
) ENGINE=InnoDB AUTO_INCREMENT=415 DEFAULT CHARSET=latin1;

#
# Data for table "keu_nominalanggaran"
#

INSERT INTO `keu_nominalanggaran` VALUES (367,62,7,2),(368,62,8,2),(369,62,9,2),(370,62,10,5),(371,62,11,5),(372,62,12,5),(373,62,1,4),(374,62,2,40),(375,62,3,4),(376,62,4,8),(377,62,5,8),(378,62,6,80),(379,63,7,1),(380,63,8,20),(381,63,9,1),(382,63,10,1),(383,63,11,1),(384,63,12,1),(385,63,1,1),(386,63,2,1),(387,63,3,1),(388,63,4,1),(389,63,5,1),(390,63,6,1),(391,64,7,5),(392,64,8,5),(393,64,9,5),(394,64,10,3),(395,64,11,5),(396,64,12,5),(397,64,1,5),(398,64,2,5),(399,64,3,5),(400,64,4,5),(401,64,5,5),(402,64,6,5),(403,65,7,2),(404,65,8,3),(405,65,9,0),(406,65,10,0),(407,65,11,0),(408,65,12,0),(409,65,1,5),(410,65,2,0),(411,65,3,0),(412,65,4,0),(413,65,5,0),(414,65,6,0);

#
# Structure for table "keu_pembayaran"
#

DROP TABLE IF EXISTS `keu_pembayaran`;
CREATE TABLE `keu_pembayaran` (
  `replid` int(10) unsigned NOT NULL AUTO_INCREMENT,
  `modul` int(10) unsigned NOT NULL,
  `siswa` int(10) unsigned NOT NULL,
  `nominal` decimal(10,0) NOT NULL DEFAULT '0',
  `cicilan` decimal(10,0) NOT NULL DEFAULT '0',
  `lunas` enum('0','1') NOT NULL DEFAULT '0',
  `tanggal` date NOT NULL DEFAULT '0000-00-00',
  `keterangan` varchar(250) NOT NULL,
  PRIMARY KEY (`replid`)
) ENGINE=MyISAM AUTO_INCREMENT=3670 DEFAULT CHARSET=latin1;

#
# Data for table "keu_pembayaran"
#

/*!40000 ALTER TABLE `keu_pembayaran` DISABLE KEYS */;
INSERT INTO `keu_pembayaran` VALUES (3653,29,7,0,300000,'0','0000-00-00',''),(3654,39,7,0,500000,'0','0000-00-00',''),(3655,28,6,0,14000000,'0','0000-00-00',''),(3656,28,7,0,4545000,'0','0000-00-00',''),(3657,29,6,0,300000,'0','0000-00-00',''),(3658,28,8,0,4522000,'0','0000-00-00',''),(3659,28,8,0,2261000,'0','0000-00-00',''),(3660,28,8,0,4522000,'0','0000-00-00',''),(3661,39,8,0,100000,'0','0000-00-00',''),(3662,39,8,0,50000,'0','0000-00-00',''),(3663,39,8,0,150000,'0','0000-00-00',''),(3664,28,7,0,1515000,'0','0000-00-00',''),(3665,28,7,0,3030000,'0','0000-00-00',''),(3666,39,8,0,75,'0','0000-00-00',''),(3667,39,8,0,65000,'0','0000-00-00',''),(3668,28,8,0,-2695000,'0','0000-00-00',''),(3669,28,1016,0,-1142857,'0','0000-00-00','');
/*!40000 ALTER TABLE `keu_pembayaran` ENABLE KEYS */;

#
# Structure for table "keu_penerimaan"
#

DROP TABLE IF EXISTS `keu_penerimaan`;
CREATE TABLE `keu_penerimaan` (
  `replid` int(10) unsigned NOT NULL AUTO_INCREMENT,
  `reftipe` tinyint(3) unsigned NOT NULL DEFAULT '0',
  `refid` int(10) unsigned NOT NULL DEFAULT '0',
  `nominal` decimal(10,0) NOT NULL DEFAULT '0',
  PRIMARY KEY (`replid`)
) ENGINE=MyISAM DEFAULT CHARSET=latin1;

#
# Data for table "keu_penerimaan"
#

/*!40000 ALTER TABLE `keu_penerimaan` DISABLE KEYS */;
/*!40000 ALTER TABLE `keu_penerimaan` ENABLE KEYS */;

#
# Structure for table "keu_penerimaanbrg"
#

DROP TABLE IF EXISTS `keu_penerimaanbrg`;
CREATE TABLE `keu_penerimaanbrg` (
  `replid` int(10) unsigned NOT NULL AUTO_INCREMENT,
  `nomerbukti` varchar(100) NOT NULL,
  `kodebrg` varchar(50) NOT NULL,
  `namabrg` varchar(100) NOT NULL,
  `unit` mediumint(8) unsigned NOT NULL DEFAULT '0',
  `satuan` varchar(10) NOT NULL,
  `nominal` decimal(10,0) NOT NULL DEFAULT '0',
  PRIMARY KEY (`replid`)
) ENGINE=MyISAM AUTO_INCREMENT=8 DEFAULT CHARSET=latin1;

#
# Data for table "keu_penerimaanbrg"
#

/*!40000 ALTER TABLE `keu_penerimaanbrg` DISABLE KEYS */;
INSERT INTO `keu_penerimaanbrg` VALUES (1,'AAA','ELKO001','',2,'unit',0),(2,'BBB','101','',1,'unit',20000),(3,'AA001','ELKO001','Macbook pro 15 inch',2,'unit',12000000),(4,'BB101','KEMTR0001','Supra X 125',1,'unit',15000000),(5,'AS989','ELKO001','Macbook pro 15 inch',1,'unit',12000000),(6,'ASD123','KEMTR0001','Supra X 125',1,'unit',18000000),(7,'ASDW123','ELKO001','Macbook pro 15 inch',1,'unit',12000000);
/*!40000 ALTER TABLE `keu_penerimaanbrg` ENABLE KEYS */;

#
# Structure for table "keu_rekening"
#

DROP TABLE IF EXISTS `keu_rekening`;
CREATE TABLE `keu_rekening` (
  `replid` int(10) unsigned NOT NULL AUTO_INCREMENT,
  `kategorirek` int(10) unsigned NOT NULL,
  `kode` varchar(20) NOT NULL,
  `nama` varchar(100) NOT NULL,
  `nominal` decimal(10,0) DEFAULT NULL,
  `keterangan` varchar(200) NOT NULL,
  PRIMARY KEY (`replid`)
) ENGINE=MyISAM AUTO_INCREMENT=342 DEFAULT CHARSET=latin1;

#
# Data for table "keu_rekening"
#

/*!40000 ALTER TABLE `keu_rekening` DISABLE KEYS */;
INSERT INTO `keu_rekening` VALUES (1,1,'111101','KAS KECIL ',NULL,''),(2,1,'111102','KAS SATELIT',NULL,''),(3,1,'111103','KAS KERTAJAYA',NULL,''),(4,1,'111104','KAS RUNGKUT',NULL,''),(5,1,'111199','KAS DALAM PERJALANAN',NULL,''),(6,2,'111201','BCA AC NO. 5560060001',NULL,''),(7,2,'111202','BANK EKONOMI AC NO. 3031861275',NULL,''),(8,2,'111203','BCA AC NO. 4683800000',NULL,''),(9,2,'111204','DEPOSITO EKONOMI',NULL,''),(10,2,'111205','BANK MAYAPADA AC NO.201.300.17.000',NULL,''),(11,2,'111206','CIMB-NIAGA AC NO.216.01.00543.00.5 (dh.LIPPOBANK)',NULL,''),(12,2,'111207','DEPOSITO MAYAPADA/PANIN/CIMB',NULL,''),(13,2,'111208','DEPOSITO PANINBANK',NULL,''),(14,2,'111209','PANINBANK AC NO.448.50.8888.7',NULL,''),(15,2,'111210','MANDARI AC NO. 1420088800098',NULL,''),(16,2,'111211','BANK BCA 8290960101',NULL,''),(17,2,'111299','BANK DALAM PERJALANAN',NULL,''),(18,3,'111900','AYAT SILANG KAS DAN BANK',NULL,''),(19,3,'112100','TABUNGAN',NULL,''),(20,3,'112200','DEPOSITO BERJANGKA',NULL,''),(21,3,'112300','SURAT-SURAT BERHARGA',NULL,''),(22,3,'113100','PIUTANG USAHA',NULL,''),(23,3,'113200','PIUTANG YANG BELUM DIFAKTURKAN',NULL,''),(24,3,'113300','PIUTANG CEK/GIRO MUNDUR',NULL,''),(25,3,'113400','CADANGAN PIUTANG RAGU-RAGU',NULL,''),(26,3,'113500','PIUTANG DIREKSI',NULL,''),(27,3,'113600','PIUTANG KARYAWAN',NULL,''),(28,3,'113700','PIUTANG PIHAK III',NULL,''),(29,3,'113999','PIUTANG LAIN-LAIN',NULL,''),(30,3,'114100','UANG MUKA PEMBELIAN',NULL,''),(31,3,'114901','TANAH',NULL,''),(32,3,'114902','KENDARAAN',NULL,''),(33,3,'114903','MESIN DAN PERALATAN',NULL,''),(34,3,'114904','BANGUNAN',NULL,''),(35,3,'114905','INVENTARIS',NULL,''),(36,3,'114906','UANG MUKA PERJALANAN',NULL,''),(37,3,'114999','LAIN-LAIN',NULL,''),(38,3,'116121','PPH PASAL 21',NULL,''),(39,3,'116122','PPH PASAL 22',NULL,''),(40,3,'116123','PPH PASAL 23',NULL,''),(41,3,'116125','PPH PASAL 25',NULL,''),(42,3,'116126','PPH PASAL 26',NULL,''),(43,3,'116151','PPN MASUKAN YANG SUDAH DIKREDITKAN',NULL,''),(44,3,'116152','PPN MASUKAN YANG BELUM DIKREDITKAN',NULL,''),(45,3,'116201','ASURANSI',NULL,''),(46,3,'116202','SEWA',NULL,''),(47,3,'116203','BUNGA LEASING',NULL,''),(48,3,'116204','ONGKOS ANGKUT',NULL,''),(49,3,'116299','LAIN-LAIN',NULL,''),(50,3,'121000','PENYERTAAN DALAM SURAT BERHARGA',NULL,''),(51,3,'122000','PENYERTAAN DALAM AKTIVA TETAP',NULL,''),(52,3,'123000','PENYERTAAN LAIN-LAIN',NULL,''),(53,3,'141100','TANAH KANTOR',NULL,''),(54,3,'141251','PRASARANA JALAN',NULL,''),(55,3,'141252','PRASARANA SALURAN AIR',NULL,''),(56,3,'141253','PRASARANA TAMAN',NULL,''),(57,3,'141301','INSTALASI LISTRIK',NULL,''),(58,3,'141302','INSTALASI AIR',NULL,''),(59,3,'141303','INSTALASI TELEPON',NULL,''),(60,3,'141401','MESIN-MESIN',NULL,''),(61,3,'141451','MESIN-MESIN LEASING',NULL,''),(62,3,'141501','KENDARAAN',NULL,''),(63,3,'141551','KENDARAAN LEASING KANTOR',NULL,''),(64,3,'141601','INVENTARIS',NULL,''),(65,3,'145201','AKUM. PENY. BANGUNAN KANTOR',NULL,''),(66,3,'145202','AKUM. PENY. BANGUNAN KANTIN',NULL,''),(67,3,'145203','AKUM. PENY. BANGUNAN MESS',NULL,''),(68,3,'145251','AKUM. PENY. PRASARANA JALAN',NULL,''),(69,3,'145252','AKUM. PENY. PRASARANA SALURAN AIR',NULL,''),(70,3,'145253','AKUM. PENY. PRASARANA TAMAN',NULL,''),(71,3,'145301','AKUM. PENY. INSTALASI LISTRIK',NULL,''),(72,3,'145302','AKUM. PENY. INSTALASI AIR',NULL,''),(73,3,'145303','AKUM. PENY. INSTALASI TELPON',NULL,''),(74,3,'145401','AKUM. PENY. KENDARAAN KANTOR',NULL,''),(75,3,'145451','AKUM. PENY. KENDARAAN LEASING KANTOR',NULL,''),(76,3,'145501','AKUM. PENY. INVENTARIS KANTOR',NULL,''),(77,3,'145502','AKUM. PENY. INVENTARIS KANTIN',NULL,''),(78,3,'151000','GOODWILL',NULL,''),(79,3,'152000','HAK PATEN',NULL,''),(80,3,'153000','LISENSI',NULL,''),(81,3,'154000','AKTIVA TIDAK BERWUJUD LAIN-LAIN',NULL,''),(82,3,'161101','BIAYA PENDIRIAN',NULL,''),(83,3,'161102','GAJI, TUNJANGAN',NULL,''),(84,3,'161103','BIAYA PERJALANAN DINAS',NULL,''),(85,3,'161104','ALAT TULIS & KEPERLUAN KANTOR',NULL,''),(86,3,'161105','IJIN, LEGAL DAN PROFESIONAL FEE',NULL,''),(87,3,'161106','ENTERTAINMENT,REPRESEN,SUMBANGAN',NULL,''),(88,3,'161107','TELEPON, FAX, TELEGRAM, KIRIM SURAT',NULL,''),(89,3,'161108','BENSIN, PARKIR, TOL',NULL,''),(90,3,'161109','BIAYA ADMINISTRASI BANK',NULL,''),(91,3,'161110','BAHAN PENOLONG',NULL,''),(92,3,'161111','BIAYA IKLAN',NULL,''),(93,3,'161112','PAJAK-PAJAK',NULL,''),(94,3,'161113','REKENING LISTRIK, AIR',NULL,''),(95,3,'161114','BIAYA STNK, BBN, DLL',NULL,''),(96,3,'161115','BUNGA, FEE, PROVISI BANK, DLL',NULL,''),(97,3,'161116','BIAYA PERESMIAN',NULL,''),(98,3,'161117','BIAYA BAHAN BAKAR',NULL,''),(99,3,'161118','REPARASI & PEMELIHARAAN KANTOR',NULL,''),(100,3,'161119','TRAINING, SEMINAR, TEST, DLL',NULL,''),(101,3,'161120','BIAYA MAKAN DAN MINUM',NULL,''),(102,3,'161121','PPH PASAL 21',NULL,''),(103,3,'161122','PPH PASAL 22',NULL,''),(104,3,'161123','PPH PASAL 23',NULL,''),(105,3,'161124','REPARASI & PEMELIHARAAN KENDARAAN',NULL,''),(106,3,'161125','REPARASI & PEMELIHARAAN MESS',NULL,''),(107,3,'161126','REPARASI & PEMELIHARAAN TANKI',NULL,''),(108,3,'161127','BIAYA PENGURUSAN LISTRIK',NULL,''),(109,3,'161128','REPARASI & PEMELIHARAAN BOTOL',NULL,''),(110,3,'161129','BIAYA SEWA GEDUNG',NULL,''),(111,3,'161130','BIAYA BUNGA LEASING',NULL,''),(112,3,'161143','SELISIH KURS',NULL,''),(113,3,'161144','BIAYA BUNGA PINJAMAN',NULL,''),(114,3,'161145','IURAN DAN ASURANSI',NULL,''),(115,3,'161146','BIAYA KEAMANAN',NULL,''),(116,3,'161148','BIAYA PRA-OPERASI LAIN-LAIN',NULL,''),(117,3,'161151','PENDAPATAN JASA GIRO',NULL,''),(118,3,'161152','PENDAPATAN BUNGA DEPOSITO',NULL,''),(119,3,'161153','PENDAPATAN BUNGA BANK',NULL,''),(120,3,'161154','PENDAPATAN BUNGA PIHAK III',NULL,''),(121,3,'161199','PENDAPATAN PRA-OPERASI LAIN-LAIN',NULL,''),(122,3,'161500','AKUM.AMORTISASI BIAYA PRA-OPERASI',NULL,''),(123,3,'162100','UANG JAMINAN LISTRIK',NULL,''),(124,3,'162200','UANG JAMINAN TELEPON',NULL,''),(125,3,'163000','BIAYA YANG DITANGGUHKAN',NULL,''),(126,3,'164000','BUNGA DALAM MASA KONSTRUKSI (IDC)',NULL,''),(127,3,'165201','BANGUNAN ',NULL,''),(128,3,'165301','INSTALASI LISTRIK',NULL,''),(129,3,'165302','INSTALASI AIR',NULL,''),(130,3,'165303','INSTALASI TELEPON',NULL,''),(131,3,'166000','BIAYA PENELITIAN DAN PENGEMBANGAN',NULL,''),(132,3,'169000','AKTIVA LAIN-LAIN',NULL,''),(133,4,'211101','BANK',NULL,''),(134,4,'211201','BANK',NULL,''),(135,4,'211501','BANK',NULL,''),(136,4,'211601','BANK',NULL,''),(137,4,'212100','HUTANG USAHA',NULL,''),(138,4,'212200','HUTANG YANG BELUM DIFAKTURKAN',NULL,''),(139,4,'212300','HUTANG CEK/BILYET GIRO MUNDUR',NULL,''),(140,4,'212901','HUTANG PIHAK KETIGA',NULL,''),(141,4,'212902','HUTANG PERSEDIAAN',NULL,''),(142,4,'212903','HUTANG KENDARAAN',NULL,''),(143,4,'212904','HUTANG BANGUNAN',NULL,''),(144,4,'212905','HUTANG INVENTARIS',NULL,''),(145,4,'212906','HUTANG VOUCHER',NULL,''),(146,4,'212907','HUTANG KPD GKA ELYON',NULL,''),(147,4,'212999','LAIN-LAIN',NULL,''),(148,4,'213100','UANG MUKA PENJUALAN',NULL,''),(149,4,'213900','UANG MUKA LAIN-LAIN',NULL,''),(150,4,'214104','PPH PASAL 4 AYAT 2',NULL,''),(151,4,'214121','PPH PASAL 21',NULL,''),(152,4,'214122','PPH PASAL 22',NULL,''),(153,4,'214123','PPH PASAL 23',NULL,''),(154,4,'214125','PPH PASAL 25',NULL,''),(155,4,'214126','PPH PASAL 26',NULL,''),(156,4,'214129','PPH PASAL 29',NULL,''),(157,4,'214151','PPN KELUARAN YANG SUDAH DIFAKTURKAN',NULL,''),(158,4,'214152','PPN KELUARAN YANG BELUM DIFAKTURKAN',NULL,''),(159,4,'214201','BUNGA',NULL,''),(160,4,'214202','SEWA',NULL,''),(161,4,'214203','GAJI DAN HONOR',NULL,''),(162,4,'214204','MAKAN DAN LEMBUR',NULL,''),(163,4,'214205','LISTRIK',NULL,''),(164,4,'214206','TUNJANGAN TRANSPORT-MAINTENANCE',NULL,''),(165,4,'214207','TELEPON',NULL,''),(166,4,'214208','SURAT KABAR/MAJALAH',NULL,''),(167,4,'214209','KOMISI',NULL,''),(168,4,'214210','BIAYA ADMINISTRASI BANK',NULL,''),(169,4,'214211','PAJAK WAPU/WAJIB PUNGUT',NULL,''),(170,4,'214212','JAMSOSTEK',NULL,''),(171,4,'214213','PREMI DISTRIBUSI',NULL,''),(172,4,'214214','ONGKOS ANGKUT',NULL,''),(173,4,'214299','LAIN-LAIN',NULL,''),(174,4,'215121','PPH PASAL 21',NULL,''),(175,4,'215122','PPH PASAL 22',NULL,''),(176,4,'215123','PPH PASAL 23',NULL,''),(177,4,'215125','PPH PASAL 25',NULL,''),(178,4,'215201','PPN KELUARAN',NULL,''),(179,4,'215202','PPN EKS KEPPRES',NULL,''),(180,4,'216101','HUTANG LEASING KENDARAAN',NULL,''),(181,4,'219101','HUTANG DEVIDEN',NULL,''),(182,4,'219199','LAIN-LAIN',NULL,''),(183,4,'221101','BANK',NULL,''),(184,4,'221201','BANK',NULL,''),(185,4,'22210','HUTANG LEASING KENDARAAN',NULL,''),(186,4,'223000','HUTANG PADA PEMEGANG SAHAM',NULL,''),(187,4,'230000','HUTANG LAIN - LAIN',NULL,''),(188,4,'240000','HUTANG YG. DISUBORDINASI',NULL,''),(189,4,'250000','KEWAJIBAN BERSYARAT',NULL,''),(190,5,'311101','TIDAK TERIKAT',NULL,''),(191,5,'312101','TEMPORER...........',NULL,''),(192,5,'312201','PERMANEN......',NULL,''),(193,6,'411101','DANA DARI DONATUR',NULL,''),(194,6,'411102','DPP (DANA PEMBANGUNAN & PENGEMBANGAN)',NULL,''),(195,6,'411103','DANA JOINING',NULL,''),(196,6,'411104','DPP SUKARELA (DANA PEMBANGUNAN & PENGEMBANGAN)',NULL,''),(197,6,'411105','DANA STUDENT EXCHANGE',NULL,''),(198,6,'411201','SUMBANGAN TERIKAT TEMPORER',NULL,''),(199,6,'411202','SUMBANGAN TERIKAT PERMANEN',NULL,''),(200,6,'412101','PENJUALAN FORMULIR + PSIKOTES',NULL,''),(201,6,'412102','UANG KEG. EKSTRAKURIKULER',NULL,''),(202,6,'412103','UANG PENDAFTARAN ULANG',NULL,''),(203,6,'412104','UANG SEKOLAH',NULL,''),(204,6,'412105','PENDAPATAN PENJUALAN SERAGAM',NULL,''),(205,6,'412106','PENDAPATAN PENJUALAN BUKU',NULL,''),(206,6,'412107','PENDAPATAN PENJUALAN CD/VCD/DVD',NULL,''),(207,6,'412108','PENDAPATAN LAIN-LAIN',NULL,''),(208,6,'412109','PENDAPATAN LUNCH',NULL,''),(209,6,'412110','PENDAPATAN STATIONERY DAN HANDOUT, MATERIAL FEE',NULL,''),(210,6,'412111','DENDA KETERLAMBATAN BAYAR UANG SEKOLAH',NULL,''),(211,6,'412112','PENDAPATAN CHECK POINT',NULL,''),(212,6,'412113','PENDAPATAN UJIAN HSK',NULL,''),(213,6,'412114','PENDAPATAN DAY CARE',NULL,''),(214,6,'421101','PENGHASILAN INVESTASI TIDAK TERIKAT JANGKA PANJANG',NULL,''),(215,6,'421102','PENGHASILAN INVESTASI TIDAK TERIKAT LAIN-LAIN',NULL,''),(216,6,'421103','PENGHASILAN INVESTASI TIDAK TERIKAT JANGKA PANJANG ',NULL,''),(217,6,'421201','PENGHASILAN INVESTASI TERIKAT TEMPORER',NULL,''),(218,6,'421202','PENGHASILAN INVESTASI TERIKAT PERMANEN',NULL,''),(219,7,'511101','GAJI',NULL,''),(220,7,'511102','HONOR',NULL,''),(221,7,'511103','LEMBUR',NULL,''),(222,7,'511104','PESANGON',NULL,''),(223,7,'511105','UANG MAKAN',NULL,''),(224,7,'511106','BONUS',NULL,''),(225,7,'511107','TUNJANGAN HARI RAYA',NULL,''),(226,7,'511108','PPH PASAL 21',NULL,''),(227,7,'511109','KESEJAHTERAAN KARYAWAN',NULL,''),(228,7,'511110','JAMINAN KECELAKAAN KERJA ( JKK )',NULL,''),(229,7,'511111','JAMINAN KEMATIAN ( JKM )',NULL,''),(230,7,'511112','JAMINAN HARI TUA ( JHT )',NULL,''),(231,7,'511113','JAMINAN PEMELIHARAAN KESEHATAN (JPK)',NULL,''),(232,7,'511114','TUNJANGAN DANA PENSIUN',NULL,''),(233,7,'511115','TUNJANGAN KESEHATAN',NULL,''),(234,7,'511116','TUNJANGAN TRANSPORT',NULL,''),(235,7,'511117','JAMSOSTEK',NULL,''),(236,7,'511119','PREMI ',NULL,''),(237,7,'511199','TUNJANGAN LAIN-LAIN',NULL,''),(238,7,'512101','BI.BAHAN PERB. & PEMELIHARAAN BANGUNAN & PRASARANA',NULL,''),(239,7,'512102','BI.BAHAN PERB. & PEMELIHARAAN KEND.',NULL,''),(240,7,'512103','BI.BAHAN PERB. & PEMELIHARAAN INVENTARIS',NULL,''),(241,7,'512199','BI.BAHAN PERB. & PEMELIHARAAN LAIN-LAIN',NULL,''),(242,7,'512201','PENYUSUTAN BANGUNAN & PRASARANA',NULL,''),(243,7,'512202','PENYUSUTAN KENDARAAN',NULL,''),(244,7,'512203','PENYUSUTAN INVENTARIS',NULL,''),(245,7,'512204','PENYUSUTAN INSTALASI',NULL,''),(246,7,'512301','TRANSPORTASI ( BENSIN, TIKET )',NULL,''),(247,7,'512302','MAKANAN & MINUMAN',NULL,''),(248,7,'512303','PENGINAPAN',NULL,''),(249,7,'512304','UANG SAKU',NULL,''),(250,7,'512399','LAIN-LAIN ( PARKIR, TOL )',NULL,''),(251,7,'512401','SEWA BANGUNAN',NULL,''),(252,7,'512402','SEWA KENDARAAN',NULL,''),(253,7,'512403','SEWA INVENTARIS KANTOR',NULL,''),(254,7,'512451','ASURANSI BANGUNAN',NULL,''),(255,7,'512452','ASURANSI KENDARAAN',NULL,''),(256,7,'512453','ASURANSI INVENTARIS',NULL,''),(257,7,'512501','TELEPON',NULL,''),(258,7,'512502','TELEX',NULL,''),(259,7,'512503','TELEGRAM',NULL,''),(260,7,'512504','INTERLOKAL NON TELEPON INTERN',NULL,''),(261,7,'512505','FACSIMILE',NULL,''),(262,7,'512599','LAIN - LAIN',NULL,''),(263,7,'512601','AIR',NULL,''),(264,7,'512602','LISTRIK',NULL,''),(265,7,'512603','ALAT-ALAT LISTRIK',NULL,''),(266,7,'512701','AKUNTAN',NULL,''),(267,7,'512702','NOTARIS',NULL,''),(268,7,'512703','KONSULTAN',NULL,''),(269,7,'512704','MANAGEMENT FEE',NULL,''),(270,7,'512801','ADMINISTRASI BANK',NULL,''),(271,7,'512802','BUKU CEK / BG',NULL,''),(272,7,'512803','TRANSFER, KIRIM UANG , INKASO',NULL,''),(273,7,'512804','PAJAK BUNGA BANK',NULL,''),(274,7,'512901','BIAYA ADMINISTRASI KENDARAAN',NULL,''),(275,7,'512902','BIAYA BUNGA ANGSURAN KENDARAAN',NULL,''),(276,7,'512903','BIAYA BUNGA KREDIT BANK',NULL,''),(277,7,'513101','ALAT - ALAT TULIS, PERCETAKAN & ALAT KANTOR',NULL,''),(278,7,'513102','PERANGKO, MATERAI, KIRIM SURAT',NULL,''),(279,7,'513103','FOTOCOPY/LAMINATING/CETAK FOTO',NULL,''),(280,7,'513104','ALAT - ALAT PENGAJARAN ',NULL,''),(281,7,'513105','PERLENGKAPAN KELAS',NULL,''),(282,7,'513106','JASA PEMBELAJARAN',NULL,''),(283,7,'513201','PERIJINAN',NULL,''),(284,7,'513202','PAJAK - PAJAK DAERAH,PBB',NULL,''),(285,7,'513203','STNK',NULL,''),(286,7,'513211','RETRIBUSI SAMPAH',NULL,''),(287,7,'513301','SUMBANGAN',NULL,''),(288,7,'513302','ENTERTAINMENT',NULL,''),(289,7,'513303','JAMUAN ',NULL,''),(290,7,'513401','KEAMANAN',NULL,''),(291,7,'513501','PENDAFTARAN',NULL,''),(292,7,'513502','IURAN',NULL,''),(293,7,'513601','BIAYA PENGOBATAN',NULL,''),(294,7,'513701','MAKANAN DAN MINUMAN',NULL,''),(295,7,'513702','BAHAN BAKAR DAN PARKIR/TRANSPORT',NULL,''),(296,7,'513703','SERAGAM ',NULL,''),(297,7,'513704','SEWA DISPENSER',NULL,''),(298,7,'513705','OLAH RAGA DAN KESENIAN',NULL,''),(299,7,'513706','BIAYA TRAINING, SEMINAR DAN STUDI BANDING',NULL,''),(300,7,'513707','BUKU, VCD',NULL,''),(301,7,'513708','ATRIBUT SEKOLAH',NULL,''),(302,7,'513709','BIAYA PSIKOTES',NULL,''),(303,7,'513710','BIAYA ADVERTENSI ( IKLAN )',NULL,''),(304,7,'513711','BIAYA STUDY TOUR',NULL,''),(305,7,'513712','BIAYA PERLOMBAAN & PERAYAAN',NULL,''),(306,7,'513713','STIKER U/ MURID',NULL,''),(307,7,'513714','BIAYA TES KESEHATAN',NULL,''),(308,7,'513715','BIAYA KOMISI PENGEMBANGAN',NULL,''),(309,7,'513716','BIAYA PAMERAN',NULL,''),(310,7,'513799','LAIN - LAIN',NULL,''),(311,7,'513801','KANTIN',NULL,''),(312,7,'513802','DAPUR',NULL,''),(313,7,'513803','BIAYA KEBERSIHAN',NULL,''),(314,7,'513804','BIAYA KEPERLUAN KEBUN/TAMAN',NULL,''),(315,7,'513805','JASA CLEANING SERVICE',NULL,''),(316,7,'513806','',NULL,''),(317,7,'513807','BIAYA MESS',NULL,''),(318,7,'513901','SELAMATAN',NULL,''),(319,7,'513902','BIAYA PENGURUSAN SURAT LAIN - LAIN',NULL,''),(320,7,'513903','DENDA PAJAK',NULL,''),(321,7,'513904','KOREKSI TAHUN LALU',NULL,''),(322,7,'513998','LAIN - LAIN (SELISIH KURS)',NULL,''),(323,7,'513999','LAIN - LAIN (SELISIH KAS)',NULL,''),(324,7,'514001','TRANSPORT',NULL,''),(325,7,'514002','MAKAN & MINUM (RAPAT)',NULL,''),(326,7,'514099','LAIN-LAIN',NULL,''),(327,7,'514101','BUKU',NULL,''),(328,7,'514102','VCD',NULL,''),(329,7,'514103','SERAGAM ',NULL,''),(330,7,'514104','ATRIBUT SEKOLAH',NULL,''),(331,7,'514105','BIAYA PSIKOTES',NULL,''),(332,7,'514106','BIAYA STUDY TOUR/FIELD TRIP',NULL,''),(333,7,'514107','BIAYA PERLOMBAAN ',NULL,''),(334,7,'514108','EKSTRAKURIKULER',NULL,''),(335,7,'514109','BIAYA STUDENT EXCHANGE',NULL,''),(336,7,'514110','BIAYA CHECK POINT',NULL,''),(337,7,'514199','LAIN - LAIN',NULL,''),(340,1,'111109','test rekening dua x',5500000,'keterangan tes dua');
/*!40000 ALTER TABLE `keu_rekening` ENABLE KEYS */;

#
# Structure for table "keu_saldorekening"
#

DROP TABLE IF EXISTS `keu_saldorekening`;
CREATE TABLE `keu_saldorekening` (
  `replid` int(10) NOT NULL AUTO_INCREMENT,
  `rekening` int(10) NOT NULL,
  `tahunbuku` int(10) NOT NULL,
  `nominal` double(14,0) NOT NULL DEFAULT '0',
  `nominal2` double(14,0) NOT NULL DEFAULT '0',
  PRIMARY KEY (`replid`)
) ENGINE=InnoDB AUTO_INCREMENT=493 DEFAULT CHARSET=latin1;

#
# Data for table "keu_saldorekening"
#

INSERT INTO `keu_saldorekening` VALUES (155,1,1,100000,32247218),(156,2,1,100000,20000),(157,3,1,100000,50000),(158,4,1,100000,100900),(159,5,1,100000,99100),(160,6,1,100000,65000),(161,7,1,100000,100000),(162,8,1,100000,100000),(163,9,1,100000,100000),(164,10,1,100000,100000),(165,11,1,100000,100000),(166,12,1,100000,100000),(167,13,1,100000,100000),(168,14,1,100000,100000),(169,15,1,100000,100000),(170,16,1,100000,20000),(171,17,1,100000,100000),(172,18,1,100000,100000),(173,19,1,100000,100000),(174,20,1,100000,100000),(175,21,1,100000,100000),(176,22,1,100000,50000),(177,23,1,100000,100000),(178,24,1,100000,100000),(179,25,1,100000,95000),(180,26,1,100000,100000),(181,27,1,100000,100000),(182,28,1,100000,100000),(183,29,1,100000,100000),(184,30,1,100000,100000),(185,31,1,100000,100000),(186,32,1,100000,100000),(187,33,1,100000,100000),(188,34,1,100000,100000),(189,35,1,100000,100000),(190,36,1,100000,100000),(191,37,1,100000,100000),(192,38,1,100000,100000),(193,39,1,100000,100000),(194,40,1,100000,100000),(195,41,1,100000,100000),(196,42,1,100000,100000),(197,43,1,100000,100000),(198,44,1,100000,100000),(199,45,1,100000,100000),(200,46,1,100000,100000),(201,47,1,100000,100000),(202,48,1,100000,100000),(203,49,1,100000,100000),(204,50,1,100000,100000),(205,61,1,100000,100000),(206,62,1,100000,100000),(207,63,1,100000,100000),(208,64,1,100000,100000),(209,65,1,100000,100000),(210,66,1,100000,100000),(211,67,1,100000,100000),(212,68,1,100000,100000),(213,69,1,100000,100000),(214,70,1,100000,100000),(215,71,1,100000,100000),(216,72,1,100000,100000),(217,73,1,100000,100000),(218,74,1,100000,100000),(219,75,1,100000,100000),(220,76,1,100000,100000),(221,77,1,100000,100000),(222,78,1,100000,100000),(223,79,1,100000,100000),(224,80,1,100000,100000),(225,331,1,100000,100000),(226,332,1,100000,100000),(227,333,1,100000,100000),(228,334,1,100000,100000),(229,335,1,100000,100000),(230,336,1,100000,100000),(231,337,1,100000,100000),(232,340,1,100000,100000),(233,53,1,100000,100000),(234,54,1,100000,100000),(235,55,1,100000,100000),(236,56,1,100000,100000),(237,57,1,100000,100000),(238,58,1,100000,100000),(239,59,1,100000,100000),(240,60,1,100000,100000),(241,81,1,100000,100000),(242,82,1,100000,100000),(243,323,1,100000,100000),(244,324,1,100000,100000),(245,325,1,100000,100000),(246,326,1,100000,100000),(247,327,1,100000,100000),(248,328,1,100000,100000),(249,329,1,100000,100000),(250,330,1,100000,100000),(251,315,1,100000,100000),(252,316,1,100000,100000),(253,317,1,100000,100000),(254,318,1,100000,100000),(255,319,1,100000,100000),(256,320,1,100000,100000),(257,321,1,100000,100000),(258,322,1,100000,100000),(259,307,1,100000,100000),(260,308,1,100000,100000),(261,309,1,100000,100000),(262,310,1,100000,100000),(263,311,1,100000,100000),(264,312,1,100000,100000),(265,313,1,100000,100000),(266,314,1,100000,100000),(267,299,1,100000,100000),(268,300,1,100000,100000),(269,301,1,100000,100000),(270,302,1,100000,100000),(271,303,1,100000,100000),(272,304,1,100000,100000),(273,305,1,100000,100000),(274,306,1,100000,100000),(275,291,1,100000,100000),(276,292,1,100000,100000),(277,293,1,100000,100000),(278,294,1,100000,100000),(279,295,1,100000,100000),(280,296,1,100000,100000),(281,297,1,100000,100000),(282,298,1,100000,100000),(283,283,1,100000,100000),(284,284,1,100000,100000),(285,285,1,100000,100000),(286,286,1,100000,100000),(287,287,1,100000,100000),(288,288,1,100000,100000),(289,289,1,100000,100000),(290,290,1,100000,100000),(291,275,1,100000,100000),(292,276,1,100000,100000),(293,277,1,100000,425000),(294,278,1,100000,100000),(295,279,1,100000,100000),(296,280,1,100000,100000),(297,281,1,100000,100000),(298,282,1,100000,100000),(299,267,1,100000,100000),(300,268,1,100000,100000),(301,269,1,100000,100000),(302,270,1,100000,100000),(303,271,1,100000,100000),(304,272,1,100000,100000),(305,273,1,100000,100000),(306,274,1,100000,100000),(307,259,1,100000,100000),(308,260,1,100000,100000),(309,261,1,100000,100000),(310,262,1,100000,100000),(311,263,1,100000,100000),(312,264,1,100000,100000),(313,265,1,100000,100000),(314,266,1,100000,100000),(315,251,1,100000,100000),(316,252,1,100000,100000),(317,253,1,100000,100000),(318,254,1,100000,100000),(319,255,1,100000,100000),(320,256,1,100000,100000),(321,257,1,100000,100000),(322,258,1,100000,100000),(323,243,1,100000,100000),(324,244,1,100000,100000),(325,245,1,100000,100000),(326,246,1,100000,100000),(327,247,1,100000,100000),(328,248,1,100000,100000),(329,249,1,100000,100000),(330,250,1,100000,100000),(331,235,1,100000,100000),(332,236,1,100000,100000),(333,237,1,100000,100000),(334,238,1,100000,100000),(335,239,1,100000,100000),(336,240,1,100000,100000),(337,241,1,100000,100000),(338,242,1,100000,100000),(339,227,1,100000,100000),(340,228,1,100000,100000),(341,229,1,100000,100000),(342,230,1,100000,100000),(343,231,1,100000,100000),(344,232,1,100000,100000),(345,233,1,100000,100000),(346,234,1,100000,100000),(347,219,1,100000,100000),(348,220,1,100000,100000),(349,221,1,100000,100000),(350,222,1,100000,135000),(351,223,1,100000,100000),(352,224,1,100000,100000),(353,225,1,100000,100000),(354,226,1,100000,100000),(355,211,1,100000,100000),(356,212,1,100000,100000),(357,213,1,100000,100000),(358,214,1,100000,100000),(359,215,1,100000,100000),(360,216,1,100000,100000),(361,217,1,100000,100000),(362,218,1,100000,100000),(363,203,1,100000,-20000),(364,204,1,100000,100000),(365,205,1,100000,100000),(366,206,1,100000,100000),(367,207,1,100000,100000),(368,208,1,100000,100000),(369,209,1,100000,100000),(370,210,1,100000,100000),(371,195,1,100000,-765075),(372,196,1,100000,100000),(373,197,1,100000,100000),(374,198,1,100000,100000),(375,199,1,100000,100000),(376,200,1,100000,-500000),(377,201,1,100000,100000),(378,202,1,100000,100000),(379,187,1,100000,100000),(380,188,1,100000,100000),(381,189,1,100000,100000),(382,190,1,100000,100000),(383,191,1,100000,100000),(384,192,1,100000,100000),(385,193,1,100000,100000),(386,194,1,100000,-30457143),(387,179,1,100000,100000),(388,180,1,100000,100000),(389,181,1,100000,100000),(390,182,1,100000,100000),(391,183,1,100000,100000),(392,184,1,100000,100000),(393,185,1,100000,100000),(394,186,1,100000,100000),(395,171,1,100000,100000),(396,172,1,100000,100000),(397,173,1,100000,100000),(398,174,1,100000,100000),(399,175,1,100000,100000),(400,176,1,100000,100000),(401,177,1,100000,100000),(402,178,1,100000,100000),(403,163,1,100000,100000),(404,164,1,100000,100000),(405,165,1,100000,100000),(406,166,1,100000,100000),(407,167,1,100000,100000),(408,168,1,100000,100000),(409,169,1,100000,100000),(410,170,1,100000,100000),(411,155,1,100000,100000),(412,156,1,100000,100000),(413,157,1,100000,100000),(414,158,1,100000,100000),(415,159,1,100000,100000),(416,160,1,100000,100000),(417,161,1,100000,100000),(418,162,1,100000,100000),(419,147,1,100000,100000),(420,148,1,100000,100000),(421,149,1,100000,100000),(422,150,1,100000,100000),(423,151,1,100000,100000),(424,152,1,100000,100000),(425,153,1,100000,100000),(426,154,1,100000,100000),(427,139,1,100000,100000),(428,140,1,100000,100000),(429,141,1,100000,100000),(430,142,1,100000,100000),(431,143,1,100000,100000),(432,144,1,100000,100000),(433,145,1,100000,100000),(434,146,1,100000,100000),(435,131,1,100000,100000),(436,132,1,100000,100000),(437,133,1,100000,100000),(438,134,1,100000,100000),(439,135,1,100000,100000),(440,136,1,100000,100000),(441,137,1,100000,100000),(442,138,1,100000,100000),(443,123,1,100000,100000),(444,124,1,100000,100000),(445,125,1,100000,100000),(446,126,1,100000,100000),(447,127,1,100000,100000),(448,128,1,100000,100000),(449,129,1,100000,100000),(450,130,1,100000,100000),(451,115,1,100000,100000),(452,116,1,100000,100000),(453,117,1,100000,100000),(454,118,1,100000,100000),(455,119,1,100000,100000),(456,120,1,100000,100000),(457,121,1,100000,100000),(458,122,1,100000,100000),(459,107,1,100000,100000),(460,108,1,100000,100000),(461,109,1,100000,100000),(462,110,1,100000,100000),(463,111,1,100000,100000),(464,112,1,100000,100000),(465,113,1,100000,100000),(466,114,1,100000,100000),(467,99,1,100000,100000),(468,100,1,100000,100000),(469,101,1,100000,100000),(470,102,1,100000,100000),(471,103,1,100000,100000),(472,104,1,100000,100000),(473,105,1,100000,100000),(474,106,1,100000,100000),(475,91,1,100000,100000),(476,92,1,100000,100000),(477,93,1,100000,100000),(478,94,1,100000,100000),(479,95,1,100000,100000),(480,96,1,100000,100000),(481,97,1,100000,100000),(482,98,1,100000,100000),(483,83,1,100000,35000),(484,84,1,100000,100000),(485,85,1,100000,100000),(486,86,1,100000,100000),(487,87,1,100000,100000),(488,88,1,100000,100000),(489,89,1,100000,100000),(490,90,1,100000,100000),(491,51,1,100000,100000),(492,52,1,100000,100000);

#
# Structure for table "keu_tahunbuku"
#

DROP TABLE IF EXISTS `keu_tahunbuku`;
CREATE TABLE `keu_tahunbuku` (
  `replid` int(10) unsigned NOT NULL AUTO_INCREMENT,
  `nama` varchar(100) NOT NULL,
  `tanggal1` date NOT NULL DEFAULT '0000-00-00',
  `tanggal2` date NOT NULL DEFAULT '0000-00-00',
  `kode` varchar(20) NOT NULL,
  `saldoawal` decimal(10,0) NOT NULL DEFAULT '0',
  `aktif` enum('1','0') NOT NULL DEFAULT '1',
  `keterangan` varchar(200) NOT NULL,
  PRIMARY KEY (`replid`)
) ENGINE=MyISAM AUTO_INCREMENT=14 DEFAULT CHARSET=latin1;

#
# Data for table "keu_tahunbuku"
#

/*!40000 ALTER TABLE `keu_tahunbuku` DISABLE KEYS */;
INSERT INTO `keu_tahunbuku` VALUES (1,'2014','2015-01-01','0000-00-00','',649100,'1','Kas Satelit'),(5,'2015','2014-10-23','0000-00-00','',0,'0','tes');
/*!40000 ALTER TABLE `keu_tahunbuku` ENABLE KEYS */;

#
# Structure for table "keu_transaksi"
#

DROP TABLE IF EXISTS `keu_transaksi`;
CREATE TABLE `keu_transaksi` (
  `replid` int(10) unsigned NOT NULL AUTO_INCREMENT,
  `tahunbuku` int(10) unsigned NOT NULL DEFAULT '0',
  `nomer` varchar(50) NOT NULL,
  `nobukti` varchar(50) NOT NULL,
  `tanggal` date NOT NULL DEFAULT '0000-00-00',
  `rekkas` int(10) unsigned NOT NULL DEFAULT '0',
  `rekitem` int(10) unsigned NOT NULL DEFAULT '0',
  `nominal` double(14,0) NOT NULL DEFAULT '0',
  `uraian` varchar(250) NOT NULL,
  `modul` int(10) unsigned NOT NULL DEFAULT '0',
  `kategori` int(10) unsigned NOT NULL DEFAULT '0',
  `pembayaran` int(10) unsigned NOT NULL DEFAULT '0',
  `penerimaanbrg` int(10) unsigned NOT NULL DEFAULT '0',
  `jenis` tinyint(4) NOT NULL DEFAULT '0',
  `budget` int(10) unsigned NOT NULL DEFAULT '0',
  `ct` int(10) unsigned NOT NULL DEFAULT '0',
  `detjenistrans` int(10) NOT NULL,
  `detilanggaran` int(10) NOT NULL,
  `isPO` int(1) NOT NULL DEFAULT '0',
  PRIMARY KEY (`replid`)
) ENGINE=MyISAM AUTO_INCREMENT=32 DEFAULT CHARSET=latin1;

#
# Data for table "keu_transaksi"
#

/*!40000 ALTER TABLE `keu_transaksi` DISABLE KEYS */;
INSERT INTO `keu_transaksi` VALUES (1,1,'BKM-0001/05/2015','o','2015-05-25',1,83,80000,'8',0,0,0,0,0,0,0,4,0,0),(2,1,'BKK-0002/05/2015','d','2015-05-25',1,83,15000,'gaji xx',0,0,0,0,0,0,0,7,39,0),(3,1,'BKK-0003/05/2015','','2015-05-25',6,222,35000,'pesangon',0,0,0,0,0,0,0,7,39,0),(4,1,'BKM-0006/05/2015','','2015-05-25',1,203,120000,'donasi uang sekolah dari para wali murid',0,0,0,0,0,0,0,4,0,0),(5,1,'MMJ-0005/05/2015','ju 2','2015-05-26',0,0,5500,'uraian ju 2 ',0,0,0,0,0,0,0,7,20,0),(6,1,'BKM-0006/05/2015','','2015-05-27',1,200,300000,'Pembayaran Pendaftaran Tahun Ajaran 2014 - 2015. \r\nCalon Siswa : Trevor Yongnardi \r\nNo. Pendaftaran : PMB2014140007',0,0,3653,0,0,0,0,2,0,0),(7,1,'BKM-0007/05/2015','','2015-05-27',1,195,500000,'Pembayaran Joining Fee Tahun  Angkatan 2014. \r\nCalon Siswa : Trevor Yongnardi \r\nNo. Pendaftaran : PMB2014140007',0,0,3654,0,0,0,0,2,0,0),(8,1,'BKM-0008/05/2015','','2015-05-30',1,194,14000000,'Pembayaran DPP Angkatan 2014. \r\nSiswa : Kaitlynn Tiffany L. \r\nNIS : ',0,0,3655,0,0,0,0,1,0,0),(9,1,'BKM-0009/06/2015','','2015-06-05',1,194,4545000,'Pembayaran DPP Angkatan 2014. \r\nSiswa : Trevor Yongnardi \r\nNIS : ',0,0,3656,0,0,0,0,1,0,0),(10,1,'BKM-0010/06/2015','','2015-06-05',1,200,300000,'Pembayaran Pendaftaran Tahun Ajaran 2014 - 2015. \r\nCalon Siswa : Kaitlynn Tiffany L. \r\nNo. Pendaftaran : PMB2014140001',0,0,3657,0,0,0,0,2,0,0),(11,1,'BKM-0011/06/2015','','2015-06-08',1,194,4522000,'Pembayaran DPP Angkatan 2014. \r\nSiswa : Sean Kennard Sebastian Ho \r\nNIS : ',0,0,3658,0,0,0,0,1,0,0),(12,1,'BKM-0012/06/2015','','2015-06-08',1,194,2261000,'Pembayaran DPP Angkatan 2014. \r\nSiswa : Sean Kennard Sebastian Ho \r\nNIS : ',0,0,3659,0,0,0,0,1,0,0),(13,1,'BKM-0013/06/2015','','2015-06-08',1,194,4522000,'Pembayaran DPP Angkatan 2014. \r\nSiswa : Sean Kennard Sebastian Ho \r\nNIS : ',0,0,3660,0,0,0,0,1,0,0),(14,1,'BKM-0014/06/2015','','2015-06-08',1,195,100000,'Pembayaran Joining Fee Tahun  Angkatan 2014. \r\nCalon Siswa : Sean Kennard Sebastian Ho \r\nNo. Pendaftaran : PMB2014140008',0,0,3661,0,0,0,0,2,0,0),(15,1,'BKM-0015/06/2015','','2015-06-08',1,195,50000,'Pembayaran Joining Fee Tahun  Angkatan 2014. \r\nCalon Siswa : Sean Kennard Sebastian Ho \r\nNo. Pendaftaran : PMB2014140008',0,0,3662,0,0,0,0,2,0,0),(16,1,'BKM-0016/06/2015','','2015-06-08',1,195,150000,'Pembayaran Joining Fee Tahun  Angkatan 2014. \r\nCalon Siswa : Sean Kennard Sebastian Ho \r\nNo. Pendaftaran : PMB2014140008',0,0,3663,0,0,0,0,2,0,0),(17,1,'BKM-0017/06/2015','','2015-06-08',1,194,1515000,'Pembayaran DPP Angkatan 2014. \r\nSiswa : Trevor Yongnardi \r\nNIS : ',0,0,3664,0,0,0,0,1,0,0),(18,1,'BKM-0018/06/2015','','2015-06-08',1,194,3030000,'Pembayaran DPP Angkatan 2014. \r\nSiswa : Trevor Yongnardi \r\nNIS : ',0,0,3665,0,0,0,0,1,0,0),(21,1,'BKK-0019/06/2015','INV1805150002','2015-06-12',3,277,50000,'papan tulis',0,0,0,0,0,0,0,7,37,0),(22,1,'BKK-0022/06/2015','INV0106150004','2015-06-12',3,277,5000,'ok bos',0,0,0,0,0,0,0,7,37,0),(23,1,'BKK-0023/06/2015','INV1805150001','2015-06-13',1,277,20000,'urai',0,0,0,0,0,0,0,7,40,0),(24,1,'BKK-0024/06/2015','INV1805150001','2015-06-13',1,277,90000,'tes',0,0,0,0,0,0,0,7,37,0),(25,1,'BKK-0025/06/2015','INV1805150001','2015-06-13',2,277,80000,'alat tulis keryawan',0,0,0,0,0,0,0,7,37,1),(26,1,'BKK-0026/06/2015','INV1805150001','2015-06-13',16,277,80000,'buka giro ',0,0,0,0,0,0,0,7,39,1),(27,1,'BKM-0027/06/2015','','2015-06-13',1,195,75,'Pembayaran Joining Fee Tahun  Angkatan 2014. \r\nCalon Siswa : Sean Kennard Sebastian Ho \r\nNo. Pendaftaran : PMB2014140008',0,0,3666,0,0,0,0,2,0,0),(28,1,'BKM-0028/06/2015','','2015-06-13',1,195,65000,'Pembayaran Joining Fee Tahun  Angkatan 2014. \r\nCalon Siswa : Sean Kennard Sebastian Ho \r\nNo. Pendaftaran : PMB2014140008',0,0,3667,0,0,0,0,2,0,0),(29,1,'MMJ-0029/06/2015','','2015-06-18',0,0,900,'tos',0,0,0,0,0,0,0,8,0,0),(30,1,'BKM-0030/07/2015','','2015-07-14',1,194,-2695000,'Pembayaran DPP Angkatan 2014. \r\nSiswa : Sean Kennard Sebastian Ho \r\nNIS : 333',0,0,3668,0,0,0,0,1,0,0),(31,1,'BKM-0031/07/2015','','2015-07-14',1,194,-1142857,'Pembayaran DPP Angkatan 2014. \r\nSiswa : maryeta p \r\nNIS : 1234',0,0,3669,0,0,0,0,1,0,0);
/*!40000 ALTER TABLE `keu_transaksi` ENABLE KEYS */;

#
# Structure for table "kon_aksi"
#

DROP TABLE IF EXISTS `kon_aksi`;
CREATE TABLE `kon_aksi` (
  `id_aksi` int(11) NOT NULL AUTO_INCREMENT,
  `aksi` char(1) NOT NULL,
  `keterangan` text NOT NULL,
  PRIMARY KEY (`id_aksi`)
) ENGINE=InnoDB AUTO_INCREMENT=6 DEFAULT CHARSET=latin1;

#
# Data for table "kon_aksi"
#

INSERT INTO `kon_aksi` VALUES (1,'r','read'),(2,'c','create'),(3,'u','update'),(4,'d','delete'),(5,'p','print/report');

#
# Structure for table "kon_grupmenu"
#

DROP TABLE IF EXISTS `kon_grupmenu`;
CREATE TABLE `kon_grupmenu` (
  `id_grupmenu` int(11) NOT NULL AUTO_INCREMENT,
  `id_katgrupmenu` int(11) NOT NULL,
  `id_modul` int(11) NOT NULL,
  `grupmenu` varchar(50) NOT NULL,
  `size` varchar(20) NOT NULL,
  PRIMARY KEY (`id_grupmenu`)
) ENGINE=InnoDB AUTO_INCREMENT=38 DEFAULT CHARSET=latin1;

#
# Data for table "kon_grupmenu"
#

INSERT INTO `kon_grupmenu` VALUES (1,2,1,'Menu Kesiswaan','four'),(2,2,1,'Menu Belajar - Mengajar','four'),(3,1,1,'Menu Master','four'),(4,1,2,'Menu Transaksi','four'),(5,2,6,'Menu Transaksi ','double'),(6,1,6,'Menu Master','double'),(7,1,9,'Menu Sistem','double'),(8,2,9,'Menu User','double'),(9,1,2,'Menu Master','four'),(14,1,3,'Menu Master ','double double-vertic'),(15,2,3,'Menu Transaksi','double double-vertic'),(16,1,5,'Master HRD','four'),(17,2,5,'Transaksi HRD','four'),(18,2,5,'Penggajian','four'),(19,1,7,'Master Student Service','four'),(20,2,7,'Pembelian','four'),(21,2,7,'Penjualan',''),(24,2,7,'Jasa','four'),(25,2,7,'Hutang / Piutang','four'),(26,2,7,'biaya','four'),(27,2,7,'Laporan','four'),(28,2,7,'Setting',''),(29,1,13,'Master PO','four'),(30,2,13,'Permintaan','four'),(31,1,13,'Penawaran','four'),(32,2,13,'Pemesanan','four'),(33,2,13,'Pembelian','four'),(34,2,13,'setting',''),(35,1,4,'Transaksi Sarpras','four'),(37,1,4,'Master Sarpras','four');

#
# Structure for table "kon_grupmodul"
#

DROP TABLE IF EXISTS `kon_grupmodul`;
CREATE TABLE `kon_grupmodul` (
  `id_grupmodul` int(11) NOT NULL AUTO_INCREMENT,
  `grupmodul` varchar(50) NOT NULL,
  `size` varchar(20) NOT NULL,
  PRIMARY KEY (`id_grupmodul`)
) ENGINE=InnoDB AUTO_INCREMENT=4 DEFAULT CHARSET=latin1;

#
# Data for table "kon_grupmodul"
#

INSERT INTO `kon_grupmodul` VALUES (1,'satu','four'),(2,'dua','four'),(3,'tiga','four');

#
# Structure for table "kon_icon"
#

DROP TABLE IF EXISTS `kon_icon`;
CREATE TABLE `kon_icon` (
  `id_icon` int(11) NOT NULL AUTO_INCREMENT,
  `icon` varchar(25) NOT NULL,
  PRIMARY KEY (`id_icon`)
) ENGINE=InnoDB AUTO_INCREMENT=21 DEFAULT CHARSET=latin1;

#
# Data for table "kon_icon"
#

INSERT INTO `kon_icon` VALUES (1,'akademik'),(2,'sarpras'),(3,'hrd'),(4,'psb'),(5,'keuangan'),(6,'student'),(7,'perpus'),(8,'manajemen'),(9,'pencil'),(10,'address-book'),(11,'book'),(12,'copy'),(13,'user-3'),(14,'user'),(15,'grid-view'),(16,'tab'),(17,'cog'),(18,'user-2'),(20,'loop');

#
# Structure for table "kon_katgrupmenu"
#

DROP TABLE IF EXISTS `kon_katgrupmenu`;
CREATE TABLE `kon_katgrupmenu` (
  `id_katgrupmenu` int(11) NOT NULL AUTO_INCREMENT,
  `katgrupmenu` char(1) NOT NULL,
  `keterangan` text NOT NULL,
  PRIMARY KEY (`id_katgrupmenu`)
) ENGINE=InnoDB AUTO_INCREMENT=3 DEFAULT CHARSET=latin1;

#
# Data for table "kon_katgrupmenu"
#

INSERT INTO `kon_katgrupmenu` VALUES (1,'M','Master'),(2,'T','Transaksi');

#
# Structure for table "kon_level"
#

DROP TABLE IF EXISTS `kon_level`;
CREATE TABLE `kon_level` (
  `id_level` int(11) NOT NULL AUTO_INCREMENT,
  `level` varchar(20) NOT NULL,
  `urutan` int(11) NOT NULL,
  `keterangan` text NOT NULL,
  PRIMARY KEY (`id_level`)
) ENGINE=InnoDB AUTO_INCREMENT=22 DEFAULT CHARSET=latin1;

#
# Data for table "kon_level"
#

INSERT INTO `kon_level` VALUES (17,'SA',1,'Super Admin'),(18,'A+',2,'Admin Plus'),(19,'A',3,'Admin'),(20,'O',4,'Operator'),(21,'G',5,'Guest');

#
# Structure for table "kon_levelkatgrupmenu"
#

DROP TABLE IF EXISTS `kon_levelkatgrupmenu`;
CREATE TABLE `kon_levelkatgrupmenu` (
  `id_levelkatgrupmenu` int(11) NOT NULL AUTO_INCREMENT,
  `id_level` int(11) NOT NULL,
  `id_katgrupmenu` int(11) NOT NULL,
  `isDefault` int(1) NOT NULL DEFAULT '1',
  PRIMARY KEY (`id_levelkatgrupmenu`),
  KEY `id_level` (`id_level`) USING BTREE,
  KEY `id_katgrupmenu` (`id_katgrupmenu`) USING BTREE,
  CONSTRAINT `kon_levelkatgrupmenu_ibfk_1` FOREIGN KEY (`id_level`) REFERENCES `kon_level` (`id_level`) ON DELETE CASCADE ON UPDATE CASCADE,
  CONSTRAINT `kon_levelkatgrupmenu_ibfk_2` FOREIGN KEY (`id_katgrupmenu`) REFERENCES `kon_katgrupmenu` (`id_katgrupmenu`) ON DELETE CASCADE ON UPDATE CASCADE
) ENGINE=InnoDB AUTO_INCREMENT=73 DEFAULT CHARSET=latin1;

#
# Data for table "kon_levelkatgrupmenu"
#

INSERT INTO `kon_levelkatgrupmenu` VALUES (53,17,1,1),(54,17,1,0),(55,17,2,1),(56,17,2,0),(57,18,1,1),(58,18,1,0),(59,18,2,1),(60,18,2,0),(61,19,1,1),(62,19,1,0),(63,19,2,1),(64,19,2,0),(65,20,1,1),(66,20,1,0),(67,20,2,1),(68,20,2,0),(69,21,1,1),(70,21,1,0),(71,21,2,1),(72,21,2,0);

#
# Structure for table "kon_levelaksi"
#

DROP TABLE IF EXISTS `kon_levelaksi`;
CREATE TABLE `kon_levelaksi` (
  `id_levelaksi` int(11) NOT NULL AUTO_INCREMENT,
  `id_levelkatgrupmenu` int(11) NOT NULL,
  `id_aksi` int(11) NOT NULL,
  PRIMARY KEY (`id_levelaksi`),
  KEY `id_levelkatgrupmenu` (`id_levelkatgrupmenu`) USING BTREE,
  KEY `id_aksi` (`id_aksi`) USING BTREE,
  CONSTRAINT `kon_levelaksi_ibfk_1` FOREIGN KEY (`id_levelkatgrupmenu`) REFERENCES `kon_levelkatgrupmenu` (`id_levelkatgrupmenu`) ON DELETE CASCADE ON UPDATE CASCADE,
  CONSTRAINT `kon_levelaksi_ibfk_2` FOREIGN KEY (`id_aksi`) REFERENCES `kon_aksi` (`id_aksi`) ON DELETE CASCADE ON UPDATE CASCADE
) ENGINE=InnoDB AUTO_INCREMENT=450 DEFAULT CHARSET=latin1;

#
# Data for table "kon_levelaksi"
#

INSERT INTO `kon_levelaksi` VALUES (221,53,1),(222,54,1),(223,53,2),(224,54,2),(225,53,3),(226,54,3),(227,53,4),(228,54,4),(229,53,5),(230,54,5),(231,55,1),(232,56,1),(233,55,2),(234,56,2),(235,55,3),(236,56,3),(237,55,4),(238,56,4),(239,55,5),(240,56,5),(355,57,1),(356,58,1),(357,57,2),(358,57,3),(359,57,4),(360,57,5),(361,58,5),(362,59,1),(363,60,1),(364,59,2),(365,59,3),(366,59,4),(367,59,5),(368,60,5),(419,61,1),(420,61,2),(421,61,3),(422,61,4),(423,61,5),(424,63,1),(425,63,2),(426,63,3),(427,63,4),(428,63,5),(442,67,1),(443,67,2),(444,67,3),(445,67,4),(446,67,5),(448,71,1),(449,71,5);

#
# Structure for table "kon_login"
#

DROP TABLE IF EXISTS `kon_login`;
CREATE TABLE `kon_login` (
  `id_login` int(11) NOT NULL AUTO_INCREMENT,
  `nama` varchar(100) NOT NULL,
  `username` varchar(20) NOT NULL,
  `password` varchar(128) NOT NULL,
  `id_level` int(11) NOT NULL,
  `pegawai` int(10) unsigned NOT NULL DEFAULT '0',
  `aktif` enum('1','0') NOT NULL DEFAULT '1',
  `bahasa` varchar(2) NOT NULL DEFAULT '',
  `tlogin` datetime NOT NULL DEFAULT '0000-00-00 00:00:00',
  PRIMARY KEY (`id_login`),
  KEY `id_level` (`id_level`) USING BTREE,
  CONSTRAINT `kon_login_ibfk_1` FOREIGN KEY (`id_level`) REFERENCES `kon_level` (`id_level`)
) ENGINE=InnoDB AUTO_INCREMENT=53 DEFAULT CHARSET=latin1;

#
# Data for table "kon_login"
#

INSERT INTO `kon_login` VALUES (42,'a','a','MGNjMTc1YjljMGYxYjZhODMxYzM5OWUyNjk3NzI2NjE=',19,0,'','','0000-00-00 00:00:00'),(44,'g','g','YjJmNWZmNDc0MzY2NzFiNmU1MzNkOGRjMzYxNDg0NWQ=',21,0,'1','','0000-00-00 00:00:00'),(45,'adm+ akademik','aaka','Yzg5MWY0ZTgxYjdhZmM4NzQ1ZDEwODAwNmQ1NWY5ODU=',18,0,'1','','0000-00-00 00:00:00'),(46,'new','new','MjJhZjY0NWQxODU5Y2I1Y2E2ZGEwYzQ4NGYxZjM3ZWE=',18,0,'','','0000-00-00 00:00:00'),(50,'Mr. BOSS','admin','MjEyMzJmMjk3YTU3YTVhNzQzODk0YTBlNGE4MDFmYzM=',17,0,'1','','0000-00-00 00:00:00'),(52,'a+','a+','Yzg5NDhjMjAwOTRmNjQyMDBjMmI4ZmJhMDQ3YmRiODM=',18,0,'1','','0000-00-00 00:00:00');

#
# Structure for table "kon_logindepartemen"
#

DROP TABLE IF EXISTS `kon_logindepartemen`;
CREATE TABLE `kon_logindepartemen` (
  `id_logindepartemen` int(11) NOT NULL AUTO_INCREMENT,
  `id_login` int(11) NOT NULL,
  `id_departemen` int(11) NOT NULL,
  PRIMARY KEY (`id_logindepartemen`),
  KEY `id_login` (`id_login`) USING BTREE,
  KEY `id_departemen` (`id_departemen`) USING BTREE,
  CONSTRAINT `kon_logindepartemen_ibfk_1` FOREIGN KEY (`id_login`) REFERENCES `kon_login` (`id_login`) ON DELETE CASCADE ON UPDATE CASCADE
) ENGINE=InnoDB AUTO_INCREMENT=28 DEFAULT CHARSET=latin1;

#
# Data for table "kon_logindepartemen"
#

INSERT INTO `kon_logindepartemen` VALUES (9,42,1),(11,44,1),(12,45,1),(13,46,1),(23,50,1),(24,50,2),(25,50,3),(27,52,1);

#
# Structure for table "kon_loginhistory"
#

DROP TABLE IF EXISTS `kon_loginhistory`;
CREATE TABLE `kon_loginhistory` (
  `id_loginhistory` int(11) NOT NULL AUTO_INCREMENT,
  `id_login` int(11) NOT NULL,
  `date` datetime NOT NULL,
  PRIMARY KEY (`id_loginhistory`),
  KEY `id_login` (`id_login`) USING BTREE,
  CONSTRAINT `kon_loginhistory_ibfk_1` FOREIGN KEY (`id_login`) REFERENCES `kon_login` (`id_login`) ON DELETE CASCADE ON UPDATE CASCADE
) ENGINE=InnoDB AUTO_INCREMENT=63 DEFAULT CHARSET=latin1;

#
# Data for table "kon_loginhistory"
#

INSERT INTO `kon_loginhistory` VALUES (11,42,'2015-08-18 03:41:27'),(12,42,'2015-08-18 03:41:27'),(15,45,'2015-08-18 03:46:13'),(16,45,'2015-08-18 03:46:13'),(51,50,'2015-08-19 18:42:38'),(52,50,'2015-08-19 18:42:38'),(55,50,'2015-08-19 19:45:06'),(56,50,'2015-08-19 19:45:06'),(57,52,'2015-08-19 19:46:41'),(58,52,'2015-08-19 19:46:41'),(59,50,'2015-08-19 19:49:18'),(60,50,'2015-08-19 19:49:18'),(61,50,'2015-08-19 20:03:56'),(62,50,'2015-08-19 20:03:56');
