/*
Navicat MySQL Data Transfer

Source Server         : lumba2
Source Server Version : 50616
Source Host           : 127.0.0.1:3306
Source Database       : sister_siadu

Target Server Type    : MYSQL
Target Server Version : 50616
File Encoding         : 65001

Date: 2015-10-04 16:44:05
*/

SET FOREIGN_KEY_CHECKS=0;

-- ----------------------------
-- Table structure for kon_aksi
-- ----------------------------
DROP TABLE IF EXISTS `kon_aksi`;
CREATE TABLE `kon_aksi` (
  `id_aksi` int(11) NOT NULL AUTO_INCREMENT,
  `aksi` char(1) NOT NULL,
  `keterangan` text NOT NULL,
  PRIMARY KEY (`id_aksi`)
) ENGINE=InnoDB AUTO_INCREMENT=6 DEFAULT CHARSET=latin1;

-- ----------------------------
-- Records of kon_aksi
-- ----------------------------
INSERT INTO `kon_aksi` VALUES ('1', 'r', 'read');
INSERT INTO `kon_aksi` VALUES ('2', 'c', 'create');
INSERT INTO `kon_aksi` VALUES ('3', 'u', 'update');
INSERT INTO `kon_aksi` VALUES ('4', 'd', 'delete');
INSERT INTO `kon_aksi` VALUES ('5', 'p', 'print/report');

-- ----------------------------
-- Table structure for kon_grupmenu
-- ----------------------------
DROP TABLE IF EXISTS `kon_grupmenu`;
CREATE TABLE `kon_grupmenu` (
  `id_grupmenu` int(11) NOT NULL AUTO_INCREMENT,
  `id_katgrupmenu` int(11) NOT NULL,
  `id_modul` int(11) NOT NULL,
  `grupmenu` varchar(50) NOT NULL,
  `size` varchar(20) NOT NULL,
  PRIMARY KEY (`id_grupmenu`)
) ENGINE=InnoDB AUTO_INCREMENT=40 DEFAULT CHARSET=latin1;

-- ----------------------------
-- Records of kon_grupmenu
-- ----------------------------
INSERT INTO `kon_grupmenu` VALUES ('1', '2', '1', 'Menu Kesiswaan', 'four');
INSERT INTO `kon_grupmenu` VALUES ('2', '2', '1', 'Menu Belajar - Mengajar', 'four');
INSERT INTO `kon_grupmenu` VALUES ('3', '1', '1', 'Menu Master', 'four');
INSERT INTO `kon_grupmenu` VALUES ('4', '2', '2', 'Menu Transaksi', 'four');
INSERT INTO `kon_grupmenu` VALUES ('5', '2', '6', 'Transaksi Keuangan', 'four');
INSERT INTO `kon_grupmenu` VALUES ('6', '1', '6', 'Master Keuangan', 'four');
INSERT INTO `kon_grupmenu` VALUES ('7', '1', '9', 'Menu Sistem', 'double');
INSERT INTO `kon_grupmenu` VALUES ('8', '2', '9', 'Menu User', 'double');
INSERT INTO `kon_grupmenu` VALUES ('9', '1', '2', 'Menu Master', 'four');
INSERT INTO `kon_grupmenu` VALUES ('14', '1', '3', 'Menu Master ', 'double double-vertic');
INSERT INTO `kon_grupmenu` VALUES ('15', '2', '3', 'Menu Transaksi', 'double double-vertic');
INSERT INTO `kon_grupmenu` VALUES ('16', '1', '5', 'Master HRD', 'four');
INSERT INTO `kon_grupmenu` VALUES ('17', '2', '5', 'Transaksi HRD', 'four');
INSERT INTO `kon_grupmenu` VALUES ('18', '2', '5', 'Penggajian', 'four');
INSERT INTO `kon_grupmenu` VALUES ('19', '1', '7', 'Master Student Service', 'four');
INSERT INTO `kon_grupmenu` VALUES ('20', '2', '7', 'Pembelian', 'four');
INSERT INTO `kon_grupmenu` VALUES ('21', '2', '7', 'Penjualan', '');
INSERT INTO `kon_grupmenu` VALUES ('24', '2', '7', 'Jasa', 'four');
INSERT INTO `kon_grupmenu` VALUES ('25', '2', '7', 'Hutang / Piutang', 'four');
INSERT INTO `kon_grupmenu` VALUES ('26', '2', '7', 'biaya', 'four');
INSERT INTO `kon_grupmenu` VALUES ('27', '2', '7', 'Laporan', 'four');
INSERT INTO `kon_grupmenu` VALUES ('28', '2', '7', 'Setting', '');
INSERT INTO `kon_grupmenu` VALUES ('29', '1', '13', 'Master PO', 'four');
INSERT INTO `kon_grupmenu` VALUES ('30', '2', '13', 'Permintaan', 'four');
INSERT INTO `kon_grupmenu` VALUES ('31', '1', '13', 'Penawaran', 'four');
INSERT INTO `kon_grupmenu` VALUES ('32', '2', '13', 'Pemesanan', 'four');
INSERT INTO `kon_grupmenu` VALUES ('33', '2', '13', 'Pembelian', 'four');
INSERT INTO `kon_grupmenu` VALUES ('34', '2', '13', 'setting', '');
INSERT INTO `kon_grupmenu` VALUES ('35', '1', '4', 'Transaksi Sarpras', 'four');
INSERT INTO `kon_grupmenu` VALUES ('37', '1', '4', 'Master Sarpras', 'four');
INSERT INTO `kon_grupmenu` VALUES ('38', '1', '14', 'setting', 'four');
INSERT INTO `kon_grupmenu` VALUES ('39', '2', '14', 'transaksi', 'four');

-- ----------------------------
-- Table structure for kon_grupmodul
-- ----------------------------
DROP TABLE IF EXISTS `kon_grupmodul`;
CREATE TABLE `kon_grupmodul` (
  `id_grupmodul` int(11) NOT NULL AUTO_INCREMENT,
  `grupmodul` varchar(50) NOT NULL,
  `size` varchar(20) NOT NULL,
  PRIMARY KEY (`id_grupmodul`)
) ENGINE=InnoDB AUTO_INCREMENT=4 DEFAULT CHARSET=latin1;

-- ----------------------------
-- Records of kon_grupmodul
-- ----------------------------
INSERT INTO `kon_grupmodul` VALUES ('1', 'satu', 'four');
INSERT INTO `kon_grupmodul` VALUES ('2', 'dua', 'four');
INSERT INTO `kon_grupmodul` VALUES ('3', 'tiga', 'four');

-- ----------------------------
-- Table structure for kon_icon
-- ----------------------------
DROP TABLE IF EXISTS `kon_icon`;
CREATE TABLE `kon_icon` (
  `id_icon` int(11) NOT NULL AUTO_INCREMENT,
  `icon` varchar(25) NOT NULL,
  PRIMARY KEY (`id_icon`)
) ENGINE=InnoDB AUTO_INCREMENT=21 DEFAULT CHARSET=latin1;

-- ----------------------------
-- Records of kon_icon
-- ----------------------------
INSERT INTO `kon_icon` VALUES ('1', 'akademik');
INSERT INTO `kon_icon` VALUES ('2', 'sarpras');
INSERT INTO `kon_icon` VALUES ('3', 'hrd');
INSERT INTO `kon_icon` VALUES ('4', 'psb');
INSERT INTO `kon_icon` VALUES ('5', 'keuangan');
INSERT INTO `kon_icon` VALUES ('6', 'student');
INSERT INTO `kon_icon` VALUES ('7', 'perpus');
INSERT INTO `kon_icon` VALUES ('8', 'manajemen');
INSERT INTO `kon_icon` VALUES ('9', 'pencil');
INSERT INTO `kon_icon` VALUES ('10', 'address-book');
INSERT INTO `kon_icon` VALUES ('11', 'book');
INSERT INTO `kon_icon` VALUES ('12', 'copy');
INSERT INTO `kon_icon` VALUES ('13', 'user-3');
INSERT INTO `kon_icon` VALUES ('14', 'user');
INSERT INTO `kon_icon` VALUES ('15', 'grid-view');
INSERT INTO `kon_icon` VALUES ('16', 'tab');
INSERT INTO `kon_icon` VALUES ('17', 'cog');
INSERT INTO `kon_icon` VALUES ('18', 'user-2');
INSERT INTO `kon_icon` VALUES ('20', 'loop');

-- ----------------------------
-- Table structure for kon_katgrupmenu
-- ----------------------------
DROP TABLE IF EXISTS `kon_katgrupmenu`;
CREATE TABLE `kon_katgrupmenu` (
  `id_katgrupmenu` int(11) NOT NULL AUTO_INCREMENT,
  `katgrupmenu` char(1) NOT NULL,
  `keterangan` text NOT NULL,
  PRIMARY KEY (`id_katgrupmenu`)
) ENGINE=InnoDB AUTO_INCREMENT=3 DEFAULT CHARSET=latin1;

-- ----------------------------
-- Records of kon_katgrupmenu
-- ----------------------------
INSERT INTO `kon_katgrupmenu` VALUES ('1', 'M', 'Master');
INSERT INTO `kon_katgrupmenu` VALUES ('2', 'T', 'Transaksi');

-- ----------------------------
-- Table structure for kon_level
-- ----------------------------
DROP TABLE IF EXISTS `kon_level`;
CREATE TABLE `kon_level` (
  `id_level` int(11) NOT NULL AUTO_INCREMENT,
  `level` varchar(20) NOT NULL,
  `urutan` int(11) NOT NULL,
  `keterangan` text NOT NULL,
  PRIMARY KEY (`id_level`)
) ENGINE=InnoDB AUTO_INCREMENT=22 DEFAULT CHARSET=latin1;

-- ----------------------------
-- Records of kon_level
-- ----------------------------
INSERT INTO `kon_level` VALUES ('17', 'SA', '1', 'Super Admin');
INSERT INTO `kon_level` VALUES ('18', 'A+', '2', 'Admin Plus');
INSERT INTO `kon_level` VALUES ('19', 'A', '3', 'Admin');
INSERT INTO `kon_level` VALUES ('20', 'O', '4', 'Operator');
INSERT INTO `kon_level` VALUES ('21', 'G', '5', 'Guest');

-- ----------------------------
-- Table structure for kon_levelaksi
-- ----------------------------
DROP TABLE IF EXISTS `kon_levelaksi`;
CREATE TABLE `kon_levelaksi` (
  `id_levelaksi` int(11) NOT NULL AUTO_INCREMENT,
  `id_levelkatgrupmenu` int(11) NOT NULL,
  `id_aksi` int(11) NOT NULL,
  PRIMARY KEY (`id_levelaksi`),
  KEY `id_levelkatgrupmenu` (`id_levelkatgrupmenu`),
  KEY `id_aksi` (`id_aksi`),
  CONSTRAINT `kon_levelaksi_ibfk_1` FOREIGN KEY (`id_levelkatgrupmenu`) REFERENCES `kon_levelkatgrupmenu` (`id_levelkatgrupmenu`) ON DELETE CASCADE ON UPDATE CASCADE,
  CONSTRAINT `kon_levelaksi_ibfk_2` FOREIGN KEY (`id_aksi`) REFERENCES `kon_aksi` (`id_aksi`) ON DELETE CASCADE ON UPDATE CASCADE
) ENGINE=InnoDB AUTO_INCREMENT=450 DEFAULT CHARSET=latin1;

-- ----------------------------
-- Records of kon_levelaksi
-- ----------------------------
INSERT INTO `kon_levelaksi` VALUES ('221', '53', '1');
INSERT INTO `kon_levelaksi` VALUES ('222', '54', '1');
INSERT INTO `kon_levelaksi` VALUES ('223', '53', '2');
INSERT INTO `kon_levelaksi` VALUES ('224', '54', '2');
INSERT INTO `kon_levelaksi` VALUES ('225', '53', '3');
INSERT INTO `kon_levelaksi` VALUES ('226', '54', '3');
INSERT INTO `kon_levelaksi` VALUES ('227', '53', '4');
INSERT INTO `kon_levelaksi` VALUES ('228', '54', '4');
INSERT INTO `kon_levelaksi` VALUES ('229', '53', '5');
INSERT INTO `kon_levelaksi` VALUES ('230', '54', '5');
INSERT INTO `kon_levelaksi` VALUES ('231', '55', '1');
INSERT INTO `kon_levelaksi` VALUES ('232', '56', '1');
INSERT INTO `kon_levelaksi` VALUES ('233', '55', '2');
INSERT INTO `kon_levelaksi` VALUES ('234', '56', '2');
INSERT INTO `kon_levelaksi` VALUES ('235', '55', '3');
INSERT INTO `kon_levelaksi` VALUES ('236', '56', '3');
INSERT INTO `kon_levelaksi` VALUES ('237', '55', '4');
INSERT INTO `kon_levelaksi` VALUES ('238', '56', '4');
INSERT INTO `kon_levelaksi` VALUES ('239', '55', '5');
INSERT INTO `kon_levelaksi` VALUES ('240', '56', '5');
INSERT INTO `kon_levelaksi` VALUES ('355', '57', '1');
INSERT INTO `kon_levelaksi` VALUES ('356', '58', '1');
INSERT INTO `kon_levelaksi` VALUES ('357', '57', '2');
INSERT INTO `kon_levelaksi` VALUES ('358', '57', '3');
INSERT INTO `kon_levelaksi` VALUES ('359', '57', '4');
INSERT INTO `kon_levelaksi` VALUES ('360', '57', '5');
INSERT INTO `kon_levelaksi` VALUES ('361', '58', '5');
INSERT INTO `kon_levelaksi` VALUES ('362', '59', '1');
INSERT INTO `kon_levelaksi` VALUES ('363', '60', '1');
INSERT INTO `kon_levelaksi` VALUES ('364', '59', '2');
INSERT INTO `kon_levelaksi` VALUES ('365', '59', '3');
INSERT INTO `kon_levelaksi` VALUES ('366', '59', '4');
INSERT INTO `kon_levelaksi` VALUES ('367', '59', '5');
INSERT INTO `kon_levelaksi` VALUES ('368', '60', '5');
INSERT INTO `kon_levelaksi` VALUES ('419', '61', '1');
INSERT INTO `kon_levelaksi` VALUES ('420', '61', '2');
INSERT INTO `kon_levelaksi` VALUES ('421', '61', '3');
INSERT INTO `kon_levelaksi` VALUES ('422', '61', '4');
INSERT INTO `kon_levelaksi` VALUES ('423', '61', '5');
INSERT INTO `kon_levelaksi` VALUES ('424', '63', '1');
INSERT INTO `kon_levelaksi` VALUES ('425', '63', '2');
INSERT INTO `kon_levelaksi` VALUES ('426', '63', '3');
INSERT INTO `kon_levelaksi` VALUES ('427', '63', '4');
INSERT INTO `kon_levelaksi` VALUES ('428', '63', '5');
INSERT INTO `kon_levelaksi` VALUES ('442', '67', '1');
INSERT INTO `kon_levelaksi` VALUES ('443', '67', '2');
INSERT INTO `kon_levelaksi` VALUES ('444', '67', '3');
INSERT INTO `kon_levelaksi` VALUES ('445', '67', '4');
INSERT INTO `kon_levelaksi` VALUES ('446', '67', '5');
INSERT INTO `kon_levelaksi` VALUES ('448', '71', '1');
INSERT INTO `kon_levelaksi` VALUES ('449', '71', '5');

-- ----------------------------
-- Table structure for kon_levelkatgrupmenu
-- ----------------------------
DROP TABLE IF EXISTS `kon_levelkatgrupmenu`;
CREATE TABLE `kon_levelkatgrupmenu` (
  `id_levelkatgrupmenu` int(11) NOT NULL AUTO_INCREMENT,
  `id_level` int(11) NOT NULL,
  `id_katgrupmenu` int(11) NOT NULL,
  `isDefault` int(1) NOT NULL DEFAULT '1',
  PRIMARY KEY (`id_levelkatgrupmenu`),
  KEY `id_level` (`id_level`),
  KEY `id_katgrupmenu` (`id_katgrupmenu`),
  CONSTRAINT `kon_levelkatgrupmenu_ibfk_1` FOREIGN KEY (`id_level`) REFERENCES `kon_level` (`id_level`) ON DELETE CASCADE ON UPDATE CASCADE,
  CONSTRAINT `kon_levelkatgrupmenu_ibfk_2` FOREIGN KEY (`id_katgrupmenu`) REFERENCES `kon_katgrupmenu` (`id_katgrupmenu`) ON DELETE CASCADE ON UPDATE CASCADE
) ENGINE=InnoDB AUTO_INCREMENT=73 DEFAULT CHARSET=latin1;

-- ----------------------------
-- Records of kon_levelkatgrupmenu
-- ----------------------------
INSERT INTO `kon_levelkatgrupmenu` VALUES ('53', '17', '1', '1');
INSERT INTO `kon_levelkatgrupmenu` VALUES ('54', '17', '1', '0');
INSERT INTO `kon_levelkatgrupmenu` VALUES ('55', '17', '2', '1');
INSERT INTO `kon_levelkatgrupmenu` VALUES ('56', '17', '2', '0');
INSERT INTO `kon_levelkatgrupmenu` VALUES ('57', '18', '1', '1');
INSERT INTO `kon_levelkatgrupmenu` VALUES ('58', '18', '1', '0');
INSERT INTO `kon_levelkatgrupmenu` VALUES ('59', '18', '2', '1');
INSERT INTO `kon_levelkatgrupmenu` VALUES ('60', '18', '2', '0');
INSERT INTO `kon_levelkatgrupmenu` VALUES ('61', '19', '1', '1');
INSERT INTO `kon_levelkatgrupmenu` VALUES ('62', '19', '1', '0');
INSERT INTO `kon_levelkatgrupmenu` VALUES ('63', '19', '2', '1');
INSERT INTO `kon_levelkatgrupmenu` VALUES ('64', '19', '2', '0');
INSERT INTO `kon_levelkatgrupmenu` VALUES ('65', '20', '1', '1');
INSERT INTO `kon_levelkatgrupmenu` VALUES ('66', '20', '1', '0');
INSERT INTO `kon_levelkatgrupmenu` VALUES ('67', '20', '2', '1');
INSERT INTO `kon_levelkatgrupmenu` VALUES ('68', '20', '2', '0');
INSERT INTO `kon_levelkatgrupmenu` VALUES ('69', '21', '1', '1');
INSERT INTO `kon_levelkatgrupmenu` VALUES ('70', '21', '1', '0');
INSERT INTO `kon_levelkatgrupmenu` VALUES ('71', '21', '2', '1');
INSERT INTO `kon_levelkatgrupmenu` VALUES ('72', '21', '2', '0');

-- ----------------------------
-- Table structure for kon_login
-- ----------------------------
DROP TABLE IF EXISTS `kon_login`;
CREATE TABLE `kon_login` (
  `id_login` int(11) NOT NULL AUTO_INCREMENT,
  `nama` varchar(100) NOT NULL,
  `username` varchar(20) NOT NULL,
  `password` varchar(128) NOT NULL,
  `id_level` int(11) NOT NULL,
  `pegawai` int(10) unsigned NOT NULL DEFAULT '0',
  `aktif` enum('1','0') NOT NULL DEFAULT '1',
  `bahasa` varchar(2) NOT NULL DEFAULT '',
  `tlogin` datetime NOT NULL DEFAULT '0000-00-00 00:00:00',
  PRIMARY KEY (`id_login`),
  KEY `id_level` (`id_level`),
  CONSTRAINT `kon_login_ibfk_1` FOREIGN KEY (`id_level`) REFERENCES `kon_level` (`id_level`)
) ENGINE=InnoDB AUTO_INCREMENT=12 DEFAULT CHARSET=latin1;

-- ----------------------------
-- Records of kon_login
-- ----------------------------
INSERT INTO `kon_login` VALUES ('11', 'Mr. Super Admin', 'admin', 'MjEyMzJmMjk3YTU3YTVhNzQzODk0YTBlNGE4MDFmYzM=', '17', '0', '1', '', '0000-00-00 00:00:00');

-- ----------------------------
-- Table structure for kon_logindepartemen
-- ----------------------------
DROP TABLE IF EXISTS `kon_logindepartemen`;
CREATE TABLE `kon_logindepartemen` (
  `id_logindepartemen` int(11) NOT NULL AUTO_INCREMENT,
  `id_login` int(11) NOT NULL,
  `id_departemen` int(11) NOT NULL,
  PRIMARY KEY (`id_logindepartemen`),
  KEY `id_login` (`id_login`) USING BTREE,
  KEY `id_departemen` (`id_departemen`) USING BTREE,
  CONSTRAINT `id_login_FK2` FOREIGN KEY (`id_login`) REFERENCES `kon_login` (`id_login`) ON DELETE CASCADE ON UPDATE CASCADE
) ENGINE=InnoDB AUTO_INCREMENT=31 DEFAULT CHARSET=latin1;

-- ----------------------------
-- Records of kon_logindepartemen
-- ----------------------------
INSERT INTO `kon_logindepartemen` VALUES ('28', '11', '1');
INSERT INTO `kon_logindepartemen` VALUES ('29', '11', '2');
INSERT INTO `kon_logindepartemen` VALUES ('30', '11', '3');

-- ----------------------------
-- Table structure for kon_loginhistory
-- ----------------------------
DROP TABLE IF EXISTS `kon_loginhistory`;
CREATE TABLE `kon_loginhistory` (
  `id_loginhistory` int(11) NOT NULL AUTO_INCREMENT,
  `id_login` int(11) NOT NULL,
  `date` datetime NOT NULL,
  PRIMARY KEY (`id_loginhistory`),
  KEY `id_login` (`id_login`) USING BTREE,
  CONSTRAINT `kon_loginhistory_ibfk_1` FOREIGN KEY (`id_login`) REFERENCES `kon_login` (`id_login`) ON DELETE CASCADE ON UPDATE CASCADE
) ENGINE=InnoDB AUTO_INCREMENT=135 DEFAULT CHARSET=latin1;

-- ----------------------------
-- Records of kon_loginhistory
-- ----------------------------
INSERT INTO `kon_loginhistory` VALUES ('113', '11', '2015-09-29 13:51:11');
INSERT INTO `kon_loginhistory` VALUES ('114', '11', '2015-09-29 13:51:11');
INSERT INTO `kon_loginhistory` VALUES ('115', '11', '2015-09-29 15:21:16');
INSERT INTO `kon_loginhistory` VALUES ('116', '11', '2015-09-29 15:21:16');
INSERT INTO `kon_loginhistory` VALUES ('117', '11', '2015-09-30 04:26:09');
INSERT INTO `kon_loginhistory` VALUES ('118', '11', '2015-09-30 04:26:09');
INSERT INTO `kon_loginhistory` VALUES ('119', '11', '2015-10-01 22:58:32');
INSERT INTO `kon_loginhistory` VALUES ('120', '11', '2015-10-01 22:58:32');
INSERT INTO `kon_loginhistory` VALUES ('121', '11', '2015-10-02 02:39:36');
INSERT INTO `kon_loginhistory` VALUES ('122', '11', '2015-10-02 02:39:36');
INSERT INTO `kon_loginhistory` VALUES ('123', '11', '2015-10-02 16:42:40');
INSERT INTO `kon_loginhistory` VALUES ('124', '11', '2015-10-02 16:42:40');
INSERT INTO `kon_loginhistory` VALUES ('125', '11', '2015-10-03 05:53:09');
INSERT INTO `kon_loginhistory` VALUES ('126', '11', '2015-10-03 05:53:09');
INSERT INTO `kon_loginhistory` VALUES ('127', '11', '2015-10-03 10:47:48');
INSERT INTO `kon_loginhistory` VALUES ('128', '11', '2015-10-03 10:47:48');
INSERT INTO `kon_loginhistory` VALUES ('129', '11', '2015-10-03 13:39:03');
INSERT INTO `kon_loginhistory` VALUES ('130', '11', '2015-10-03 13:39:03');
INSERT INTO `kon_loginhistory` VALUES ('131', '11', '2015-10-04 05:24:09');
INSERT INTO `kon_loginhistory` VALUES ('132', '11', '2015-10-04 05:24:09');
INSERT INTO `kon_loginhistory` VALUES ('133', '11', '2015-10-04 15:29:56');
INSERT INTO `kon_loginhistory` VALUES ('134', '11', '2015-10-04 15:29:56');

-- ----------------------------
-- Table structure for kon_menu
-- ----------------------------
DROP TABLE IF EXISTS `kon_menu`;
CREATE TABLE `kon_menu` (
  `id_menu` int(11) NOT NULL AUTO_INCREMENT,
  `id_grupmenu` int(11) NOT NULL,
  `menu` varchar(50) NOT NULL,
  `link` varchar(100) NOT NULL,
  `size` enum('','double','double double-vertical') NOT NULL DEFAULT '',
  `id_warna` int(11) NOT NULL,
  `id_icon` int(11) NOT NULL,
  `keterangan` text NOT NULL,
  PRIMARY KEY (`id_menu`)
) ENGINE=InnoDB AUTO_INCREMENT=163 DEFAULT CHARSET=latin1;

-- ----------------------------
-- Records of kon_menu
-- ----------------------------
INSERT INTO `kon_menu` VALUES ('1', '4', 'Siswa', 'siswa', 'double', '7', '9', '');
INSERT INTO `kon_menu` VALUES ('2', '1', 'Presensi Siswa', 'presensi-siswa', 'double', '44', '10', '');
INSERT INTO `kon_menu` VALUES ('3', '1', 'Rapor Siswa', 'rapor-siswa', 'double', '3', '11', '');
INSERT INTO `kon_menu` VALUES ('4', '1', 'Pendataan Alumni', 'pendataan-alumni', 'double', '4', '12', '');
INSERT INTO `kon_menu` VALUES ('8', '5', 'Transaksi', 'transaksi', 'double', '8', '16', '');
INSERT INTO `kon_menu` VALUES ('10', '5', 'Penerimaan Siswa', 'penerimaan-siswa', 'double', '10', '18', '');
INSERT INTO `kon_menu` VALUES ('13', '6', 'Saldo Rekening', 'saldo-rekening', '', '13', '13', '');
INSERT INTO `kon_menu` VALUES ('14', '6', 'Kategori Rekening', 'kategori-rekening', '', '14', '14', '');
INSERT INTO `kon_menu` VALUES ('15', '6', 'Detil Rekening', 'detil-rekening', '', '15', '10', '');
INSERT INTO `kon_menu` VALUES ('16', '5', 'Anggaran Tahunan', 'anggaran-tahunan', 'double', '16', '16', '');
INSERT INTO `kon_menu` VALUES ('19', '7', 'Warna', 'warna', '', '4', '17', '');
INSERT INTO `kon_menu` VALUES ('20', '8', 'level', 'level', '', '5', '16', '');
INSERT INTO `kon_menu` VALUES ('21', '8', 'user', 'user', '', '7', '15', '');
INSERT INTO `kon_menu` VALUES ('22', '7', 'Icon', 'icon', '', '4', '13', '');
INSERT INTO `kon_menu` VALUES ('24', '2', 'Detail Kelas', 'detail-kelas', 'double', '11', '15', '');
INSERT INTO `kon_menu` VALUES ('25', '3', 'Departemen', 'departemen', '', '3', '11', '');
INSERT INTO `kon_menu` VALUES ('26', '3', 'Angkatan', 'angkatan', '', '11', '15', '');
INSERT INTO `kon_menu` VALUES ('27', '3', 'Tahun Ajaran', 'tahun-ajaran', '', '16', '17', '');
INSERT INTO `kon_menu` VALUES ('28', '3', 'Tingkat', 'tingkat', '', '12', '18', '');
INSERT INTO `kon_menu` VALUES ('29', '3', 'Sub Tingkat', 'subtingkat', '', '14', '14', '');
INSERT INTO `kon_menu` VALUES ('30', '3', 'Kelas', 'kelas', '', '15', '13', '');
INSERT INTO `kon_menu` VALUES ('31', '3', 'Semester', 'semester', '', '13', '12', '');
INSERT INTO `kon_menu` VALUES ('32', '3', 'Jenis Mutasi', 'jenis-mutasi', '', '11', '10', '');
INSERT INTO `kon_menu` VALUES ('33', '3', 'Guru', 'guru', '', '11', '14', '');
INSERT INTO `kon_menu` VALUES ('34', '3', 'Pelajaran', 'pelajaran', '', '12', '14', '');
INSERT INTO `kon_menu` VALUES ('35', '2', 'Jadwal Pelajaran', 'jadwal-pelajaran', 'double', '15', '15', '');
INSERT INTO `kon_menu` VALUES ('36', '2', 'Presensi Guru', 'presensi-guru', 'double', '18', '12', '');
INSERT INTO `kon_menu` VALUES ('37', '2', 'Kegiatan Akademik', 'kegiatan-akademik', 'double', '14', '14', '');
INSERT INTO `kon_menu` VALUES ('38', '1', 'Mutasi', 'mutasi', 'double', '6', '13', '');
INSERT INTO `kon_menu` VALUES ('39', '3', 'Detail Pelajaran', 'detail-pelajaran', '', '13', '15', '');
INSERT INTO `kon_menu` VALUES ('40', '1', 'Siswa Kelas', 'siswa-kelas', 'double', '13', '15', '');
INSERT INTO `kon_menu` VALUES ('41', '6', 'Biaya', 'biaya', '', '14', '15', '');
INSERT INTO `kon_menu` VALUES ('42', '6', 'Diskon', 'diskon', '', '14', '15', '');
INSERT INTO `kon_menu` VALUES ('43', '6', 'Angsuran', 'angsuran', '', '17', '13', '');
INSERT INTO `kon_menu` VALUES ('44', '9', 'golongan', 'golongan', '', '13', '16', '');
INSERT INTO `kon_menu` VALUES ('45', '7', 'menu', 'menu', '', '14', '16', '');
INSERT INTO `kon_menu` VALUES ('46', '7', 'Grup Modul', 'grup-modul', '', '13', '12', '');
INSERT INTO `kon_menu` VALUES ('47', '7', 'Modul', 'modul', '', '12', '11', '');
INSERT INTO `kon_menu` VALUES ('48', '7', 'Grup Menu', 'grup-menu', '', '16', '13', '');
INSERT INTO `kon_menu` VALUES ('52', '9', 'Gelombang', 'gelombang', '', '16', '10', 'kelompok pendaftaran  (gelombang)');
INSERT INTO `kon_menu` VALUES ('54', '14', 'Perangkat', 'perangkat', '', '16', '10', 'ok');
INSERT INTO `kon_menu` VALUES ('55', '14', 'Lokasi', 'lokasi', '', '16', '10', '');
INSERT INTO `kon_menu` VALUES ('56', '14', 'Jenis Koleksi', 'jenis-koleksi', '', '16', '10', '');
INSERT INTO `kon_menu` VALUES ('57', '14', 'Tingkat Koleksi', 'tingkat-koleksi', '', '13', '10', '');
INSERT INTO `kon_menu` VALUES ('58', '14', 'Klasifikasi', 'klasifikasi', '', '41', '10', '');
INSERT INTO `kon_menu` VALUES ('59', '14', 'Daftar Pengunjung', 'daftar-pengunjung', '', '17', '10', '\r\n');
INSERT INTO `kon_menu` VALUES ('60', '14', 'Daftar Penerbit', 'daftar-penerbit', '', '10', '10', '');
INSERT INTO `kon_menu` VALUES ('61', '14', 'Daftar-Bahasa', 'daftar-bahasa', '', '24', '10', '');
INSERT INTO `kon_menu` VALUES ('62', '14', 'Satuan Mata Uang', 'stuan-mata-uang', '', '8', '10', '\r\n');
INSERT INTO `kon_menu` VALUES ('63', '15', 'Katalog', 'katalog', 'double', '7', '10', '');
INSERT INTO `kon_menu` VALUES ('64', '15', 'Daftar Koleksi', 'daftar-koleksi', 'double', '7', '20', '');
INSERT INTO `kon_menu` VALUES ('65', '15', 'Data Anggota', 'data-anggota', '', '13', '10', '');
INSERT INTO `kon_menu` VALUES ('66', '15', 'Sirkulasi', 'sirkulasi', 'double', '18', '10', '');
INSERT INTO `kon_menu` VALUES ('67', '15', 'Stock Opname', 'stock-opname', 'double', '47', '17', '');
INSERT INTO `kon_menu` VALUES ('68', '15', 'OPAC', 'opac', 'double', '19', '12', '');
INSERT INTO `kon_menu` VALUES ('69', '16', 'Agama', 'agama', '', '16', '10', 'setting data master agama');
INSERT INTO `kon_menu` VALUES ('70', '16', 'Pendidikan', 'pendidikan', 'double', '16', '10', '');
INSERT INTO `kon_menu` VALUES ('71', '16', 'Departemen', 'departemen', '', '13', '10', '');
INSERT INTO `kon_menu` VALUES ('72', '16', 'Jabatan', 'jabatan', 'double', '16', '1', '');
INSERT INTO `kon_menu` VALUES ('73', '16', 'Status Karyawan', 'status-karyawan', 'double', '16', '10', '');
INSERT INTO `kon_menu` VALUES ('74', '16', 'Golongan', 'golongan', 'double', '16', '10', '');
INSERT INTO `kon_menu` VALUES ('75', '17', 'Berkas', 'berkas', 'double', '34', '10', '');
INSERT INTO `kon_menu` VALUES ('76', '17', 'Absensi', 'absensi', 'double', '16', '10', '\r\n');
INSERT INTO `kon_menu` VALUES ('77', '17', 'Cuti', 'cuti', 'double', '7', '10', '');
INSERT INTO `kon_menu` VALUES ('78', '17', 'Pinjaman', 'pinjaman', 'double', '17', '10', '');
INSERT INTO `kon_menu` VALUES ('79', '17', 'Karyawan', 'karyawan', 'double', '27', '12', '');
INSERT INTO `kon_menu` VALUES ('80', '18', 'Penggajian', 'penggajian', 'double', '8', '10', '');
INSERT INTO `kon_menu` VALUES ('81', '18', 'Laporan', 'laporan', '', '10', '12', '');
INSERT INTO `kon_menu` VALUES ('82', '18', 'Setting BPJS', 'setting-bpjs', 'double', '5', '17', '');
INSERT INTO `kon_menu` VALUES ('83', '18', 'Golongan', 'golongan ', 'double', '22', '11', '');
INSERT INTO `kon_menu` VALUES ('84', '18', 'struktural', 'struktural', '', '41', '17', '');
INSERT INTO `kon_menu` VALUES ('85', '18', 'Fungsional', 'Fungsional', 'double', '16', '1', '');
INSERT INTO `kon_menu` VALUES ('86', '18', 'Pengabdian', 'Pengabdian', '', '24', '17', '');
INSERT INTO `kon_menu` VALUES ('87', '18', 'istri anak', 'istri-anak', 'double', '16', '10', '');
INSERT INTO `kon_menu` VALUES ('88', '18', 'uang transport', 'uang-transport', 'double', '16', '10', '');
INSERT INTO `kon_menu` VALUES ('89', '18', 'beban tugas', 'beban-tugas', 'double', '16', '10', '');
INSERT INTO `kon_menu` VALUES ('90', '18', 'wali kelas', 'wali-kelas', 'double', '13', '11', '');
INSERT INTO `kon_menu` VALUES ('91', '19', 'Jenjang', 'jenjang', 'double', '8', '10', '');
INSERT INTO `kon_menu` VALUES ('92', '19', 'Kategori', 'kategori', 'double', '8', '1', '');
INSERT INTO `kon_menu` VALUES ('93', '19', 'produk', 'produk', 'double', '8', '10', '');
INSERT INTO `kon_menu` VALUES ('94', '19', 'produk jasa', 'produk-jasa', 'double', '1', '11', '');
INSERT INTO `kon_menu` VALUES ('95', '19', 'beban biaya', 'beban-biaya', 'double', '8', '10', '');
INSERT INTO `kon_menu` VALUES ('96', '19', 'supplier', 'supplier', 'double', '16', '10', '');
INSERT INTO `kon_menu` VALUES ('97', '19', 'customer', 'customer', 'double', '8', '11', '');
INSERT INTO `kon_menu` VALUES ('98', '20', 'PO Pembelian', 'PO-Pembelian', 'double', '16', '14', '');
INSERT INTO `kon_menu` VALUES ('99', '20', 'Pembelian', 'Pembelian', 'double', '16', '1', '');
INSERT INTO `kon_menu` VALUES ('100', '20', 'laporan pembelian', 'laporan-pembelian', 'double', '1', '12', '');
INSERT INTO `kon_menu` VALUES ('101', '20', 'retur pembelian', 'retur-pembelian', 'double', '16', '1', '');
INSERT INTO `kon_menu` VALUES ('102', '20', 'laporan retur pembelian', 'laporan-retur-pembelian', 'double', '13', '10', '');
INSERT INTO `kon_menu` VALUES ('103', '21', 'PO Penjualan', 'PO-Penjualan', 'double', '27', '17', '');
INSERT INTO `kon_menu` VALUES ('104', '21', 'Penjualan', 'Penjualan', 'double', '20', '1', '');
INSERT INTO `kon_menu` VALUES ('105', '21', 'Retur Penjualaan', 'Retur-Penjualaan', 'double', '16', '10', '');
INSERT INTO `kon_menu` VALUES ('106', '21', 'Laporan Penjualan', 'Laporan-Penjualan', 'double', '16', '10', '');
INSERT INTO `kon_menu` VALUES ('107', '21', 'Laporan Retur Penjualan', 'Laporan-Retur-Penjualan', 'double', '18', '1', '');
INSERT INTO `kon_menu` VALUES ('108', '24', 'Penjualaan Jasa', 'Penjualaan-Jasa', 'double', '16', '1', '\r\n');
INSERT INTO `kon_menu` VALUES ('109', '24', 'Laporan Penjualaan Jasa', 'Laporan-Penjualaan-Jasa', 'double', '16', '10', '');
INSERT INTO `kon_menu` VALUES ('110', '25', 'Hutang', 'hutang', 'double', '16', '10', '');
INSERT INTO `kon_menu` VALUES ('111', '25', 'pembayaran', 'pembayaran', 'double', '16', '10', '');
INSERT INTO `kon_menu` VALUES ('112', '25', 'laporan hutang', 'laporan-hutang', 'double', '16', '10', '');
INSERT INTO `kon_menu` VALUES ('113', '25', 'laporan pembayaran', 'laporan-pembayaran', 'double', '16', '10', '\r\n');
INSERT INTO `kon_menu` VALUES ('114', '26', 'Transaksi Biaya', 'Transaksi-Biaya', 'double', '16', '10', '');
INSERT INTO `kon_menu` VALUES ('115', '26', 'Laporan Biaya', 'Laporan-Biaya', 'double', '16', '10', '');
INSERT INTO `kon_menu` VALUES ('116', '27', 'Laporan Stok', 'Laporan-Stok', 'double', '16', '10', '');
INSERT INTO `kon_menu` VALUES ('117', '27', 'Laporan Laba/Rugi', 'Laporan-Laba/Rugi', 'double', '16', '1', '');
INSERT INTO `kon_menu` VALUES ('119', '27', 'Laporan Pembelian', 'Laporan-Pembelian', 'double', '7', '10', '');
INSERT INTO `kon_menu` VALUES ('120', '27', 'Laporan Retur Pembelian', 'Laporan-Retur-Pembelian', 'double', '16', '10', '');
INSERT INTO `kon_menu` VALUES ('121', '27', 'Laporan Retur Penjualan', 'Laporan-Retur-Penjualan', 'double', '16', '1', '');
INSERT INTO `kon_menu` VALUES ('122', '27', 'Laporan Penjualan', 'Laporan-Penjualan', 'double', '16', '17', '');
INSERT INTO `kon_menu` VALUES ('123', '28', 'User', 'user', 'double', '16', '10', '');
INSERT INTO `kon_menu` VALUES ('124', '28', 'password', 'password', 'double', '16', '10', '');
INSERT INTO `kon_menu` VALUES ('125', '29', 'supplier', 'supplier', 'double', '16', '10', '');
INSERT INTO `kon_menu` VALUES ('126', '30', 'Purchase Requisition', 'Purchase-Requisition', 'double', '16', '1', '');
INSERT INTO `kon_menu` VALUES ('127', '30', 'Laporan Permintaan', 'Laporan-Perrmintaan', 'double', '18', '10', '');
INSERT INTO `kon_menu` VALUES ('128', '30', 'Batal Purchase Requisition', 'Batal-Purchase-Requisition', 'double', '16', '10', '');
INSERT INTO `kon_menu` VALUES ('129', '31', 'Penawaran', 'Penawaran', 'double', '16', '10', '');
INSERT INTO `kon_menu` VALUES ('130', '31', 'Laporan Penawaran', 'Laporan-Penawaran', 'double', '16', '10', '');
INSERT INTO `kon_menu` VALUES ('131', '31', 'Formulir Fisik Penawaran ', 'Formulir-Fisik-Penawaran ', 'double', '16', '10', '');
INSERT INTO `kon_menu` VALUES ('132', '32', 'Purchase Order', 'Purchase-Order', 'double', '16', '10', '');
INSERT INTO `kon_menu` VALUES ('133', '32', 'Laporan Pemesanan', 'Laporan-Pemesanan', 'double', '16', '10', '');
INSERT INTO `kon_menu` VALUES ('134', '32', 'Batal Purchase Order', 'Batal \\-Purchase-Order', 'double', '16', '10', '');
INSERT INTO `kon_menu` VALUES ('135', '33', 'Pembelian', 'Pembelian', 'double', '1', '10', '');
INSERT INTO `kon_menu` VALUES ('136', '33', 'Laporan Pembelian', 'Laporan-Pembelian', 'double', '16', '10', '');
INSERT INTO `kon_menu` VALUES ('137', '33', 'Retur Pembelian', 'Retur-Pembelian', 'double', '16', '10', '');
INSERT INTO `kon_menu` VALUES ('138', '33', 'Laporan Retur PEmbelian', 'Laporan-Retur-PEmbelian', 'double', '16', '1', '');
INSERT INTO `kon_menu` VALUES ('139', '34', 'User', 'User', 'double', '16', '1', '');
INSERT INTO `kon_menu` VALUES ('140', '34', 'password', 'password', 'double', '16', '1', '');
INSERT INTO `kon_menu` VALUES ('141', '37', 'Lokasi', 'lokasi', 'double', '1', '10', '');
INSERT INTO `kon_menu` VALUES ('142', '37', 'Tempat', 'tempat', 'double', '13', '10', '');
INSERT INTO `kon_menu` VALUES ('143', '37', 'Tempat', 'tempat', 'double', '20', '12', '');
INSERT INTO `kon_menu` VALUES ('144', '35', 'Inventaris', 'inventaris', 'double', '8', '15', '');
INSERT INTO `kon_menu` VALUES ('145', '35', 'Peminjaman', 'peminjaman', 'double', '18', '17', '');
INSERT INTO `kon_menu` VALUES ('146', '35', 'aktivitas', 'aktivitas', 'double', '7', '12', '');
INSERT INTO `kon_menu` VALUES ('147', '38', 'user', 'user', 'double', '16', '10', '');
INSERT INTO `kon_menu` VALUES ('148', '39', 'tahap2', 'tahap2', 'double', '16', '10', '\r\n');
INSERT INTO `kon_menu` VALUES ('149', '38', 'password', 'password', 'double', '16', '10', '');
INSERT INTO `kon_menu` VALUES ('150', '39', 'tahap1', 'tahap1', 'double', '16', '10', '');
INSERT INTO `kon_menu` VALUES ('151', '39', 'tahap3', 'tahap3', 'double', '16', '10', '');
INSERT INTO `kon_menu` VALUES ('152', '5', 'Detail Diskon', 'detail-diskon', 'double', '16', '10', '');
INSERT INTO `kon_menu` VALUES ('153', '4', 'Detail Gelombang', 'detail-gelombang', 'double', '8', '11', '');
INSERT INTO `kon_menu` VALUES ('154', '9', 'dokumen', 'dokumen', '', '8', '10', '');
INSERT INTO `kon_menu` VALUES ('155', '5', 'Detail Biaya', 'detail-biaya', 'double', '16', '10', '');
INSERT INTO `kon_menu` VALUES ('156', '4', 'reminder ultah', 'reminder-ultah', '', '18', '14', '');
INSERT INTO `kon_menu` VALUES ('157', '4', 'Rekapitulasi Siswa', 'rekapitulasi-siswa', '', '10', '18', '');
INSERT INTO `kon_menu` VALUES ('158', '6', 'Kategori Anggaran', 'kategori-anggaran', '', '18', '11', '');
INSERT INTO `kon_menu` VALUES ('159', '6', 'Detil Anggaran', 'detil-anggaran', '', '16', '10', '');
INSERT INTO `kon_menu` VALUES ('160', '5', 'Rekapitulasi Penerimaan Siswa', 'rekapitulasi-penerimaan-siswa', 'double', '8', '10', '');
INSERT INTO `kon_menu` VALUES ('161', '5', 'Pemutihan Penerimaan Siswa', 'pemutihan-penerimaan-siswa', 'double', '16', '10', '');
INSERT INTO `kon_menu` VALUES ('162', '6', 'Via Bayar', 'via-bayar', '', '16', '10', '');

-- ----------------------------
-- Table structure for kon_modul
-- ----------------------------
DROP TABLE IF EXISTS `kon_modul`;
CREATE TABLE `kon_modul` (
  `id_modul` int(11) NOT NULL AUTO_INCREMENT,
  `id_grupmodul` int(11) NOT NULL,
  `link` varchar(100) NOT NULL,
  `modul` varchar(100) NOT NULL,
  `id_warna` int(11) NOT NULL,
  `id_icon` int(11) NOT NULL,
  `size` enum('','double','double double-vertical') NOT NULL DEFAULT '',
  `keterangan` text NOT NULL,
  PRIMARY KEY (`id_modul`)
) ENGINE=InnoDB AUTO_INCREMENT=15 DEFAULT CHARSET=latin1;

-- ----------------------------
-- Records of kon_modul
-- ----------------------------
INSERT INTO `kon_modul` VALUES ('1', '1', 'akademik', 'akademik', '13', '9', 'double', '');
INSERT INTO `kon_modul` VALUES ('2', '1', 'psb', 'penerimaan siswa baru', '14', '10', 'double', '');
INSERT INTO `kon_modul` VALUES ('3', '1', 'perpus', 'perpustakaan', '3', '11', 'double double-vertical', '');
INSERT INTO `kon_modul` VALUES ('4', '1', 'sarpras', 'sarana dan prasarana', '4', '12', 'double double-vertical', '');
INSERT INTO `kon_modul` VALUES ('5', '2', 'hrd', 'kepegawaian', '5', '13', 'double double-vertical', '');
INSERT INTO `kon_modul` VALUES ('6', '2', 'keuangan', 'keuangan', '6', '14', 'double double-vertical', '');
INSERT INTO `kon_modul` VALUES ('7', '2', 'student', 'student services', '7', '15', 'double', '');
INSERT INTO `kon_modul` VALUES ('9', '3', 'konfigurasi', 'konfigurasi', '13', '14', 'double', '');
INSERT INTO `kon_modul` VALUES ('13', '2', 'purchaseorder', 'purchase order', '32', '20', 'double', '');
INSERT INTO `kon_modul` VALUES ('14', '3', 'marketingpsb', 'marketingpsb', '16', '10', 'double', '');

-- ----------------------------
-- Table structure for kon_privillege
-- ----------------------------
DROP TABLE IF EXISTS `kon_privillege`;
CREATE TABLE `kon_privillege` (
  `id_privillege` int(11) NOT NULL AUTO_INCREMENT,
  `id_login` int(11) NOT NULL,
  `id_menu` int(11) NOT NULL,
  `isDefault` int(1) NOT NULL DEFAULT '1',
  PRIMARY KEY (`id_privillege`),
  KEY `id_login` (`id_login`) USING BTREE,
  KEY `id_menu` (`id_menu`) USING BTREE,
  CONSTRAINT `id_login_FK` FOREIGN KEY (`id_login`) REFERENCES `kon_login` (`id_login`) ON DELETE CASCADE ON UPDATE CASCADE,
  CONSTRAINT `id_menu_FK` FOREIGN KEY (`id_menu`) REFERENCES `kon_menu` (`id_menu`) ON DELETE CASCADE ON UPDATE CASCADE
) ENGINE=InnoDB AUTO_INCREMENT=3442 DEFAULT CHARSET=latin1;

-- ----------------------------
-- Records of kon_privillege
-- ----------------------------
INSERT INTO `kon_privillege` VALUES ('3294', '11', '1', '1');
INSERT INTO `kon_privillege` VALUES ('3295', '11', '2', '1');
INSERT INTO `kon_privillege` VALUES ('3296', '11', '3', '1');
INSERT INTO `kon_privillege` VALUES ('3297', '11', '4', '1');
INSERT INTO `kon_privillege` VALUES ('3298', '11', '8', '1');
INSERT INTO `kon_privillege` VALUES ('3299', '11', '10', '1');
INSERT INTO `kon_privillege` VALUES ('3300', '11', '13', '1');
INSERT INTO `kon_privillege` VALUES ('3301', '11', '14', '1');
INSERT INTO `kon_privillege` VALUES ('3302', '11', '15', '1');
INSERT INTO `kon_privillege` VALUES ('3303', '11', '16', '1');
INSERT INTO `kon_privillege` VALUES ('3304', '11', '19', '1');
INSERT INTO `kon_privillege` VALUES ('3305', '11', '20', '1');
INSERT INTO `kon_privillege` VALUES ('3306', '11', '21', '1');
INSERT INTO `kon_privillege` VALUES ('3307', '11', '22', '1');
INSERT INTO `kon_privillege` VALUES ('3308', '11', '24', '1');
INSERT INTO `kon_privillege` VALUES ('3309', '11', '25', '1');
INSERT INTO `kon_privillege` VALUES ('3310', '11', '26', '1');
INSERT INTO `kon_privillege` VALUES ('3311', '11', '27', '1');
INSERT INTO `kon_privillege` VALUES ('3312', '11', '28', '1');
INSERT INTO `kon_privillege` VALUES ('3313', '11', '29', '1');
INSERT INTO `kon_privillege` VALUES ('3314', '11', '30', '1');
INSERT INTO `kon_privillege` VALUES ('3315', '11', '31', '1');
INSERT INTO `kon_privillege` VALUES ('3316', '11', '32', '1');
INSERT INTO `kon_privillege` VALUES ('3317', '11', '33', '1');
INSERT INTO `kon_privillege` VALUES ('3318', '11', '34', '1');
INSERT INTO `kon_privillege` VALUES ('3319', '11', '35', '1');
INSERT INTO `kon_privillege` VALUES ('3320', '11', '36', '1');
INSERT INTO `kon_privillege` VALUES ('3321', '11', '37', '1');
INSERT INTO `kon_privillege` VALUES ('3322', '11', '38', '1');
INSERT INTO `kon_privillege` VALUES ('3323', '11', '39', '1');
INSERT INTO `kon_privillege` VALUES ('3324', '11', '40', '1');
INSERT INTO `kon_privillege` VALUES ('3325', '11', '41', '1');
INSERT INTO `kon_privillege` VALUES ('3326', '11', '42', '1');
INSERT INTO `kon_privillege` VALUES ('3327', '11', '43', '1');
INSERT INTO `kon_privillege` VALUES ('3328', '11', '44', '1');
INSERT INTO `kon_privillege` VALUES ('3329', '11', '45', '1');
INSERT INTO `kon_privillege` VALUES ('3330', '11', '46', '1');
INSERT INTO `kon_privillege` VALUES ('3331', '11', '47', '1');
INSERT INTO `kon_privillege` VALUES ('3332', '11', '48', '1');
INSERT INTO `kon_privillege` VALUES ('3333', '11', '52', '1');
INSERT INTO `kon_privillege` VALUES ('3334', '11', '54', '1');
INSERT INTO `kon_privillege` VALUES ('3335', '11', '55', '1');
INSERT INTO `kon_privillege` VALUES ('3336', '11', '56', '1');
INSERT INTO `kon_privillege` VALUES ('3337', '11', '57', '1');
INSERT INTO `kon_privillege` VALUES ('3338', '11', '58', '1');
INSERT INTO `kon_privillege` VALUES ('3339', '11', '59', '1');
INSERT INTO `kon_privillege` VALUES ('3340', '11', '60', '1');
INSERT INTO `kon_privillege` VALUES ('3341', '11', '61', '1');
INSERT INTO `kon_privillege` VALUES ('3342', '11', '62', '1');
INSERT INTO `kon_privillege` VALUES ('3343', '11', '63', '1');
INSERT INTO `kon_privillege` VALUES ('3344', '11', '64', '1');
INSERT INTO `kon_privillege` VALUES ('3345', '11', '65', '1');
INSERT INTO `kon_privillege` VALUES ('3346', '11', '66', '1');
INSERT INTO `kon_privillege` VALUES ('3347', '11', '67', '1');
INSERT INTO `kon_privillege` VALUES ('3348', '11', '68', '1');
INSERT INTO `kon_privillege` VALUES ('3349', '11', '69', '1');
INSERT INTO `kon_privillege` VALUES ('3350', '11', '70', '1');
INSERT INTO `kon_privillege` VALUES ('3351', '11', '71', '1');
INSERT INTO `kon_privillege` VALUES ('3352', '11', '72', '1');
INSERT INTO `kon_privillege` VALUES ('3353', '11', '73', '1');
INSERT INTO `kon_privillege` VALUES ('3354', '11', '74', '1');
INSERT INTO `kon_privillege` VALUES ('3355', '11', '75', '1');
INSERT INTO `kon_privillege` VALUES ('3356', '11', '76', '1');
INSERT INTO `kon_privillege` VALUES ('3357', '11', '77', '1');
INSERT INTO `kon_privillege` VALUES ('3358', '11', '78', '1');
INSERT INTO `kon_privillege` VALUES ('3359', '11', '79', '1');
INSERT INTO `kon_privillege` VALUES ('3360', '11', '80', '1');
INSERT INTO `kon_privillege` VALUES ('3361', '11', '81', '1');
INSERT INTO `kon_privillege` VALUES ('3362', '11', '82', '1');
INSERT INTO `kon_privillege` VALUES ('3363', '11', '83', '1');
INSERT INTO `kon_privillege` VALUES ('3364', '11', '84', '1');
INSERT INTO `kon_privillege` VALUES ('3365', '11', '85', '1');
INSERT INTO `kon_privillege` VALUES ('3366', '11', '86', '1');
INSERT INTO `kon_privillege` VALUES ('3367', '11', '87', '1');
INSERT INTO `kon_privillege` VALUES ('3368', '11', '88', '1');
INSERT INTO `kon_privillege` VALUES ('3369', '11', '89', '1');
INSERT INTO `kon_privillege` VALUES ('3370', '11', '90', '1');
INSERT INTO `kon_privillege` VALUES ('3371', '11', '91', '1');
INSERT INTO `kon_privillege` VALUES ('3372', '11', '92', '1');
INSERT INTO `kon_privillege` VALUES ('3373', '11', '93', '1');
INSERT INTO `kon_privillege` VALUES ('3374', '11', '94', '1');
INSERT INTO `kon_privillege` VALUES ('3375', '11', '95', '1');
INSERT INTO `kon_privillege` VALUES ('3376', '11', '96', '1');
INSERT INTO `kon_privillege` VALUES ('3377', '11', '97', '1');
INSERT INTO `kon_privillege` VALUES ('3378', '11', '98', '1');
INSERT INTO `kon_privillege` VALUES ('3379', '11', '99', '1');
INSERT INTO `kon_privillege` VALUES ('3380', '11', '100', '1');
INSERT INTO `kon_privillege` VALUES ('3381', '11', '101', '1');
INSERT INTO `kon_privillege` VALUES ('3382', '11', '102', '1');
INSERT INTO `kon_privillege` VALUES ('3383', '11', '103', '1');
INSERT INTO `kon_privillege` VALUES ('3384', '11', '104', '1');
INSERT INTO `kon_privillege` VALUES ('3385', '11', '105', '1');
INSERT INTO `kon_privillege` VALUES ('3386', '11', '106', '1');
INSERT INTO `kon_privillege` VALUES ('3387', '11', '107', '1');
INSERT INTO `kon_privillege` VALUES ('3388', '11', '108', '1');
INSERT INTO `kon_privillege` VALUES ('3389', '11', '109', '1');
INSERT INTO `kon_privillege` VALUES ('3390', '11', '110', '1');
INSERT INTO `kon_privillege` VALUES ('3391', '11', '111', '1');
INSERT INTO `kon_privillege` VALUES ('3392', '11', '112', '1');
INSERT INTO `kon_privillege` VALUES ('3393', '11', '113', '1');
INSERT INTO `kon_privillege` VALUES ('3394', '11', '114', '1');
INSERT INTO `kon_privillege` VALUES ('3395', '11', '115', '1');
INSERT INTO `kon_privillege` VALUES ('3396', '11', '116', '1');
INSERT INTO `kon_privillege` VALUES ('3397', '11', '117', '1');
INSERT INTO `kon_privillege` VALUES ('3398', '11', '119', '1');
INSERT INTO `kon_privillege` VALUES ('3399', '11', '120', '1');
INSERT INTO `kon_privillege` VALUES ('3400', '11', '121', '1');
INSERT INTO `kon_privillege` VALUES ('3401', '11', '122', '1');
INSERT INTO `kon_privillege` VALUES ('3402', '11', '123', '1');
INSERT INTO `kon_privillege` VALUES ('3403', '11', '124', '1');
INSERT INTO `kon_privillege` VALUES ('3404', '11', '125', '1');
INSERT INTO `kon_privillege` VALUES ('3405', '11', '126', '1');
INSERT INTO `kon_privillege` VALUES ('3406', '11', '127', '1');
INSERT INTO `kon_privillege` VALUES ('3407', '11', '128', '1');
INSERT INTO `kon_privillege` VALUES ('3408', '11', '129', '1');
INSERT INTO `kon_privillege` VALUES ('3409', '11', '130', '1');
INSERT INTO `kon_privillege` VALUES ('3410', '11', '131', '1');
INSERT INTO `kon_privillege` VALUES ('3411', '11', '132', '1');
INSERT INTO `kon_privillege` VALUES ('3412', '11', '133', '1');
INSERT INTO `kon_privillege` VALUES ('3413', '11', '134', '1');
INSERT INTO `kon_privillege` VALUES ('3414', '11', '135', '1');
INSERT INTO `kon_privillege` VALUES ('3415', '11', '136', '1');
INSERT INTO `kon_privillege` VALUES ('3416', '11', '137', '1');
INSERT INTO `kon_privillege` VALUES ('3417', '11', '138', '1');
INSERT INTO `kon_privillege` VALUES ('3418', '11', '139', '1');
INSERT INTO `kon_privillege` VALUES ('3419', '11', '140', '1');
INSERT INTO `kon_privillege` VALUES ('3420', '11', '141', '1');
INSERT INTO `kon_privillege` VALUES ('3421', '11', '142', '1');
INSERT INTO `kon_privillege` VALUES ('3422', '11', '143', '1');
INSERT INTO `kon_privillege` VALUES ('3423', '11', '144', '1');
INSERT INTO `kon_privillege` VALUES ('3424', '11', '145', '1');
INSERT INTO `kon_privillege` VALUES ('3425', '11', '146', '1');
INSERT INTO `kon_privillege` VALUES ('3426', '11', '147', '1');
INSERT INTO `kon_privillege` VALUES ('3427', '11', '148', '1');
INSERT INTO `kon_privillege` VALUES ('3428', '11', '149', '1');
INSERT INTO `kon_privillege` VALUES ('3429', '11', '150', '1');
INSERT INTO `kon_privillege` VALUES ('3430', '11', '151', '1');
INSERT INTO `kon_privillege` VALUES ('3431', '11', '152', '1');
INSERT INTO `kon_privillege` VALUES ('3432', '11', '153', '1');
INSERT INTO `kon_privillege` VALUES ('3433', '11', '154', '1');
INSERT INTO `kon_privillege` VALUES ('3434', '11', '155', '1');
INSERT INTO `kon_privillege` VALUES ('3435', '11', '156', '1');
INSERT INTO `kon_privillege` VALUES ('3436', '11', '157', '1');
INSERT INTO `kon_privillege` VALUES ('3437', '11', '158', '1');
INSERT INTO `kon_privillege` VALUES ('3438', '11', '159', '1');
INSERT INTO `kon_privillege` VALUES ('3439', '11', '160', '1');
INSERT INTO `kon_privillege` VALUES ('3440', '11', '161', '1');
INSERT INTO `kon_privillege` VALUES ('3441', '11', '162', '1');

-- ----------------------------
-- Table structure for kon_warna
-- ----------------------------
DROP TABLE IF EXISTS `kon_warna`;
CREATE TABLE `kon_warna` (
  `id_warna` int(11) NOT NULL AUTO_INCREMENT,
  `warna` varchar(25) NOT NULL,
  PRIMARY KEY (`id_warna`)
) ENGINE=InnoDB AUTO_INCREMENT=48 DEFAULT CHARSET=latin1;

-- ----------------------------
-- Records of kon_warna
-- ----------------------------
INSERT INTO `kon_warna` VALUES ('1', 'black');
INSERT INTO `kon_warna` VALUES ('2', 'white');
INSERT INTO `kon_warna` VALUES ('3', 'lime');
INSERT INTO `kon_warna` VALUES ('4', 'green');
INSERT INTO `kon_warna` VALUES ('5', 'emerald');
INSERT INTO `kon_warna` VALUES ('6', 'teal');
INSERT INTO `kon_warna` VALUES ('7', 'cyan');
INSERT INTO `kon_warna` VALUES ('8', 'cobalt');
INSERT INTO `kon_warna` VALUES ('9', 'indigo');
INSERT INTO `kon_warna` VALUES ('10', 'violet');
INSERT INTO `kon_warna` VALUES ('11', 'pink');
INSERT INTO `kon_warna` VALUES ('12', 'magenta');
INSERT INTO `kon_warna` VALUES ('13', 'crimson');
INSERT INTO `kon_warna` VALUES ('14', 'red');
INSERT INTO `kon_warna` VALUES ('15', 'orange');
INSERT INTO `kon_warna` VALUES ('16', 'amber');
INSERT INTO `kon_warna` VALUES ('17', 'yellow');
INSERT INTO `kon_warna` VALUES ('18', 'brown');
INSERT INTO `kon_warna` VALUES ('19', 'olive');
INSERT INTO `kon_warna` VALUES ('20', 'steel');
INSERT INTO `kon_warna` VALUES ('21', 'mauve');
INSERT INTO `kon_warna` VALUES ('22', 'taupe');
INSERT INTO `kon_warna` VALUES ('23', 'gray');
INSERT INTO `kon_warna` VALUES ('24', 'dark');
INSERT INTO `kon_warna` VALUES ('25', 'darker');
INSERT INTO `kon_warna` VALUES ('26', 'transparent');
INSERT INTO `kon_warna` VALUES ('27', 'darkBrown');
INSERT INTO `kon_warna` VALUES ('28', 'darkCrimson');
INSERT INTO `kon_warna` VALUES ('29', 'darkMagenta');
INSERT INTO `kon_warna` VALUES ('30', 'darkIndigo');
INSERT INTO `kon_warna` VALUES ('31', 'darkCyan');
INSERT INTO `kon_warna` VALUES ('32', 'darkCobalt');
INSERT INTO `kon_warna` VALUES ('33', 'darkTeal');
INSERT INTO `kon_warna` VALUES ('34', 'darkEmerald');
INSERT INTO `kon_warna` VALUES ('35', 'darkGreen');
INSERT INTO `kon_warna` VALUES ('36', 'darkOrange');
INSERT INTO `kon_warna` VALUES ('37', 'darkRed');
INSERT INTO `kon_warna` VALUES ('38', 'darkPink');
INSERT INTO `kon_warna` VALUES ('39', 'darkViolet');
INSERT INTO `kon_warna` VALUES ('40', 'darkBlue');
INSERT INTO `kon_warna` VALUES ('41', 'lightBlue');
INSERT INTO `kon_warna` VALUES ('42', 'lightTeal');
INSERT INTO `kon_warna` VALUES ('43', 'lightOlive');
INSERT INTO `kon_warna` VALUES ('44', 'lightOrange');
INSERT INTO `kon_warna` VALUES ('45', 'lightPink');
INSERT INTO `kon_warna` VALUES ('46', 'lightRed');
INSERT INTO `kon_warna` VALUES ('47', 'lightGreen');
