<filters>
    <filter>
        <rule><![CDATA[(?:"+.*>)|(?:\s?\/>)|(?:>")]]></rule>
        <description>finds html breaking injections including whitespace attacks</description>
        <tags>
            <tag>xss</tag>
            <tag>csrf</tag>
        </tags>
        <impact>4</impact>
    </filter>
    <filter>
        <rule><![CDATA[(?:"+.*[<=]\s*"[^"]+")|(?:"\w+\s*=)|(?:>\w=\/)|(?:#.+\)["\s]*>)]]></rule>
        <description>finds attribute breaking injections including whitespace attacks</description>
        <tags>
            <tag>xss</tag>
            <tag>csrf</tag>
        </tags>
        <impact>4</impact>
    </filter>
    <filter>
        <rule><![CDATA[(?:^>[\w\s]*<\/?\w{2,}>)]]></rule>
        <description>finds unquoted attribute breaking injections</description>
        <tags>
            <tag>xss</tag>
            <tag>csrf</tag>
        </tags>
        <impact>2</impact>
    </filter>
    <filter>
        <rule><![CDATA[(?:[\s\/"]+[-\w\/\\\*]+\s*=.+(?:[")]|(?:\/\s*>)))]]></rule>
        <description>finds attribute breaking injections including obfuscated attributes</description>
        <tags>
            <tag>xss</tag>
            <tag>csrf</tag>
        </tags>
        <impact>4</impact>
    </filter>    
    <filter>
        <rule><![CDATA[(?:;\W*URL\s*=)|(?:[^\w\s\/]\s*(?:location|referrer|name)\s*[^\w\s-])|(?:{[^:]+:[^}]+})]]></rule>
        <description>Detects url-, name-, JSON, and referrer-contained payload attacks</description>
        <tags>
            <tag>xss</tag>
            <tag>csrf</tag>
        </tags>
        <impact>5</impact>
    </filter>
    <filter>
        <rule><![CDATA[(?:\W\s*hash\s*[^\w\s-])|(?:\w+=\W*[^,]*,[^\s(]\s*\()|(?:\?"[^\s"]":)|(?:(?<!\/)__[a-z]+__)|(?:(?:^|\s)setter\s*=)]]></rule>
        <description>Detects hash-contained xss payload attacks, setter usage and property overloading</description>
        <tags>
            <tag>xss</tag>
            <tag>csrf</tag>
        </tags>
        <impact>5</impact>
    </filter>
    <filter>
        <rule><![CDATA[(?:with\s*\(\s*.+\s*\)\s*\w+\s*\()|(?:(?:do|while|for)\s*\([^)]*\)\s*\{)|(?:\/[\w\s]*\[\W*\w)]]></rule>
        <description>Detects self contained xss via with(), common loops and regex to string conversion</description>
        <tags>
            <tag>xss</tag>
            <tag>csrf</tag>
        </tags>
        <impact>5</impact>
    </filter>
    <filter>
        <rule><![CDATA[(?:with\([^)]*\)\))|(?:\.\s*source\W)|(?:\?[^:]+:[^;]+;)|(?:>\s*[,;.])]]></rule>
        <description>Detects JavaScript with(), ternary operators and XML predicate attacks</description>
        <tags>
            <tag>xss</tag>
            <tag>csrf</tag>
        </tags>
        <impact>5</impact>
    </filter>
    <filter>
        <rule><![CDATA[(?:(?<!(?:Mozilla\/\d\.\d\s))\([^)[]+\[[^\]]+\][^)]*\))|(?:[^\s][{([][^({[]+[{([][^}\])]+[}\])][\s+",\d]*[}\])])|(?:"\)?\]\W*\[)|(?:=\s*[^\s:;]+\s*[{([][^}\])]+[}\])];)]]></rule>
        <description>Detects self-executing JavaScript functions</description>
        <tags>
            <tag>xss</tag>
            <tag>csrf</tag>
        </tags>
        <impact>5</impact>
    </filter>
    <filter>
        <rule><![CDATA[(?:\\u00[a-f0-9]{2})|(?:\\x0*[a-f0-9]{2})|(?:\\\d{2,3})|(?:\W?=\W?\s*0x\w+)]]></rule>
        <description>Detects the IE octal, hex and unicode entities</description>
        <tags>
            <tag>xss</tag>
            <tag>csrf</tag>
        </tags>
        <impact>2</impact>
    </filter>
    <filter>
        <rule><![CDATA[(?:(?:\/|\\)?\.\.(\/|\\)(?:\.\.)?)|(?:\w+\.exe\??\s)|(?:;\s*\w+\s*\/[\w*-]+\/)|(?:\d\.\dx\|)|(?:%(?:c0\.|af\.|5c\.))|(?:\/(?:%2e){2})]]></rule>
        <description>Detects basic directory traversal</description>
        <tags>
            <tag>dt</tag>
            <tag>id</tag>
            <tag>lfi</tag>
        </tags>
        <impact>5</impact>
    </filter>
    <filter>
        <rule><![CDATA[(?:(?:\/|\\)+(bin|home|conf|usr|etc|proc|opt|sbin|local|dev|tmp|kern|boot|root|sys|system|windows|winnt|program|%[a-z_-]{3,}%)(?:\/|\\))|(?:(?:\/|\\)+inetpub|localstart\.asp|boot\.ini)]]></rule>
        <description>Detects specific directory and path traversal</description>
        <tags>
            <tag>dt</tag>
            <tag>id</tag>
            <tag>lfi</tag>
        </tags>
        <impact>5</impact>
    </filter>
    <filter>
        <rule><![CDATA[(?:etc\/\W*passwd)]]></rule>
        <description>Detects etc/passwd inclusion attempts</description>
        <tags>
            <tag>dt</tag>
            <tag>id</tag>
            <tag>lfi</tag>
        </tags>
        <impact>5</impact>
    </filter>
    <filter>
        <rule><![CDATA[(?:%u(?:ff|00|e\d)\w\w)|(?:(?:%(?:e\w|c[^3\W]|))(?:%\w\w)(?:%\w\w)?)]]></rule>
        <description>Detects halfwidth/fullwidth encoded unicode HTML breaking attempts</description>
        <tags>
            <tag>xss</tag>
            <tag>csrf</tag>
        </tags>
        <impact>3</impact>
    </filter>
    <filter>
        <rule><![CDATA[(?:\w+script:|@import[^\w]|;base64|base64,)|(?:\w+\s*\([\w\s]+,[\w\s]+,[\w\s]+,[\w\s]+,[\w\s]+,[\w\s]+\))]]></rule>
        <description>Detects possible includes and packed functions</description>
        <tags>
            <tag>xss</tag>
            <tag>csrf</tag>
            <tag>id</tag>
            <tag>rfe</tag>
        </tags>
        <impact>5</impact>
    </filter>
    <filter>
        <rule><![CDATA[([^:\s\w,.-\/?+]\s*)?(?<![a-z]\s|[a-z\/_@-])(\s*return\s*)?(?:create(?:Element|Attribute|TextNode)|\w+Events?|getElement\w+|appendChild|createRange|createContextualFragment|removeNode|parentNode|decodeURIComponent|\wetTimeout|userAgent)(?(1)[^\w%"]|(?:\s*[^\s\w%",.+-]))]]></rule>
        <description>Detects JavaScript DOM/miscellaneous properties and methods</description>
        <tags>
            <tag>xss</tag>
            <tag>csrf</tag>
            <tag>id</tag>
            <tag>rfe</tag>
        </tags>
        <impact>6</impact>
    </filter>
    <filter>
        <rule><![CDATA[([^:\s\w,.-\/?+]\s*)?(?<![a-z]\s|[a-z\/_@-])(\s*return\s*)?(?:alert|isnan|isnull|msgbox|expression|prompt|write(?:ln)?|confirm|dialog|urn|(?:un)?eval|exec|toString|Execute|window|unescape|navigate)(?(1)[^\w%"]|(?:\s*[^\s\w%",.+-]))]]></rule>
        <description>Detects possible includes and typical script methods</description>
        <tags>
            <tag>xss</tag>
            <tag>csrf</tag>
            <tag>id</tag>
            <tag>rfe</tag>
        </tags>
        <impact>5</impact>
    </filter>
    <filter>
        <rule><![CDATA[([^:\s\w,.-\/?+]\s*)?(?<![a-z]\s|[a-z\/_@-])(\s*return\s*)?(?:hash|name|href|source|pathname|close|port|protocol|search|replace|back|forward|go|document|window|self|this|parent|frames|_?content|date|cookie|innerhtml|innertext|outerhtml|print|moveby|resizeto)(?(1)[^\w%"]|(?:\s*[^\s\w%",.+-]))]]></rule>
        <description>Detects JavaScript object properties and methods</description>
        <tags>
            <tag>xss</tag>
            <tag>csrf</tag>
            <tag>id</tag>
            <tag>rfe</tag>
        </tags>
        <impact>4</impact>
    </filter>
    <filter>
        <rule><![CDATA[([^:\s\w,.-\/?+]\s*)?(?<![a-z]\s|[a-z\/_@-])(\s*return\s*)?(?:join|pop|push|reverse|shift|slice|splice|sort|unshift)(?(1)[^\w%"]|(?:\s*[^\s\w%",.+-]))]]></rule>
        <description>Detects JavaScript array properties and methods</description>
        <tags>
            <tag>xss</tag>
            <tag>csrf</tag>
            <tag>id</tag>
            <tag>rfe</tag>
        </tags>
        <impact>4</impact>
    </filter>
    <filter>
        <rule><![CDATA[([^:\s\w,.-\/?+]\s*)?(?<![a-z]\s|[a-z\/_@-])(\s*return\s*)?(?:atob|btoa|charat|charcodeat|concat|crypto|frames|fromcharcode|indexof|lastindexof|match|navigator|replace|regexp|search|slice|split|status|substr|substring|escape)(?(1)[^\w%"]|(?:\s*[^\s\w%",.+-]))]]></rule>
        <description>Detects JavaScript string properties and methods</description>
        <tags>
            <tag>xss</tag>
            <tag>csrf</tag>
            <tag>id</tag>
            <tag>rfe</tag>
        </tags>
        <impact>4</impact>
    </filter>
    <filter>
        <rule><![CDATA[([^:\s\w,.-\/?+]\s*)?(?<![a-z]\s|[a-z\/_@-])(\s*return\s*)?(?:globalStorage|sessionStorage|postMessage|callee|constructor|content|prototype|try|catch|top|call|apply|with|function|object|array|string|math|regex|boolean|location|settimeout|setinterval|void)(?(1)[^\w%"]|(?:\s*[^\s\w%",.+-]))]]></rule>
        <description>Detects JavaScript language constructs</description>
        <tags>
            <tag>xss</tag>
            <tag>csrf</tag>
            <tag>id</tag>
            <tag>rfe</tag>
        </tags>
        <impact>4</impact>
    </filter>
    <filter>
        <rule><![CDATA[(?:,\s*(?:alert|eval)\s*,)|(?:=.*:\s*\w+\s)|(?::\s*eval\s*[^\s])|([^:\s\w,.-\/?+]\s*)?(?<![a-z]\s|[a-z\/_@])(\s*return\s*)?(?:(?:document\s*\.)?(?:.+\/)?(?:alert|eval|msgbox|prompt|write(?:ln)?|confirm|dialog|open))(?(1)[^\w]|(?:\s*[^\s\w,.+-]))|(?:java[\s\/]*\.[\s\/]*lang)|(?:\w\s*=\s*new\s+\w+)]]></rule>
        <description>Detects very basic XSS probings</description>
        <tags>
            <tag>xss</tag>
            <tag>csrf</tag>
            <tag>id</tag>
            <tag>rfe</tag>
        </tags>
        <impact>3</impact>
    </filter>
    <filter>
        <rule><![CDATA[(?:\W\s*(?:location|document)\s*\W[^({[;]+[({[;])|(?:\(\w+\?[:\w]+\))]]></rule>
        <description>Detects JavaScript location/document property access</description>
        <tags>
            <tag>xss</tag>
            <tag>csrf</tag>
        </tags>
        <impact>5</impact>
    </filter>    
    <filter>
        <rule><![CDATA[(?:\/[\w\s]+\/\.)|(?:,.+=.+(\?|,).*\))|(?:=\s*\/\w+\/\s*\.)|(?:\[\s*\/\w+)]]></rule>
        <description>Detects basic obfuscated JavaScript script injections</description>
        <tags>
            <tag>xss</tag>
            <tag>csrf</tag>
        </tags>
        <impact>5</impact>
    </filter>
    <filter>
        <rule><![CDATA[(?:\w+\[("\w+"|\w+\|\|))|(?:[\d\W]\|\|[\d\W]|\W=\w+,)|(?:\/\s*\+\s*[a-z"])|(?:=\s*\$[^([]*\()]]></rule>
        <description>Detects obfuscated JavaScript script injections</description>
        <tags>
            <tag>xss</tag>
            <tag>csrf</tag>
        </tags>
        <impact>5</impact>
    </filter>
    <filter>
        <rule><![CDATA[(?:[^:\s\w]+\s*[^\w\/](href|protocol|host\w*|pathname|search|hash|port|cookie)[^\w])]]></rule>
        <description>Detects JavaScript cookie stealing and redirection attempts</description>
        <tags>
            <tag>xss</tag>
            <tag>csrf</tag>
        </tags>
        <impact>4</impact>
    </filter>
    <filter>
        <rule><![CDATA[(?:data:(?:.)*,)|(?:\w+\s*=\W*(?!https?)\w+:)|(jar:\w+:)]]></rule>
        <description>Detects data: URL injections and common URI schemes</description>
        <tags>
            <tag>xss</tag>
            <tag>rfe</tag>
        </tags>
        <impact>5</impact>
    </filter>
    <filter>
        <rule><![CDATA[(?:firefoxurl:\w+\|)|(?:(?:file|res|telnet|nntp|news|mailto|chrome)\s*:\s*[%&#xu\/]+)|(wyciwyg|firefoxurl\s*:\s*\/\s*\/)]]></rule>
        <description>Detects IE firefoxurl injections, cache poisoning attempts and local file inclusion/execution</description>
        <tags>
            <tag>xss</tag>
            <tag>rfe</tag>
            <tag>lfi</tag>
            <tag>xsrf</tag>
        </tags>
        <impact>5</impact>
    </filter>
    <filter>
        <rule><![CDATA[(?:binding\s?=|moz-binding|behavior\s?=)|(?:[\s\/]style\s*=\s*[-\\])]]></rule>
        <description>Detects bindings and behavior injections</description>
        <tags>
            <tag>xss</tag>
            <tag>csrf</tag>
            <tag>rfe</tag>
        </tags>
        <impact>4</impact>
    </filter>
    <filter>
        <rule><![CDATA[(?:!+\s*[\d.,]+\w?\d*\s*\?)|(?:=\s*\[s*\])|(?:;[^q\s]+=)|(?:\s*==\s*\w)|(?:[\d\W]["\s]*:\s*")|(?:"\s*\+\s*")|(?:[^\s]\[\s*\d+\s*\]\s*[;+])|(?:"\s*[&|]+\s*")|(?:\/\s*\?\s*")|(?:\/\s*\)\s*\[)|(?:\d\?.+:\d)|(?:]\s*\[\W*\w)|(?:[^\s]\s*=\s*\/)]]></rule>
        <description>Detects common XSS concatenation patterns 1/2</description>
        <tags>
            <tag>xss</tag>
            <tag>csrf</tag>
            <tag>id</tag>
            <tag>rfe</tag>
        </tags>
        <impact>4</impact>
    </filter>
    <filter>
        <rule><![CDATA[(?:=\s*\d*\.\d*\?\d*\.\d*)|(?:[|&]{2,}\s*")|(?:!\d+\.\d*\?")|(?:\/:[\w.]+,)|(?:=.+[\d\W]*\s*\[[^]]+\])|(?:\?\w+:\w+)|(?:\W\+\s*\w+\s*[)}\]])|(?::\s*\d\s*;)|(?:\w+\s*(!=|==)=?\s*\w+)|(?:!\s*0\s*\?)|(?:[\W\d]\.\w+\s*,)]]></rule>
        <description>Detects common XSS concatenation patterns 2/2</description>
        <tags>
            <tag>xss</tag>
            <tag>csrf</tag>
            <tag>id</tag>
            <tag>rfe</tag>
        </tags>
        <impact>4</impact>
    </filter>
    <filter>
        <rule><![CDATA[(?:[^\w\s=]on(?!g\&gt;)\w+[^=_+-]*=[^$]+(?:\W|\&gt;)?)]]></rule>
        <description>Detects possible event handlers</description>
        <tags>
            <tag>xss</tag>
            <tag>csrf</tag>
        </tags>
        <impact>4</impact>
    </filter>
    <filter>
        <rule><![CDATA[(?:\<\w*:?s(?:[^\>]*)t(?!rong))|(?:\<scri)|(<\w+:\w+)]]></rule>
        <description>Detects obfuscated script tags and XML wrapped HTML</description>
        <tags>
            <tag>xss</tag>
        </tags>
        <impact>4</impact>
    </filter>
    <filter>
        <rule><![CDATA[(?:\<\/\w+\s\w+)]]></rule>
        <description>Detects attributes in closing tags (IE-only issue)</description>
        <tags>
            <tag>xss</tag>
            <tag>csrf</tag>
        </tags>
        <impact>3</impact>
    </filter>
    <filter>
        <rule><![CDATA[(?:\<!-|-->)|(?:\/\*|\*\/)|(?:(?:#|--|{)$)|(?:\/{3,}.*$)|(?:<!\[)|(?:\]!>)]]></rule>
        <description>Detects common comment types</description>
        <tags>
            <tag>xss</tag>
            <tag>csrf</tag>
            <tag>id</tag>
        </tags>
        <impact>3</impact>
    </filter>
    <filter>
        <rule><![CDATA[(?:--.*>)|(?:opera\s*\.\s*\w+\s*\()]]></rule>
        <description>Detects comments to exploit firefox' faulty rendering and proprietary opera attacks</description>
        <tags>
            <tag>xss</tag>
            <tag>csrf</tag>
            <tag>id</tag>
        </tags>
        <impact>3</impact>
    </filter>
    <filter>
        <rule><![CDATA[(?:\<base\s+)|(?:<!(?:ELEMENT|ENTITY|\[CDATA))]]></rule>
        <description>Detects base href injections and XML entity injections</description>
        <tags>
            <tag>xss</tag>
            <tag>csrf</tag>
            <tag>id</tag>
        </tags>
        <impact>5</impact>
    </filter>
    <filter>
        <rule><![CDATA[(?:\<[\/]?(?:[i]?frame|script|input|button|textarea|style|base|body|meta|link|object|embed|param|plaintext|xmp|image|im(?:g|port)))]]></rule>
        <description>Detects possibly malicious html elements including some attributes</description>
        <tags>
            <tag>xss</tag>
            <tag>csrf</tag>
            <tag>id</tag>
            <tag>rfe</tag>
            <tag>lfi</tag>
        </tags>
        <impact>4</impact>
    </filter>   
    <filter>
        <rule><![CDATA[(?:\\x[01FE]\w)|(?:%[01FE]\w)|(?:&#[01FE]\w)|(?:\\[01FE][0-9a-f])|(?:&#x[01FE]\w)|(?:0x[01FE])\w]]></rule>
        <description>Detects nullbytes and HTTP response splitting</description>
        <tags>
            <tag>id</tag>
            <tag>rfe</tag>
            <tag>xss</tag>
        </tags>
        <impact>5</impact>
    </filter>   
    <filter>
        <rule><![CDATA[(?:"\s*(?:#|--|{))|(?:\/\*!\s?\d+)|(?:ch(?:a)?r\s*\(\s*\d)|(?:(?:AND|OR|XOR|NAND|NOT|\|\||\&\&)\s*\w+\()]]></rule>
        <description>Detects MySQL comments, conditions and ch(a)r injections</description>
        <tags>
            <tag>sqli</tag>
            <tag>id</tag>
            <tag>lfi</tag>
        </tags>
        <impact>6</impact>
    </filter>   
    <filter>
        <rule><![CDATA[(?:HAVING\s+[\d\w]\s?=)|(?:IF\s?\([\d\w]\s?=)]]></rule>
        <description>Detects conditional SQL injection attempts</description>
        <tags>
            <tag>sqli</tag>
            <tag>id</tag>
            <tag>lfi</tag>
        </tags>
        <impact>4</impact>
    </filter>   
    <filter>
        <rule><![CDATA[(?:\\x(?:23|27|3D))|(?:^.?"$)|(?:^.*\\".+(?<!\\)")|(?:(?:^["\\]*(?:[\d"]+|[^"]+"))+\s*(?:AND|OR|XOR|NAND|NOT|\|\||\&\&)\s*[\d"[+&!-@])|(?:\W\w+\s*[|-]\s*"\s*\w)|(?:@\w+\s+(AND|OR)\s*["\d]+)]]></rule>
        <description>Detects classic SQL injection probings 1/2</description>
        <tags>
            <tag>sqli</tag>
            <tag>id</tag>
            <tag>lfi</tag>
        </tags>
        <impact>6</impact>
    </filter>  
    <filter>
        <rule><![CDATA[(?:"\s*\*.+(?:OR|ID)\W*"\d)|(?:\^")|(?:^[\w\s-"]+(?<=AND|OR|XOR|NAND|NOT|\|\||\&\&)\w+\()|(?:"[\s\d]*[^\w\s]+\W*\d\W*.*["\d])|(?:"\s*[^\w\s]+\s*[^\w\s]+\s*")|(?:"\s*[^\w\s]+\s*[\W\d].*(?:#|--))|(?:".*\*\s*\d)|(?:"\s*or\s[\w-]+[\s=*])]]></rule>
        <description>Detects classic SQL injection probings 2/2</description>
        <tags>
            <tag>sqli</tag>
            <tag>id</tag>
            <tag>lfi</tag>
        </tags>
        <impact>6</impact>
    </filter> 
    <filter>
        <rule><![CDATA[(?:^admin\s*"|(\/\*)+"+\s?(?:--|#|\/\*|{)?)|(?:"\s*OR[\w\s-]+\s*[+-<>=]\s*[\d"])|(?:"\s*[^\w\s]?=\s*")|(?:"\W*[+=]+\W*")|(?:"\s*[!=|][\d\s!=+-]+.*["(].*$)|(?:"\s*[!=|][\d\s!=]+.*\d+$)|(?:"\s*LIKE[+-=\s]+[\d"(])|(?:\sis\s*0\W)]]></rule>
        <description>Detects basic SQL authentication bypass attempts 1/3</description>
        <tags>
            <tag>sqli</tag>
            <tag>id</tag>
            <tag>lfi</tag>
        </tags>
        <impact>7</impact>
    </filter> 
    <filter>
        <rule><![CDATA[(?:UNION\s*(?:ALL)?\s*[([]\s*SELECT)|(?:LIKE\s*"\%)|(?:"\s*LIKE\W*["\d])|(?:"\s*(?:AND|OR|XOR|NAND|NOT|\|\||\&\&)\s+[\s\w]+=\s*\w+\s*HAVING)|(?:(?:AND|OR|XOR|NAND|NOT|\|\||\&\&)\s[\w-]+\s*[=&^].*["\d])|(?:"\s*\*\s*\w+\W+")]]></rule>
        <description>Detects basic SQL authentication bypass attempts 2/3</description>
        <tags>
            <tag>sqli</tag>
            <tag>id</tag>
            <tag>lfi</tag>
        </tags>
        <impact>7</impact>
    </filter>
     <filter>
        <rule><![CDATA[(?:(?:AND|OR|XOR|NAND|NOT|\|\||\&\&)\s+[\s\w+]+(?:REGEXP\s*\(|SOUNDS\s+LIKE\s*"|[=\d]+x))|("\s*\d\s*(?:--|#))|(?:"[%&<>^=]+\d\s*(=|OR))|(?:"\W+[\w+-]+\s*=\s*\d\W+")|(?:"\s*is\s*\d.+"?\w)|(?:"\|?[\w-]{3,}[^\w\s]+")|(?:"\s*is\s*\w\s*\W.*")]]></rule>
        <description>Detects basic SQL authentication bypass attempts 3/3</description>
        <tags>
            <tag>sqli</tag>
            <tag>id</tag>
            <tag>lfi</tag>
        </tags>
        <impact>7</impact>
    </filter> 
    <filter>
        <rule><![CDATA[(?:^\s*[;>"]\s*(?:UNION|SELECT|CREATE|RENAME|TRUNCATE|LOAD|ALTER|DELETE|UPDATE|INSERT|DESC))|(?:(?:SELECT|CREATE|RENAME|TRUNCATE|LOAD|ALTER|DELETE|UPDATE|INSERT|DESC)\s+(?:CONCAT|CHAR|CONCAT|LOAD_FILE|0x)\s?\(?)|(?:END\s*\);)|("\s+REGEXP\W)]]></rule>
        <description>Detects concatenated basic SQL injection and SQLLFI attempts</description>
        <tags>
            <tag>sqli</tag>
            <tag>id</tag>
            <tag>lfi</tag>
        </tags>
        <impact>5</impact>
    </filter>
    <filter>
        <rule><![CDATA[(?:\d\s+GROUP\s+BY.+\()|(?:(?:;|#|--)\s*(?:DROP|ALTER))|(?:(?:;|#|--)\s*(?:UPDATE|INSERT)\s*\w{2,})|(?:[^\w]SET\s*@\w+)|(?:(?:AND|OR|XOR|NAND|NOT|\|\||\&\&)[\s\w]+[!=+]+[\s\d]*["=(])]]></rule>
        <description>Detects chained SQL injection attempts 1/2</description>
        <tags>
            <tag>sqli</tag>
            <tag>id</tag>
        </tags>
        <impact>6</impact>
    </filter>
    <filter>
        <rule><![CDATA[(?:\*\/FROM)|(?:\w"\s*(?:[-+=|@]+\s*)+[\d(])|(?:COALESCE\s*\(|@@\w+\s*[^\w\s])|(?:\W!+"\w)|(?:";\s*(?:if|while|begin))|(?:"[\s\d]+=\s*\d)]]></rule>
        <description>Detects chained SQL injection attempts 2/2</description>
        <tags>
            <tag>sqli</tag>
            <tag>id</tag>
        </tags>
        <impact>6</impact>
    </filter>
    <filter>
        <rule><![CDATA[(?:(SELECT|;)\s+(?:BENCHMARK|IF|SLEEP)\s?\(\s?\(?\s?\w+)]]></rule>
        <description>Detects SQL benchmark and sleep injection attempts including conditional queries</description>
        <tags>
            <tag>sqli</tag>
            <tag>id</tag>
        </tags>
        <impact>4</impact>
    </filter>
    <filter>
        <rule><![CDATA[(?:CREATE\s+function\s+\w+\s+returns)|(?:;\s*(?:SELECT|CREATE|RENAME|TRUNCATE|LOAD|ALTER|DELETE|UPDATE|INSERT|DESC)\s*\w{2,})]]></rule>
        <description>Detects MySQL UDF injection and other data/structure manipulation attempts</description>
        <tags>
            <tag>sqli</tag>
            <tag>id</tag>
        </tags>
        <impact>6</impact>
    </filter>
    <filter>
        <rule><![CDATA[(?:ALTER\s*\w+.*CHARACTER\s+SET\s+\w+)|(";\s*WAITFOR\s+TIME\s+")|(?:";.*:\s*GOTO)]]></rule>
        <description>Detects MySQL charset switch and MSSQL DoS attempts</description>
        <tags>
            <tag>sqli</tag>
            <tag>id</tag>
        </tags>
        <impact>6</impact>
    </filter>
    <filter>
        <rule><![CDATA[(?:CREATE\s+(PROCEDURE|FUNCTION)\s*\w+\s*\(\s*\)\s*-)|(?:declare[^\w]+[@#]\s*\w+)|(exec\s*\(\s*@)]]></rule>
        <description>Detects MySQL stored procedure/function injections</description>
        <tags>
            <tag>sqli</tag>
            <tag>id</tag>
        </tags>
        <impact>5</impact>
    </filter>
    <filter>
        <rule><![CDATA[(?:SELECT\s*pg_sleep)|(?:WAITFOR\s*DELAY\s?"+\s?\d)|(?:;\s*SHUTDOWN\s*(?:--|#|\/\*|{))]]></rule>
        <description>Detects Postgres pg_sleep injection, waitfor delay attacks and database shutdown attempts</description>
        <tags>
            <tag>sqli</tag>
            <tag>id</tag>
        </tags>
        <impact>5</impact>
    </filter>
    <filter>
        <rule><![CDATA[(?:\WIIF\s*\()|(?:EXEC\s+master\.)|(?:UNION SELECT @)|(?:UNION\s*\w*\s*SELECT)|(?:SELECT.*\w?user\()|(?:INTO[\s+]+(?:DUMP|OUT)FILE\s*")]]></rule>
        <description>Detects MSSQL code execution and information gathering attempts</description>
        <tags>
            <tag>sqli</tag>
            <tag>id</tag>
        </tags>
        <impact>5</impact>
    </filter>
    <filter>
        <rule><![CDATA[(?:MERGE.*USING\s*\()|(EXECUTE\s*IMMEDIATE\s*")|(?:\W+\d\s+HAVING\s+\d)|(?:MATCH\s*[\w(),+-]+\s*AGAINST\s*\()]]></rule>
        <description>Detects MATCH AGAINST, MERGE, EXECUTE IMMEDIATE and HAVING injections</description>
        <tags>
            <tag>sqli</tag>
            <tag>id</tag>
        </tags>
        <impact>5</impact>
    </filter>
    <filter>
        <rule><![CDATA[(?:SELECT\s*\*\s*FROM)|((?:SELECT|CREATE|RENAME|TRUNCATE|LOAD|ALTER|DELETE|UPDATE|INSERT|DESC)\s*\(\s*SPACE\s*\()]]></rule>
        <description>Detects MySQL comment-/space-obfuscated injections</description>
        <tags>
            <tag>sqli</tag>
            <tag>id</tag>
        </tags>
        <impact>5</impact>
    </filter>   
    <filter>
        <rule><![CDATA[(?:@[\w-]+\s*\()|(?:]\s*\(\s*["!]\s*\w)|(?:<[?%](?:php)?.*(?:[?%]>)?)|(?:;[\s\w|]*\$\w+\s*=)|(?:\$\w+\s*=(?:(?:\s*\$?\w+\s*[(;])|\s*".*"))|(?:;\s*\{\W*\w+\s*\()]]></rule>
        <description>Detects code injection attempts 1/3</description>
        <tags>
            <tag>id</tag>
            <tag>rfe</tag>
            <tag>lfi</tag>
        </tags>
        <impact>7</impact>
    </filter>   
    <filter>
        <rule><![CDATA[(?:(?:[;]+|(<[?%](?:php)?)).*(?:define|eval|file_get_contents|include|require|require_once|set|shell_exec|phpinfo|system|passthru|preg_\w+|execute)\s*["(@])]]></rule>
        <description>Detects code injection attempts 2/3</description>
        <tags>
            <tag>id</tag>
            <tag>rfe</tag>
            <tag>lfi</tag>
        </tags>
        <impact>7</impact>
    </filter>
    <filter>
        <rule><![CDATA[(?:(?:[;]+|(<[?%](?:php)?)).*[^\w](?:echo|print|print_r|var_dump|fopen|popen))|(?:;\s*rm\s+-\w+\s+)|(?:;.*{.*\$\w+\s*=)|(?:\$\w+\s*\[\]\s*=\s*)]]></rule>
        <description>Detects code injection attempts 3/3</description>
        <tags>
            <tag>id</tag>
            <tag>rfe</tag>
            <tag>lfi</tag>
        </tags>
        <impact>7</impact>
    </filter>
    <filter>
        <rule><![CDATA[(?:\w+]?(?<!HREF|SRC|LONGDESC|ReturnURL)=(?:http|ftp|https):)]]></rule>
        <description>Detects url injections and RFE attempts</description>
        <tags>
            <tag>id</tag>
            <tag>rfe</tag>
            <tag>lfi</tag>
        </tags>
        <impact>5</impact>
    </filter>   
    <filter>
        <rule><![CDATA[(?:function[^(]*\([^)]*\))|(?:(?:delete|void|throw|.*in\s+|instanceof|new|typeof)\s*\w+\s*[([])|([)\]]\s*\.\s*\w+\s*=)]]></rule>
        <description>Detects common function declarations and special JS operators</description>
        <tags>
            <tag>id</tag>
            <tag>rfe</tag>
            <tag>lfi</tag>
        </tags>
        <impact>5</impact>
    </filter>  
    <filter>
        <rule><![CDATA[(?:[\w.-]+@[\w.-]+%(?:[01]\w)+\w+:)]]></rule>
        <description>Detects common mail header injections</description>
        <tags>
            <tag>id</tag>
            <tag>spam</tag>
        </tags>
        <impact>5</impact>
    </filter>
    <filter>
        <rule><![CDATA[(?:\.pl\?\w+=\w?\|\w+;)|(?:\|\(\w+=\*)|(?:\*\s*\)+\s*;)]]></rule>
        <description>Detects perl echo shellcode injection and LDAP vectors</description>
        <tags>
            <tag>fli</tag>
            <tag>rfe</tag>
        </tags>
        <impact>5</impact>
    </filter>
    <filter>
        <rule><![CDATA[(?:groups=\d+\(\w+\))|(?:\w{256,}|\W{256,}|\s{256,}|\/.+\shttp\/\d.\d\s?\\+\w\\+\w|(?::..){4,}|\W\d+\/\d{20,})]]></rule>
        <description>Detects basic DoS attempts and Apache scoreboard shared memory attacks</description>
        <tags>
            <tag>rfe</tag>
            <tag>dos</tag>
        </tags>
        <impact>5</impact>
    </filter>
    <filter>
        <rule><![CDATA[(?:info:\/)|(?:\w+\["@\w+)|(?:(?:view-source|about):\w+)]]></rule>
        <description>Detects konqueror UXSS attacks, Gecko 1.9 threading directives and view-source attacks</description>
        <tags>
            <tag>rfe</tag>
            <tag>dos</tag>
        </tags>
        <impact>5</impact>
    </filter>
    <filter>
        <rule><![CDATA[(?:\({2,}\+{2,}:{2,})|(?:\({2,}\+{2,}:+)|(?:\({3,}\++:{2,})|(?:\$\[!!!\])]]></rule>
        <description>Detects unknown attack vectors based on PHPIDS Centrifuge detection</description>
        <tags>
            <tag>xss</tag>
            <tag>csrf</tag>
            <tag>id</tag>
            <tag>rfe</tag>
            <tag>lfi</tag>
        </tags>
        <impact>7</impact>
    </filter>
     <filter>
        <rule><![CDATA[(((ht|f)tps*:\/\/)*)((([a-z0-9-]+(\.[a-z0-9-]+)*(\.[a-z]{2,3}))|(([0-9]{1,3}\.){3}([0-9]{1,3})))((\/|\?)[a-z0-9~#%&'_\+=:\?\.-]*)*)$]]></rule>
        <description>ngebuka url lain..</description>
        <tags>
            <tag>remote</tag>
            <tag>id</tag>
            <tag>lfi</tag>
        </tags>
        <impact>5</impact>
    </filter>
</filters>